sample_id,split,label,crack_pixels,pothole_pixels,lane_pixels,image_path
994080_RS_386_386RS191729_07165,train,Crack,6324,0,356144,d:/current project/SIH PPts/roadsense_webapp/roadsense_webapp/Cracks-and-Potholes-in-Road-Images-Dataset-master/Cracks-and-Potholes-in-Road-Images-Dataset-master/Dataset/994080_RS_386_386RS191729_07165/994080_RS_386_386RS191729_07165_RAW.jpg
1061100_DF_251_251BDF0525_00653,train,Pothole,0,591,380211,d:/current project/SIH PPts/roadsense_webapp/roadsense_webapp/Cracks-and-Potholes-in-Road-Images-Dataset-master/Cracks-and-Potholes-in-Road-Images-Dataset-master/Dataset/1061100_DF_251_251BDF0525_00653/1061100_DF_251_251BDF0525_00653_RAW.jpg
941950_RS_290_290RS070691_02655,train,Pothole,0,5186,374872,d:/current project/SIH PPts/roadsense_webapp/roadsense_webapp/Cracks-and-Potholes-in-Road-Images-Dataset-master/Cracks-and-Potholes-in-Road-Images-Dataset-master/Dataset/941950_RS_290_290RS070691_02655/941950_RS_290_290RS070691_02655_RAW.jpg
1093966_DF_251_251BDF0052_02690,val,Pothole,828,1195,378820,d:/current project/SIH PPts/roadsense_webapp/roadsense_webapp/Cracks-and-Potholes-in-Road-Images-Dataset-master/Cracks-and-Potholes-in-Road-Images-Dataset-master/Dataset/1093966_DF_251_251BDF0052_02690/1093966_DF_251_251BDF0052_02690_RAW.jpg
918237_RS_290_290RS294095_24635,train,Crack,3975,0,359955,d:/current project/SIH PPts/roadsense_webapp/roadsense_webapp/Cracks-and-Potholes-in-Road-Images-Dataset-master/Cracks-and-Potholes-in-Road-Images-Dataset-master/Dataset/918237_RS_290_290RS294095_24635/918237_RS_290_290RS294095_24635_RAW.jpg
1014766_RS_386_386RS124739_30755,val,Normal,1422,0,377032,d:/current project/SIH PPts/roadsense_webapp/roadsense_webapp/Cracks-and-Potholes-in-Road-Images-Dataset-master/Cracks-and-Potholes-in-Road-Images-Dataset-master/Dataset/1014766_RS_386_386RS124739_30755/1014766_RS_386_386RS124739_30755_RAW.jpg
1091762_DF_251_251BDF0490_00872,train,Crack,1828,0,355003,d:/current project/SIH PPts/roadsense_webapp/roadsense_webapp/Cracks-and-Potholes-in-Road-Images-Dataset-master/Cracks-and-Potholes-in-Road-Images-Dataset-master/Dataset/1091762_DF_251_251BDF0490_00872/1091762_DF_251_251BDF0490_00872_RAW.jpg
1014727_RS_386_386RS124739_30560,train,Crack,23281,0,369052,d:/current project/SIH PPts/roadsense_webapp/roadsense_webapp/Cracks-and-Potholes-in-Road-Images-Dataset-master/Cracks-and-Potholes-in-Road-Images-Dataset-master/Dataset/1014727_RS_386_386RS124739_30560/1014727_RS_386_386RS124739_30560_RAW.jpg
1091172_DF_070_070BDF0050_07513,val,Crack,11613,0,364740,d:/current project/SIH PPts/roadsense_webapp/roadsense_webapp/Cracks-and-Potholes-in-Road-Images-Dataset-master/Cracks-and-Potholes-in-Road-Images-Dataset-master/Dataset/1091172_DF_070_070BDF0050_07513/1091172_DF_070_070BDF0050_07513_RAW.jpg
1014677_RS_386_386RS124739_30310,train,Crack,26881,0,380923,d:/current project/SIH PPts/roadsense_webapp/roadsense_webapp/Cracks-and-Potholes-in-Road-Images-Dataset-master/Cracks-and-Potholes-in-Road-Images-Dataset-master/Dataset/1014677_RS_386_386RS124739_30310/1014677_RS_386_386RS124739_30310_RAW.jpg
918995_RS_290_290RS294095_28425,train,Crack,3038,0,354642,d:/current project/SIH PPts/roadsense_webapp/roadsense_webapp/Cracks-and-Potholes-in-Road-Images-Dataset-master/Cracks-and-Potholes-in-Road-Images-Dataset-master/Dataset/918995_RS_290_290RS294095_28425/918995_RS_290_290RS294095_28425_RAW.jpg
1091982_DF_251_251BDF0490_01287,train,Normal,1192,0,351994,d:/current project/SIH PPts/roadsense_webapp/roadsense_webapp/Cracks-and-Potholes-in-Road-Images-Dataset-master/Cracks-and-Potholes-in-Road-Images-Dataset-master/Dataset/1091982_DF_251_251BDF0490_01287/1091982_DF_251_251BDF0490_01287_RAW.jpg
1091866_DF_251_251BDF0490_01069,train,Normal,178,0,354540,d:/current project/SIH PPts/roadsense_webapp/roadsense_webapp/Cracks-and-Potholes-in-Road-Images-Dataset-master/Cracks-and-Potholes-in-Road-Images-Dataset-master/Dataset/1091866_DF_251_251BDF0490_01069/1091866_DF_251_251BDF0490_01069_RAW.jpg
1092805_DF_251_251BDF0052_00600,val,Crack,13308,0,343349,d:/current project/SIH PPts/roadsense_webapp/roadsense_webapp/Cracks-and-Potholes-in-Road-Images-Dataset-master/Cracks-and-Potholes-in-Road-Images-Dataset-master/Dataset/1092805_DF_251_251BDF0052_00600/1092805_DF_251_251BDF0052_00600_RAW.jpg
1025779_RS_386_386RS169832_08635,train,Crack,3316,0,390032,d:/current project/SIH PPts/roadsense_webapp/roadsense_webapp/Cracks-and-Potholes-in-Road-Images-Dataset-master/Cracks-and-Potholes-in-Road-Images-Dataset-master/Dataset/1025779_RS_386_386RS169832_08635/1025779_RS_386_386RS169832_08635_RAW.jpg
1091694_DF_251_251BDF0490_00742,val,Crack,4734,0,354521,d:/current project/SIH PPts/roadsense_webapp/roadsense_webapp/Cracks-and-Potholes-in-Road-Images-Dataset-master/Cracks-and-Potholes-in-Road-Images-Dataset-master/Dataset/1091694_DF_251_251BDF0490_00742/1091694_DF_251_251BDF0490_00742_RAW.jpg
1081661_DF_080_080BDF0070_00610,train,Crack,20441,0,320770,d:/current project/SIH PPts/roadsense_webapp/roadsense_webapp/Cracks-and-Potholes-in-Road-Images-Dataset-master/Cracks-and-Potholes-in-Road-Images-Dataset-master/Dataset/1081661_DF_080_080BDF0070_00610/1081661_DF_080_080BDF0070_00610_RAW.jpg
1014722_RS_386_386RS124739_30536,train,Pothole,0,10544,371884,d:/current project/SIH PPts/roadsense_webapp/roadsense_webapp/Cracks-and-Potholes-in-Road-Images-Dataset-master/Cracks-and-Potholes-in-Road-Images-Dataset-master/Dataset/1014722_RS_386_386RS124739_30536/1014722_RS_386_386RS124739_30536_RAW.jpg
941557_RS_290_290RS070691_00690,train,Pothole,0,23908,357074,d:/current project/SIH PPts/roadsense_webapp/roadsense_webapp/Cracks-and-Potholes-in-Road-Images-Dataset-master/Cracks-and-Potholes-in-Road-Images-Dataset-master/Dataset/941557_RS_290_290RS070691_00690/941557_RS_290_290RS070691_00690_RAW.jpg
919716_RS_290_290RS294095_32030,train,Crack,6562,0,371442,d:/current project/SIH PPts/roadsense_webapp/roadsense_webapp/Cracks-and-Potholes-in-Road-Images-Dataset-master/Cracks-and-Potholes-in-Road-Images-Dataset-master/Dataset/919716_RS_290_290RS294095_32030/919716_RS_290_290RS294095_32030_RAW.jpg
1076757_DF_251_251BDF0530_04111,train,Crack,3291,0,340342,d:/current project/SIH PPts/roadsense_webapp/roadsense_webapp/Cracks-and-Potholes-in-Road-Images-Dataset-master/Cracks-and-Potholes-in-Road-Images-Dataset-master/Dataset/1076757_DF_251_251BDF0530_04111/1076757_DF_251_251BDF0530_04111_RAW.jpg
1093005_DF_251_251BDF0052_00953,train,Crack,6341,0,353134,d:/current project/SIH PPts/roadsense_webapp/roadsense_webapp/Cracks-and-Potholes-in-Road-Images-Dataset-master/Cracks-and-Potholes-in-Road-Images-Dataset-master/Dataset/1093005_DF_251_251BDF0052_00953/1093005_DF_251_251BDF0052_00953_RAW.jpg
1092848_DF_251_251BDF0052_00676,train,Crack,10803,0,368949,d:/current project/SIH PPts/roadsense_webapp/roadsense_webapp/Cracks-and-Potholes-in-Road-Images-Dataset-master/Cracks-and-Potholes-in-Road-Images-Dataset-master/Dataset/1092848_DF_251_251BDF0052_00676/1092848_DF_251_251BDF0052_00676_RAW.jpg
1014797_RS_386_386RS124739_30910,val,Pothole,0,259,383569,d:/current project/SIH PPts/roadsense_webapp/roadsense_webapp/Cracks-and-Potholes-in-Road-Images-Dataset-master/Cracks-and-Potholes-in-Road-Images-Dataset-master/Dataset/1014797_RS_386_386RS124739_30910/1014797_RS_386_386RS124739_30910_RAW.jpg
1014611_RS_386_386RS124739_29980,val,Crack,2048,0,380309,d:/current project/SIH PPts/roadsense_webapp/roadsense_webapp/Cracks-and-Potholes-in-Road-Images-Dataset-master/Cracks-and-Potholes-in-Road-Images-Dataset-master/Dataset/1014611_RS_386_386RS124739_29980/1014611_RS_386_386RS124739_29980_RAW.jpg
1052123_DF_020_020BDF0070_02442,train,Normal,1428,0,366258,d:/current project/SIH PPts/roadsense_webapp/roadsense_webapp/Cracks-and-Potholes-in-Road-Images-Dataset-master/Cracks-and-Potholes-in-Road-Images-Dataset-master/Dataset/1052123_DF_020_020BDF0070_02442/1052123_DF_020_020BDF0070_02442_RAW.jpg
1014798_RS_386_386RS124739_30915,train,Pothole,1944,429,378102,d:/current project/SIH PPts/roadsense_webapp/roadsense_webapp/Cracks-and-Potholes-in-Road-Images-Dataset-master/Cracks-and-Potholes-in-Road-Images-Dataset-master/Dataset/1014798_RS_386_386RS124739_30915/1014798_RS_386_386RS124739_30915_RAW.jpg
917821_RS_290_290RS294095_22555,val,Crack,4875,0,381170,d:/current project/SIH PPts/roadsense_webapp/roadsense_webapp/Cracks-and-Potholes-in-Road-Images-Dataset-master/Cracks-and-Potholes-in-Road-Images-Dataset-master/Dataset/917821_RS_290_290RS294095_22555/917821_RS_290_290RS294095_22555_RAW.jpg
916874_RS_290_290RS294095_17821,train,Pothole,1148,6544,366732,d:/current project/SIH PPts/roadsense_webapp/roadsense_webapp/Cracks-and-Potholes-in-Road-Images-Dataset-master/Cracks-and-Potholes-in-Road-Images-Dataset-master/Dataset/916874_RS_290_290RS294095_17821/916874_RS_290_290RS294095_17821_RAW.jpg
1082224_DF_080_080BDF0070_01737,train,Crack,37048,0,384005,d:/current project/SIH PPts/roadsense_webapp/roadsense_webapp/Cracks-and-Potholes-in-Road-Images-Dataset-master/Cracks-and-Potholes-in-Road-Images-Dataset-master/Dataset/1082224_DF_080_080BDF0070_01737/1082224_DF_080_080BDF0070_01737_RAW.jpg
1081591_DF_080_080BDF0070_00482,train,Pothole,3420,4135,336537,d:/current project/SIH PPts/roadsense_webapp/roadsense_webapp/Cracks-and-Potholes-in-Road-Images-Dataset-master/Cracks-and-Potholes-in-Road-Images-Dataset-master/Dataset/1081591_DF_080_080BDF0070_00482/1081591_DF_080_080BDF0070_00482_RAW.jpg
1014908_RS_386_386RS124739_31465,train,Crack,8785,0,378501,d:/current project/SIH PPts/roadsense_webapp/roadsense_webapp/Cracks-and-Potholes-in-Road-Images-Dataset-master/Cracks-and-Potholes-in-Road-Images-Dataset-master/Dataset/1014908_RS_386_386RS124739_31465/1014908_RS_386_386RS124739_31465_RAW.jpg
917564_RS_290_290RS294095_21270,val,Normal,1341,0,345229,d:/current project/SIH PPts/roadsense_webapp/roadsense_webapp/Cracks-and-Potholes-in-Road-Images-Dataset-master/Cracks-and-Potholes-in-Road-Images-Dataset-master/Dataset/917564_RS_290_290RS294095_21270/917564_RS_290_290RS294095_21270_RAW.jpg
1050564_DF_080_080BDF0050_1_00368,train,Pothole,2551,9262,385959,d:/current project/SIH PPts/roadsense_webapp/roadsense_webapp/Cracks-and-Potholes-in-Road-Images-Dataset-master/Cracks-and-Potholes-in-Road-Images-Dataset-master/Dataset/1050564_DF_080_080BDF0050_1_00368/1050564_DF_080_080BDF0050_1_00368_RAW.jpg
1092900_DF_251_251BDF0052_00768,train,Crack,18852,0,363493,d:/current project/SIH PPts/roadsense_webapp/roadsense_webapp/Cracks-and-Potholes-in-Road-Images-Dataset-master/Cracks-and-Potholes-in-Road-Images-Dataset-master/Dataset/1092900_DF_251_251BDF0052_00768/1092900_DF_251_251BDF0052_00768_RAW.jpg
1092551_DF_251_251BDF0052_00162,train,Crack,5762,0,360209,d:/current project/SIH PPts/roadsense_webapp/roadsense_webapp/Cracks-and-Potholes-in-Road-Images-Dataset-master/Cracks-and-Potholes-in-Road-Images-Dataset-master/Dataset/1092551_DF_251_251BDF0052_00162/1092551_DF_251_251BDF0052_00162_RAW.jpg
1092061_DF_251_251BDF0490_01433,val,Crack,3910,0,371202,d:/current project/SIH PPts/roadsense_webapp/roadsense_webapp/Cracks-and-Potholes-in-Road-Images-Dataset-master/Cracks-and-Potholes-in-Road-Images-Dataset-master/Dataset/1092061_DF_251_251BDF0490_01433/1092061_DF_251_251BDF0490_01433_RAW.jpg
917471_RS_290_290RS294095_20805,train,Crack,5322,0,351050,d:/current project/SIH PPts/roadsense_webapp/roadsense_webapp/Cracks-and-Potholes-in-Road-Images-Dataset-master/Cracks-and-Potholes-in-Road-Images-Dataset-master/Dataset/917471_RS_290_290RS294095_20805/917471_RS_290_290RS294095_20805_RAW.jpg
917455_RS_290_290RS294095_20725,train,Normal,1253,0,346429,d:/current project/SIH PPts/roadsense_webapp/roadsense_webapp/Cracks-and-Potholes-in-Road-Images-Dataset-master/Cracks-and-Potholes-in-Road-Images-Dataset-master/Dataset/917455_RS_290_290RS294095_20725/917455_RS_290_290RS294095_20725_RAW.jpg
919776_RS_290_290RS294095_32330,train,Crack,12910,0,372867,d:/current project/SIH PPts/roadsense_webapp/roadsense_webapp/Cracks-and-Potholes-in-Road-Images-Dataset-master/Cracks-and-Potholes-in-Road-Images-Dataset-master/Dataset/919776_RS_290_290RS294095_32330/919776_RS_290_290RS294095_32330_RAW.jpg
1093102_DF_251_251BDF0052_01123,train,Crack,13791,0,343603,d:/current project/SIH PPts/roadsense_webapp/roadsense_webapp/Cracks-and-Potholes-in-Road-Images-Dataset-master/Cracks-and-Potholes-in-Road-Images-Dataset-master/Dataset/1093102_DF_251_251BDF0052_01123/1093102_DF_251_251BDF0052_01123_RAW.jpg
1025907_RS_386_386RS169832_09276,train,Crack,2629,0,393483,d:/current project/SIH PPts/roadsense_webapp/roadsense_webapp/Cracks-and-Potholes-in-Road-Images-Dataset-master/Cracks-and-Potholes-in-Road-Images-Dataset-master/Dataset/1025907_RS_386_386RS169832_09276/1025907_RS_386_386RS169832_09276_RAW.jpg
941594_RS_290_290RS070691_00875,train,Pothole,0,63136,373778,d:/current project/SIH PPts/roadsense_webapp/roadsense_webapp/Cracks-and-Potholes-in-Road-Images-Dataset-master/Cracks-and-Potholes-in-Road-Images-Dataset-master/Dataset/941594_RS_290_290RS070691_00875/941594_RS_290_290RS070691_00875_RAW.jpg
1092824_DF_251_251BDF0052_00634,train,Crack,7134,0,338412,d:/current project/SIH PPts/roadsense_webapp/roadsense_webapp/Cracks-and-Potholes-in-Road-Images-Dataset-master/Cracks-and-Potholes-in-Road-Images-Dataset-master/Dataset/1092824_DF_251_251BDF0052_00634/1092824_DF_251_251BDF0052_00634_RAW.jpg
1092317_DF_251_251BDF0490_01901,train,Pothole,4819,441,357042,d:/current project/SIH PPts/roadsense_webapp/roadsense_webapp/Cracks-and-Potholes-in-Road-Images-Dataset-master/Cracks-and-Potholes-in-Road-Images-Dataset-master/Dataset/1092317_DF_251_251BDF0490_01901/1092317_DF_251_251BDF0490_01901_RAW.jpg
883067_RS_290_290RS150131_16065,val,Pothole,0,36519,366123,d:/current project/SIH PPts/roadsense_webapp/roadsense_webapp/Cracks-and-Potholes-in-Road-Images-Dataset-master/Cracks-and-Potholes-in-Road-Images-Dataset-master/Dataset/883067_RS_290_290RS150131_16065/883067_RS_290_290RS150131_16065_RAW.jpg
1014866_RS_386_386RS124739_31255,train,Crack,16257,0,388944,d:/current project/SIH PPts/roadsense_webapp/roadsense_webapp/Cracks-and-Potholes-in-Road-Images-Dataset-master/Cracks-and-Potholes-in-Road-Images-Dataset-master/Dataset/1014866_RS_386_386RS124739_31255/1014866_RS_386_386RS124739_31255_RAW.jpg
1076438_DF_251_251BDF0530_03513,train,Crack,7022,0,343367,d:/current project/SIH PPts/roadsense_webapp/roadsense_webapp/Cracks-and-Potholes-in-Road-Images-Dataset-master/Cracks-and-Potholes-in-Road-Images-Dataset-master/Dataset/1076438_DF_251_251BDF0530_03513/1076438_DF_251_251BDF0530_03513_RAW.jpg
1092807_DF_251_251BDF0052_00604,train,Crack,14202,0,348246,d:/current project/SIH PPts/roadsense_webapp/roadsense_webapp/Cracks-and-Potholes-in-Road-Images-Dataset-master/Cracks-and-Potholes-in-Road-Images-Dataset-master/Dataset/1092807_DF_251_251BDF0052_00604/1092807_DF_251_251BDF0052_00604_RAW.jpg
1092946_DF_251_251BDF0052_00848,train,Normal,1447,0,350729,d:/current project/SIH PPts/roadsense_webapp/roadsense_webapp/Cracks-and-Potholes-in-Road-Images-Dataset-master/Cracks-and-Potholes-in-Road-Images-Dataset-master/Dataset/1092946_DF_251_251BDF0052_00848/1092946_DF_251_251BDF0052_00848_RAW.jpg
1083771_DF_080_080BDF0090_00328,train,Crack,5158,0,350211,d:/current project/SIH PPts/roadsense_webapp/roadsense_webapp/Cracks-and-Potholes-in-Road-Images-Dataset-master/Cracks-and-Potholes-in-Road-Images-Dataset-master/Dataset/1083771_DF_080_080BDF0090_00328/1083771_DF_080_080BDF0090_00328_RAW.jpg
1096019_DF_070_070BDF0010_01956,train,Pothole,8161,13130,391216,d:/current project/SIH PPts/roadsense_webapp/roadsense_webapp/Cracks-and-Potholes-in-Road-Images-Dataset-master/Cracks-and-Potholes-in-Road-Images-Dataset-master/Dataset/1096019_DF_070_070BDF0010_01956/1096019_DF_070_070BDF0010_01956_RAW.jpg
1054927_DF_020_020BDF0070_08001,train,Normal,1183,0,389689,d:/current project/SIH PPts/roadsense_webapp/roadsense_webapp/Cracks-and-Potholes-in-Road-Images-Dataset-master/Cracks-and-Potholes-in-Road-Images-Dataset-master/Dataset/1054927_DF_020_020BDF0070_08001/1054927_DF_020_020BDF0070_08001_RAW.jpg
919264_RS_290_290RS294095_29770,train,Pothole,4778,2477,341816,d:/current project/SIH PPts/roadsense_webapp/roadsense_webapp/Cracks-and-Potholes-in-Road-Images-Dataset-master/Cracks-and-Potholes-in-Road-Images-Dataset-master/Dataset/919264_RS_290_290RS294095_29770/919264_RS_290_290RS294095_29770_RAW.jpg
1092903_DF_251_251BDF0052_00773,train,Crack,11574,0,358074,d:/current project/SIH PPts/roadsense_webapp/roadsense_webapp/Cracks-and-Potholes-in-Road-Images-Dataset-master/Cracks-and-Potholes-in-Road-Images-Dataset-master/Dataset/1092903_DF_251_251BDF0052_00773/1092903_DF_251_251BDF0052_00773_RAW.jpg
883081_RS_290_290RS150131_16135,train,Pothole,0,114298,345663,d:/current project/SIH PPts/roadsense_webapp/roadsense_webapp/Cracks-and-Potholes-in-Road-Images-Dataset-master/Cracks-and-Potholes-in-Road-Images-Dataset-master/Dataset/883081_RS_290_290RS150131_16135/883081_RS_290_290RS150131_16135_RAW.jpg
1025813_RS_386_386RS169832_08805,train,Normal,1473,0,392720,d:/current project/SIH PPts/roadsense_webapp/roadsense_webapp/Cracks-and-Potholes-in-Road-Images-Dataset-master/Cracks-and-Potholes-in-Road-Images-Dataset-master/Dataset/1025813_RS_386_386RS169832_08805/1025813_RS_386_386RS169832_08805_RAW.jpg
1092841_DF_251_251BDF0052_00663,train,Crack,13884,0,366250,d:/current project/SIH PPts/roadsense_webapp/roadsense_webapp/Cracks-and-Potholes-in-Road-Images-Dataset-master/Cracks-and-Potholes-in-Road-Images-Dataset-master/Dataset/1092841_DF_251_251BDF0052_00663/1092841_DF_251_251BDF0052_00663_RAW.jpg
1014875_RS_386_386RS124739_31300,train,Crack,6539,0,378236,d:/current project/SIH PPts/roadsense_webapp/roadsense_webapp/Cracks-and-Potholes-in-Road-Images-Dataset-master/Cracks-and-Potholes-in-Road-Images-Dataset-master/Dataset/1014875_RS_386_386RS124739_31300/1014875_RS_386_386RS124739_31300_RAW.jpg
917448_RS_290_290RS294095_20691,train,Crack,10653,0,348979,d:/current project/SIH PPts/roadsense_webapp/roadsense_webapp/Cracks-and-Potholes-in-Road-Images-Dataset-master/Cracks-and-Potholes-in-Road-Images-Dataset-master/Dataset/917448_RS_290_290RS294095_20691/917448_RS_290_290RS294095_20691_RAW.jpg
1053836_DF_020_020BDF0070_05986,train,Pothole,0,427,379462,d:/current project/SIH PPts/roadsense_webapp/roadsense_webapp/Cracks-and-Potholes-in-Road-Images-Dataset-master/Cracks-and-Potholes-in-Road-Images-Dataset-master/Dataset/1053836_DF_020_020BDF0070_05986/1053836_DF_020_020BDF0070_05986_RAW.jpg
1092079_DF_251_251BDF0490_01465,train,Crack,12916,0,366906,d:/current project/SIH PPts/roadsense_webapp/roadsense_webapp/Cracks-and-Potholes-in-Road-Images-Dataset-master/Cracks-and-Potholes-in-Road-Images-Dataset-master/Dataset/1092079_DF_251_251BDF0490_01465/1092079_DF_251_251BDF0490_01465_RAW.jpg
1092081_DF_251_251BDF0490_01468,train,Normal,1039,0,360213,d:/current project/SIH PPts/roadsense_webapp/roadsense_webapp/Cracks-and-Potholes-in-Road-Images-Dataset-master/Cracks-and-Potholes-in-Road-Images-Dataset-master/Dataset/1092081_DF_251_251BDF0490_01468/1092081_DF_251_251BDF0490_01468_RAW.jpg
918959_RS_290_290RS294095_28245,train,Crack,1908,0,368372,d:/current project/SIH PPts/roadsense_webapp/roadsense_webapp/Cracks-and-Potholes-in-Road-Images-Dataset-master/Cracks-and-Potholes-in-Road-Images-Dataset-master/Dataset/918959_RS_290_290RS294095_28245/918959_RS_290_290RS294095_28245_RAW.jpg
1055550_DF_020_020BDF0070_09162,train,Crack,2659,0,369109,d:/current project/SIH PPts/roadsense_webapp/roadsense_webapp/Cracks-and-Potholes-in-Road-Images-Dataset-master/Cracks-and-Potholes-in-Road-Images-Dataset-master/Dataset/1055550_DF_020_020BDF0070_09162/1055550_DF_020_020BDF0070_09162_RAW.jpg
1092814_DF_251_251BDF0052_00616,train,Crack,8824,0,347342,d:/current project/SIH PPts/roadsense_webapp/roadsense_webapp/Cracks-and-Potholes-in-Road-Images-Dataset-master/Cracks-and-Potholes-in-Road-Images-Dataset-master/Dataset/1092814_DF_251_251BDF0052_00616/1092814_DF_251_251BDF0052_00616_RAW.jpg
1092869_DF_251_251BDF0052_00713,train,Crack,6596,0,358024,d:/current project/SIH PPts/roadsense_webapp/roadsense_webapp/Cracks-and-Potholes-in-Road-Images-Dataset-master/Cracks-and-Potholes-in-Road-Images-Dataset-master/Dataset/1092869_DF_251_251BDF0052_00713/1092869_DF_251_251BDF0052_00713_RAW.jpg
941883_RS_290_290RS070691_02320,train,Pothole,0,4644,352565,d:/current project/SIH PPts/roadsense_webapp/roadsense_webapp/Cracks-and-Potholes-in-Road-Images-Dataset-master/Cracks-and-Potholes-in-Road-Images-Dataset-master/Dataset/941883_RS_290_290RS070691_02320/941883_RS_290_290RS070691_02320_RAW.jpg
765543_ES_259_259ES000000_01815,train,Crack,3733,0,395938,d:/current project/SIH PPts/roadsense_webapp/roadsense_webapp/Cracks-and-Potholes-in-Road-Images-Dataset-master/Cracks-and-Potholes-in-Road-Images-Dataset-master/Dataset/765543_ES_259_259ES000000_01815/765543_ES_259_259ES000000_01815_RAW.jpg
1093098_DF_251_251BDF0052_01116,train,Crack,41671,0,359687,d:/current project/SIH PPts/roadsense_webapp/roadsense_webapp/Cracks-and-Potholes-in-Road-Images-Dataset-master/Cracks-and-Potholes-in-Road-Images-Dataset-master/Dataset/1093098_DF_251_251BDF0052_01116/1093098_DF_251_251BDF0052_01116_RAW.jpg
1092798_DF_251_251BDF0052_00588,train,Crack,7455,0,337080,d:/current project/SIH PPts/roadsense_webapp/roadsense_webapp/Cracks-and-Potholes-in-Road-Images-Dataset-master/Cracks-and-Potholes-in-Road-Images-Dataset-master/Dataset/1092798_DF_251_251BDF0052_00588/1092798_DF_251_251BDF0052_00588_RAW.jpg
1092070_DF_251_251BDF0490_01449,train,Crack,3932,0,364541,d:/current project/SIH PPts/roadsense_webapp/roadsense_webapp/Cracks-and-Potholes-in-Road-Images-Dataset-master/Cracks-and-Potholes-in-Road-Images-Dataset-master/Dataset/1092070_DF_251_251BDF0490_01449/1092070_DF_251_251BDF0490_01449_RAW.jpg
916117_RS_290_290RS294095_14035,train,Crack,3150,0,348807,d:/current project/SIH PPts/roadsense_webapp/roadsense_webapp/Cracks-and-Potholes-in-Road-Images-Dataset-master/Cracks-and-Potholes-in-Road-Images-Dataset-master/Dataset/916117_RS_290_290RS294095_14035/916117_RS_290_290RS294095_14035_RAW.jpg
919138_RS_290_290RS294095_29140,train,Crack,1563,0,365684,d:/current project/SIH PPts/roadsense_webapp/roadsense_webapp/Cracks-and-Potholes-in-Road-Images-Dataset-master/Cracks-and-Potholes-in-Road-Images-Dataset-master/Dataset/919138_RS_290_290RS294095_29140/919138_RS_290_290RS294095_29140_RAW.jpg
917191_RS_290_290RS294095_19405,train,Crack,2559,0,362426,d:/current project/SIH PPts/roadsense_webapp/roadsense_webapp/Cracks-and-Potholes-in-Road-Images-Dataset-master/Cracks-and-Potholes-in-Road-Images-Dataset-master/Dataset/917191_RS_290_290RS294095_19405/917191_RS_290_290RS294095_19405_RAW.jpg
1081804_DF_080_080BDF0070_00875,train,Crack,7475,0,299666,d:/current project/SIH PPts/roadsense_webapp/roadsense_webapp/Cracks-and-Potholes-in-Road-Images-Dataset-master/Cracks-and-Potholes-in-Road-Images-Dataset-master/Dataset/1081804_DF_080_080BDF0070_00875/1081804_DF_080_080BDF0070_00875_RAW.jpg
1077210_DF_251_251BDF0530_04958,train,Crack,2246,0,327103,d:/current project/SIH PPts/roadsense_webapp/roadsense_webapp/Cracks-and-Potholes-in-Road-Images-Dataset-master/Cracks-and-Potholes-in-Road-Images-Dataset-master/Dataset/1077210_DF_251_251BDF0530_04958/1077210_DF_251_251BDF0530_04958_RAW.jpg
917119_RS_290_290RS294095_19045,train,Crack,1618,0,358242,d:/current project/SIH PPts/roadsense_webapp/roadsense_webapp/Cracks-and-Potholes-in-Road-Images-Dataset-master/Cracks-and-Potholes-in-Road-Images-Dataset-master/Dataset/917119_RS_290_290RS294095_19045/917119_RS_290_290RS294095_19045_RAW.jpg
1025816_RS_386_386RS169832_08821,train,Pothole,0,472,401355,d:/current project/SIH PPts/roadsense_webapp/roadsense_webapp/Cracks-and-Potholes-in-Road-Images-Dataset-master/Cracks-and-Potholes-in-Road-Images-Dataset-master/Dataset/1025816_RS_386_386RS169832_08821/1025816_RS_386_386RS169832_08821_RAW.jpg
1095878_DF_070_070BDF0010_01692,train,Crack,10798,0,387103,d:/current project/SIH PPts/roadsense_webapp/roadsense_webapp/Cracks-and-Potholes-in-Road-Images-Dataset-master/Cracks-and-Potholes-in-Road-Images-Dataset-master/Dataset/1095878_DF_070_070BDF0010_01692/1095878_DF_070_070BDF0010_01692_RAW.jpg
917258_RS_290_290RS294095_19740,val,Crack,7850,0,364488,d:/current project/SIH PPts/roadsense_webapp/roadsense_webapp/Cracks-and-Potholes-in-Road-Images-Dataset-master/Cracks-and-Potholes-in-Road-Images-Dataset-master/Dataset/917258_RS_290_290RS294095_19740/917258_RS_290_290RS294095_19740_RAW.jpg
919242_RS_290_290RS294095_29660,train,Crack,8291,0,347841,d:/current project/SIH PPts/roadsense_webapp/roadsense_webapp/Cracks-and-Potholes-in-Road-Images-Dataset-master/Cracks-and-Potholes-in-Road-Images-Dataset-master/Dataset/919242_RS_290_290RS294095_29660/919242_RS_290_290RS294095_29660_RAW.jpg
1093341_DF_251_251BDF0052_01602,train,Crack,7193,0,342079,d:/current project/SIH PPts/roadsense_webapp/roadsense_webapp/Cracks-and-Potholes-in-Road-Images-Dataset-master/Cracks-and-Potholes-in-Road-Images-Dataset-master/Dataset/1093341_DF_251_251BDF0052_01602/1093341_DF_251_251BDF0052_01602_RAW.jpg
941570_RS_290_290RS070691_00755,train,Pothole,0,7334,351132,d:/current project/SIH PPts/roadsense_webapp/roadsense_webapp/Cracks-and-Potholes-in-Road-Images-Dataset-master/Cracks-and-Potholes-in-Road-Images-Dataset-master/Dataset/941570_RS_290_290RS070691_00755/941570_RS_290_290RS070691_00755_RAW.jpg
916025_RS_290_290RS294095_13575,train,Crack,2279,0,365023,d:/current project/SIH PPts/roadsense_webapp/roadsense_webapp/Cracks-and-Potholes-in-Road-Images-Dataset-master/Cracks-and-Potholes-in-Road-Images-Dataset-master/Dataset/916025_RS_290_290RS294095_13575/916025_RS_290_290RS294095_13575_RAW.jpg
1091804_DF_251_251BDF0490_00951,train,Crack,14515,0,356248,d:/current project/SIH PPts/roadsense_webapp/roadsense_webapp/Cracks-and-Potholes-in-Road-Images-Dataset-master/Cracks-and-Potholes-in-Road-Images-Dataset-master/Dataset/1091804_DF_251_251BDF0490_00951/1091804_DF_251_251BDF0490_00951_RAW.jpg
994129_RS_386_386RS191729_07410,train,Crack,6386,0,363275,d:/current project/SIH PPts/roadsense_webapp/roadsense_webapp/Cracks-and-Potholes-in-Road-Images-Dataset-master/Cracks-and-Potholes-in-Road-Images-Dataset-master/Dataset/994129_RS_386_386RS191729_07410/994129_RS_386_386RS191729_07410_RAW.jpg
941899_RS_290_290RS070691_02401,train,Pothole,0,15981,353247,d:/current project/SIH PPts/roadsense_webapp/roadsense_webapp/Cracks-and-Potholes-in-Road-Images-Dataset-master/Cracks-and-Potholes-in-Road-Images-Dataset-master/Dataset/941899_RS_290_290RS070691_02401/941899_RS_290_290RS070691_02401_RAW.jpg
1092828_DF_251_251BDF0052_00641,train,Crack,20049,0,332110,d:/current project/SIH PPts/roadsense_webapp/roadsense_webapp/Cracks-and-Potholes-in-Road-Images-Dataset-master/Cracks-and-Potholes-in-Road-Images-Dataset-master/Dataset/1092828_DF_251_251BDF0052_00641/1092828_DF_251_251BDF0052_00641_RAW.jpg
1047005_DF_060_060BDF0030_02725,train,Pothole,285,2789,353797,d:/current project/SIH PPts/roadsense_webapp/roadsense_webapp/Cracks-and-Potholes-in-Road-Images-Dataset-master/Cracks-and-Potholes-in-Road-Images-Dataset-master/Dataset/1047005_DF_060_060BDF0030_02725/1047005_DF_060_060BDF0030_02725_RAW.jpg
1091831_DF_251_251BDF0490_01002,train,Crack,4439,0,354051,d:/current project/SIH PPts/roadsense_webapp/roadsense_webapp/Cracks-and-Potholes-in-Road-Images-Dataset-master/Cracks-and-Potholes-in-Road-Images-Dataset-master/Dataset/1091831_DF_251_251BDF0490_01002/1091831_DF_251_251BDF0490_01002_RAW.jpg
1084546_DF_080_080BDF0090_01855,train,Pothole,0,3735,316709,d:/current project/SIH PPts/roadsense_webapp/roadsense_webapp/Cracks-and-Potholes-in-Road-Images-Dataset-master/Cracks-and-Potholes-in-Road-Images-Dataset-master/Dataset/1084546_DF_080_080BDF0090_01855/1084546_DF_080_080BDF0090_01855_RAW.jpg
1083758_DF_080_080BDF0090_00303,train,Crack,5663,0,342364,d:/current project/SIH PPts/roadsense_webapp/roadsense_webapp/Cracks-and-Potholes-in-Road-Images-Dataset-master/Cracks-and-Potholes-in-Road-Images-Dataset-master/Dataset/1083758_DF_080_080BDF0090_00303/1083758_DF_080_080BDF0090_00303_RAW.jpg
1090285_DF_070_070BDF0050_05833,train,Crack,2596,0,366113,d:/current project/SIH PPts/roadsense_webapp/roadsense_webapp/Cracks-and-Potholes-in-Road-Images-Dataset-master/Cracks-and-Potholes-in-Road-Images-Dataset-master/Dataset/1090285_DF_070_070BDF0050_05833/1090285_DF_070_070BDF0050_05833_RAW.jpg
1076638_DF_251_251BDF0530_03892,train,Crack,5870,0,346969,d:/current project/SIH PPts/roadsense_webapp/roadsense_webapp/Cracks-and-Potholes-in-Road-Images-Dataset-master/Cracks-and-Potholes-in-Road-Images-Dataset-master/Dataset/1076638_DF_251_251BDF0530_03892/1076638_DF_251_251BDF0530_03892_RAW.jpg
994584_RS_386_386RS191729_09685,train,Crack,16671,0,356897,d:/current project/SIH PPts/roadsense_webapp/roadsense_webapp/Cracks-and-Potholes-in-Road-Images-Dataset-master/Cracks-and-Potholes-in-Road-Images-Dataset-master/Dataset/994584_RS_386_386RS191729_09685/994584_RS_386_386RS191729_09685_RAW.jpg
1085408_DF_080_080BDF0090_03560,train,Crack,9926,0,362271,d:/current project/SIH PPts/roadsense_webapp/roadsense_webapp/Cracks-and-Potholes-in-Road-Images-Dataset-master/Cracks-and-Potholes-in-Road-Images-Dataset-master/Dataset/1085408_DF_080_080BDF0090_03560/1085408_DF_080_080BDF0090_03560_RAW.jpg
917245_RS_290_290RS294095_19675,train,Crack,3864,0,366175,d:/current project/SIH PPts/roadsense_webapp/roadsense_webapp/Cracks-and-Potholes-in-Road-Images-Dataset-master/Cracks-and-Potholes-in-Road-Images-Dataset-master/Dataset/917245_RS_290_290RS294095_19675/917245_RS_290_290RS294095_19675_RAW.jpg
1091702_DF_251_251BDF0490_00758,train,Crack,6517,0,352341,d:/current project/SIH PPts/roadsense_webapp/roadsense_webapp/Cracks-and-Potholes-in-Road-Images-Dataset-master/Cracks-and-Potholes-in-Road-Images-Dataset-master/Dataset/1091702_DF_251_251BDF0490_00758/1091702_DF_251_251BDF0490_00758_RAW.jpg
1089713_DF_070_070BDF0050_04713,train,Normal,765,0,371966,d:/current project/SIH PPts/roadsense_webapp/roadsense_webapp/Cracks-and-Potholes-in-Road-Images-Dataset-master/Cracks-and-Potholes-in-Road-Images-Dataset-master/Dataset/1089713_DF_070_070BDF0050_04713/1089713_DF_070_070BDF0050_04713_RAW.jpg
1014636_RS_386_386RS124739_30105,train,Crack,12820,0,393332,d:/current project/SIH PPts/roadsense_webapp/roadsense_webapp/Cracks-and-Potholes-in-Road-Images-Dataset-master/Cracks-and-Potholes-in-Road-Images-Dataset-master/Dataset/1014636_RS_386_386RS124739_30105/1014636_RS_386_386RS124739_30105_RAW.jpg
1091724_DF_251_251BDF0490_00799,train,Crack,3173,0,347915,d:/current project/SIH PPts/roadsense_webapp/roadsense_webapp/Cracks-and-Potholes-in-Road-Images-Dataset-master/Cracks-and-Potholes-in-Road-Images-Dataset-master/Dataset/1091724_DF_251_251BDF0490_00799/1091724_DF_251_251BDF0490_00799_RAW.jpg
1014751_RS_386_386RS124739_30680,val,Crack,6082,0,380465,d:/current project/SIH PPts/roadsense_webapp/roadsense_webapp/Cracks-and-Potholes-in-Road-Images-Dataset-master/Cracks-and-Potholes-in-Road-Images-Dataset-master/Dataset/1014751_RS_386_386RS124739_30680/1014751_RS_386_386RS124739_30680_RAW.jpg
917567_RS_290_290RS294095_21285,train,Crack,9973,0,346023,d:/current project/SIH PPts/roadsense_webapp/roadsense_webapp/Cracks-and-Potholes-in-Road-Images-Dataset-master/Cracks-and-Potholes-in-Road-Images-Dataset-master/Dataset/917567_RS_290_290RS294095_21285/917567_RS_290_290RS294095_21285_RAW.jpg
1084119_DF_080_080BDF0090_01009,train,Crack,5770,0,337988,d:/current project/SIH PPts/roadsense_webapp/roadsense_webapp/Cracks-and-Potholes-in-Road-Images-Dataset-master/Cracks-and-Potholes-in-Road-Images-Dataset-master/Dataset/1084119_DF_080_080BDF0090_01009/1084119_DF_080_080BDF0090_01009_RAW.jpg
1077206_DF_251_251BDF0530_04950,val,Normal,1230,0,337269,d:/current project/SIH PPts/roadsense_webapp/roadsense_webapp/Cracks-and-Potholes-in-Road-Images-Dataset-master/Cracks-and-Potholes-in-Road-Images-Dataset-master/Dataset/1077206_DF_251_251BDF0530_04950/1077206_DF_251_251BDF0530_04950_RAW.jpg
919073_RS_290_290RS294095_28815,val,Crack,3426,0,348508,d:/current project/SIH PPts/roadsense_webapp/roadsense_webapp/Cracks-and-Potholes-in-Road-Images-Dataset-master/Cracks-and-Potholes-in-Road-Images-Dataset-master/Dataset/919073_RS_290_290RS294095_28815/919073_RS_290_290RS294095_28815_RAW.jpg
1050931_DF_080_080BDF0050_00553,train,Crack,9372,0,404787,d:/current project/SIH PPts/roadsense_webapp/roadsense_webapp/Cracks-and-Potholes-in-Road-Images-Dataset-master/Cracks-and-Potholes-in-Road-Images-Dataset-master/Dataset/1050931_DF_080_080BDF0050_00553/1050931_DF_080_080BDF0050_00553_RAW.jpg
917044_RS_290_290RS294095_18670,train,Pothole,0,1159,344583,d:/current project/SIH PPts/roadsense_webapp/roadsense_webapp/Cracks-and-Potholes-in-Road-Images-Dataset-master/Cracks-and-Potholes-in-Road-Images-Dataset-master/Dataset/917044_RS_290_290RS294095_18670/917044_RS_290_290RS294095_18670_RAW.jpg
1068350_DF_010_010BDF0018_04909,val,Pothole,263,2001,367177,d:/current project/SIH PPts/roadsense_webapp/roadsense_webapp/Cracks-and-Potholes-in-Road-Images-Dataset-master/Cracks-and-Potholes-in-Road-Images-Dataset-master/Dataset/1068350_DF_010_010BDF0018_04909/1068350_DF_010_010BDF0018_04909_RAW.jpg
919806_RS_290_290RS294095_32481,train,Crack,9005,0,344391,d:/current project/SIH PPts/roadsense_webapp/roadsense_webapp/Cracks-and-Potholes-in-Road-Images-Dataset-master/Cracks-and-Potholes-in-Road-Images-Dataset-master/Dataset/919806_RS_290_290RS294095_32481/919806_RS_290_290RS294095_32481_RAW.jpg
1084399_DF_080_080BDF0090_01595,train,Crack,11106,0,317474,d:/current project/SIH PPts/roadsense_webapp/roadsense_webapp/Cracks-and-Potholes-in-Road-Images-Dataset-master/Cracks-and-Potholes-in-Road-Images-Dataset-master/Dataset/1084399_DF_080_080BDF0090_01595/1084399_DF_080_080BDF0090_01595_RAW.jpg
1075576_DF_251_251BDF0530_01924,train,Crack,2669,0,334661,d:/current project/SIH PPts/roadsense_webapp/roadsense_webapp/Cracks-and-Potholes-in-Road-Images-Dataset-master/Cracks-and-Potholes-in-Road-Images-Dataset-master/Dataset/1075576_DF_251_251BDF0530_01924/1075576_DF_251_251BDF0530_01924_RAW.jpg
1092542_DF_251_251BDF0052_00145,val,Crack,7080,0,371791,d:/current project/SIH PPts/roadsense_webapp/roadsense_webapp/Cracks-and-Potholes-in-Road-Images-Dataset-master/Cracks-and-Potholes-in-Road-Images-Dataset-master/Dataset/1092542_DF_251_251BDF0052_00145/1092542_DF_251_251BDF0052_00145_RAW.jpg
915962_RS_290_290RS294095_13260,train,Crack,2598,0,359867,d:/current project/SIH PPts/roadsense_webapp/roadsense_webapp/Cracks-and-Potholes-in-Road-Images-Dataset-master/Cracks-and-Potholes-in-Road-Images-Dataset-master/Dataset/915962_RS_290_290RS294095_13260/915962_RS_290_290RS294095_13260_RAW.jpg
1051764_DF_020_020BDF0070_01672,train,Pothole,5798,533,387011,d:/current project/SIH PPts/roadsense_webapp/roadsense_webapp/Cracks-and-Potholes-in-Road-Images-Dataset-master/Cracks-and-Potholes-in-Road-Images-Dataset-master/Dataset/1051764_DF_020_020BDF0070_01672/1051764_DF_020_020BDF0070_01672_RAW.jpg
1091716_DF_251_251BDF0490_00784,train,Crack,5668,0,347462,d:/current project/SIH PPts/roadsense_webapp/roadsense_webapp/Cracks-and-Potholes-in-Road-Images-Dataset-master/Cracks-and-Potholes-in-Road-Images-Dataset-master/Dataset/1091716_DF_251_251BDF0490_00784/1091716_DF_251_251BDF0490_00784_RAW.jpg
994075_RS_386_386RS191729_07140,train,Crack,12443,0,366169,d:/current project/SIH PPts/roadsense_webapp/roadsense_webapp/Cracks-and-Potholes-in-Road-Images-Dataset-master/Cracks-and-Potholes-in-Road-Images-Dataset-master/Dataset/994075_RS_386_386RS191729_07140/994075_RS_386_386RS191729_07140_RAW.jpg
1055762_DF_020_020BDF0070_09552,train,Normal,96,0,365495,d:/current project/SIH PPts/roadsense_webapp/roadsense_webapp/Cracks-and-Potholes-in-Road-Images-Dataset-master/Cracks-and-Potholes-in-Road-Images-Dataset-master/Dataset/1055762_DF_020_020BDF0070_09552/1055762_DF_020_020BDF0070_09552_RAW.jpg
1091721_DF_251_251BDF0490_00794,val,Crack,3410,0,344047,d:/current project/SIH PPts/roadsense_webapp/roadsense_webapp/Cracks-and-Potholes-in-Road-Images-Dataset-master/Cracks-and-Potholes-in-Road-Images-Dataset-master/Dataset/1091721_DF_251_251BDF0490_00794/1091721_DF_251_251BDF0490_00794_RAW.jpg
917572_RS_290_290RS294095_21310,train,Normal,1301,0,344052,d:/current project/SIH PPts/roadsense_webapp/roadsense_webapp/Cracks-and-Potholes-in-Road-Images-Dataset-master/Cracks-and-Potholes-in-Road-Images-Dataset-master/Dataset/917572_RS_290_290RS294095_21310/917572_RS_290_290RS294095_21310_RAW.jpg
1014670_RS_386_386RS124739_30275,train,Crack,6728,0,382565,d:/current project/SIH PPts/roadsense_webapp/roadsense_webapp/Cracks-and-Potholes-in-Road-Images-Dataset-master/Cracks-and-Potholes-in-Road-Images-Dataset-master/Dataset/1014670_RS_386_386RS124739_30275/1014670_RS_386_386RS124739_30275_RAW.jpg
1092867_DF_251_251BDF0052_00710,train,Crack,6876,0,365468,d:/current project/SIH PPts/roadsense_webapp/roadsense_webapp/Cracks-and-Potholes-in-Road-Images-Dataset-master/Cracks-and-Potholes-in-Road-Images-Dataset-master/Dataset/1092867_DF_251_251BDF0052_00710/1092867_DF_251_251BDF0052_00710_RAW.jpg
1014871_RS_386_386RS124739_31280,train,Crack,7861,0,380563,d:/current project/SIH PPts/roadsense_webapp/roadsense_webapp/Cracks-and-Potholes-in-Road-Images-Dataset-master/Cracks-and-Potholes-in-Road-Images-Dataset-master/Dataset/1014871_RS_386_386RS124739_31280/1014871_RS_386_386RS124739_31280_RAW.jpg
1092335_DF_251_251BDF0490_01934,train,Pothole,23109,1743,357606,d:/current project/SIH PPts/roadsense_webapp/roadsense_webapp/Cracks-and-Potholes-in-Road-Images-Dataset-master/Cracks-and-Potholes-in-Road-Images-Dataset-master/Dataset/1092335_DF_251_251BDF0490_01934/1092335_DF_251_251BDF0490_01934_RAW.jpg
1092480_DF_251_251BDF0052_00025,train,Crack,37629,0,440870,d:/current project/SIH PPts/roadsense_webapp/roadsense_webapp/Cracks-and-Potholes-in-Road-Images-Dataset-master/Cracks-and-Potholes-in-Road-Images-Dataset-master/Dataset/1092480_DF_251_251BDF0052_00025/1092480_DF_251_251BDF0052_00025_RAW.jpg
1053849_DF_020_020BDF0070_06009,train,Pothole,0,1077,382665,d:/current project/SIH PPts/roadsense_webapp/roadsense_webapp/Cracks-and-Potholes-in-Road-Images-Dataset-master/Cracks-and-Potholes-in-Road-Images-Dataset-master/Dataset/1053849_DF_020_020BDF0070_06009/1053849_DF_020_020BDF0070_06009_RAW.jpg
918219_RS_290_290RS294095_24545,train,Crack,1856,0,361217,d:/current project/SIH PPts/roadsense_webapp/roadsense_webapp/Cracks-and-Potholes-in-Road-Images-Dataset-master/Cracks-and-Potholes-in-Road-Images-Dataset-master/Dataset/918219_RS_290_290RS294095_24545/918219_RS_290_290RS294095_24545_RAW.jpg
918922_RS_290_290RS294095_28060,train,Crack,2016,0,342431,d:/current project/SIH PPts/roadsense_webapp/roadsense_webapp/Cracks-and-Potholes-in-Road-Images-Dataset-master/Cracks-and-Potholes-in-Road-Images-Dataset-master/Dataset/918922_RS_290_290RS294095_28060/918922_RS_290_290RS294095_28060_RAW.jpg
1080089_DF_010_010BDF0030_1_03336,train,Pothole,337,7209,368906,d:/current project/SIH PPts/roadsense_webapp/roadsense_webapp/Cracks-and-Potholes-in-Road-Images-Dataset-master/Cracks-and-Potholes-in-Road-Images-Dataset-master/Dataset/1080089_DF_010_010BDF0030_1_03336/1080089_DF_010_010BDF0030_1_03336_RAW.jpg
1085370_DF_080_080BDF0090_03489,train,Crack,7618,0,347506,d:/current project/SIH PPts/roadsense_webapp/roadsense_webapp/Cracks-and-Potholes-in-Road-Images-Dataset-master/Cracks-and-Potholes-in-Road-Images-Dataset-master/Dataset/1085370_DF_080_080BDF0090_03489/1085370_DF_080_080BDF0090_03489_RAW.jpg
1081538_DF_080_080BDF0070_00388,train,Normal,1266,0,342871,d:/current project/SIH PPts/roadsense_webapp/roadsense_webapp/Cracks-and-Potholes-in-Road-Images-Dataset-master/Cracks-and-Potholes-in-Road-Images-Dataset-master/Dataset/1081538_DF_080_080BDF0070_00388/1081538_DF_080_080BDF0070_00388_RAW.jpg
1082220_DF_080_080BDF0070_01727,train,Crack,1689,0,378815,d:/current project/SIH PPts/roadsense_webapp/roadsense_webapp/Cracks-and-Potholes-in-Road-Images-Dataset-master/Cracks-and-Potholes-in-Road-Images-Dataset-master/Dataset/1082220_DF_080_080BDF0070_01727/1082220_DF_080_080BDF0070_01727_RAW.jpg
941512_RS_290_290RS070691_00465,val,Pothole,0,1173,350365,d:/current project/SIH PPts/roadsense_webapp/roadsense_webapp/Cracks-and-Potholes-in-Road-Images-Dataset-master/Cracks-and-Potholes-in-Road-Images-Dataset-master/Dataset/941512_RS_290_290RS070691_00465/941512_RS_290_290RS070691_00465_RAW.jpg
1014873_RS_386_386RS124739_31290,train,Crack,3779,0,378956,d:/current project/SIH PPts/roadsense_webapp/roadsense_webapp/Cracks-and-Potholes-in-Road-Images-Dataset-master/Cracks-and-Potholes-in-Road-Images-Dataset-master/Dataset/1014873_RS_386_386RS124739_31290/1014873_RS_386_386RS124739_31290_RAW.jpg
916162_RS_290_290RS294095_14260,train,Normal,1165,0,351580,d:/current project/SIH PPts/roadsense_webapp/roadsense_webapp/Cracks-and-Potholes-in-Road-Images-Dataset-master/Cracks-and-Potholes-in-Road-Images-Dataset-master/Dataset/916162_RS_290_290RS294095_14260/916162_RS_290_290RS294095_14260_RAW.jpg
919203_RS_290_290RS294095_29465,val,Crack,5037,0,364610,d:/current project/SIH PPts/roadsense_webapp/roadsense_webapp/Cracks-and-Potholes-in-Road-Images-Dataset-master/Cracks-and-Potholes-in-Road-Images-Dataset-master/Dataset/919203_RS_290_290RS294095_29465/919203_RS_290_290RS294095_29465_RAW.jpg
994527_RS_386_386RS191729_09400,val,Pothole,6438,18402,363285,d:/current project/SIH PPts/roadsense_webapp/roadsense_webapp/Cracks-and-Potholes-in-Road-Images-Dataset-master/Cracks-and-Potholes-in-Road-Images-Dataset-master/Dataset/994527_RS_386_386RS191729_09400/994527_RS_386_386RS191729_09400_RAW.jpg
1025741_RS_386_386RS169832_08445,train,Pothole,2130,915,371162,d:/current project/SIH PPts/roadsense_webapp/roadsense_webapp/Cracks-and-Potholes-in-Road-Images-Dataset-master/Cracks-and-Potholes-in-Road-Images-Dataset-master/Dataset/1025741_RS_386_386RS169832_08445/1025741_RS_386_386RS169832_08445_RAW.jpg
1091171_DF_070_070BDF0050_07512,train,Crack,6364,0,366743,d:/current project/SIH PPts/roadsense_webapp/roadsense_webapp/Cracks-and-Potholes-in-Road-Images-Dataset-master/Cracks-and-Potholes-in-Road-Images-Dataset-master/Dataset/1091171_DF_070_070BDF0050_07512/1091171_DF_070_070BDF0050_07512_RAW.jpg
917440_RS_290_290RS294095_20650,val,Crack,14677,0,355957,d:/current project/SIH PPts/roadsense_webapp/roadsense_webapp/Cracks-and-Potholes-in-Road-Images-Dataset-master/Cracks-and-Potholes-in-Road-Images-Dataset-master/Dataset/917440_RS_290_290RS294095_20650/917440_RS_290_290RS294095_20650_RAW.jpg
917104_RS_290_290RS294095_18970,train,Crack,5687,0,355672,d:/current project/SIH PPts/roadsense_webapp/roadsense_webapp/Cracks-and-Potholes-in-Road-Images-Dataset-master/Cracks-and-Potholes-in-Road-Images-Dataset-master/Dataset/917104_RS_290_290RS294095_18970/917104_RS_290_290RS294095_18970_RAW.jpg
917225_RS_290_290RS294095_19575,train,Crack,8687,0,363227,d:/current project/SIH PPts/roadsense_webapp/roadsense_webapp/Cracks-and-Potholes-in-Road-Images-Dataset-master/Cracks-and-Potholes-in-Road-Images-Dataset-master/Dataset/917225_RS_290_290RS294095_19575/917225_RS_290_290RS294095_19575_RAW.jpg
941897_RS_290_290RS070691_02390,val,Pothole,0,14320,355007,d:/current project/SIH PPts/roadsense_webapp/roadsense_webapp/Cracks-and-Potholes-in-Road-Images-Dataset-master/Cracks-and-Potholes-in-Road-Images-Dataset-master/Dataset/941897_RS_290_290RS070691_02390/941897_RS_290_290RS070691_02390_RAW.jpg
1093337_DF_251_251BDF0052_01595,train,Normal,683,0,333755,d:/current project/SIH PPts/roadsense_webapp/roadsense_webapp/Cracks-and-Potholes-in-Road-Images-Dataset-master/Cracks-and-Potholes-in-Road-Images-Dataset-master/Dataset/1093337_DF_251_251BDF0052_01595/1093337_DF_251_251BDF0052_01595_RAW.jpg
1093936_DF_251_251BDF0052_02637,train,Normal,729,0,355742,d:/current project/SIH PPts/roadsense_webapp/roadsense_webapp/Cracks-and-Potholes-in-Road-Images-Dataset-master/Cracks-and-Potholes-in-Road-Images-Dataset-master/Dataset/1093936_DF_251_251BDF0052_02637/1093936_DF_251_251BDF0052_02637_RAW.jpg
774899_ES_259_259ES000000_48595,train,Normal,1103,0,407774,d:/current project/SIH PPts/roadsense_webapp/roadsense_webapp/Cracks-and-Potholes-in-Road-Images-Dataset-master/Cracks-and-Potholes-in-Road-Images-Dataset-master/Dataset/774899_ES_259_259ES000000_48595/774899_ES_259_259ES000000_48595_RAW.jpg
918355_RS_290_290RS294095_25225,train,Crack,2594,0,347752,d:/current project/SIH PPts/roadsense_webapp/roadsense_webapp/Cracks-and-Potholes-in-Road-Images-Dataset-master/Cracks-and-Potholes-in-Road-Images-Dataset-master/Dataset/918355_RS_290_290RS294095_25225/918355_RS_290_290RS294095_25225_RAW.jpg
1092966_DF_251_251BDF0052_00885,train,Crack,4758,0,352219,d:/current project/SIH PPts/roadsense_webapp/roadsense_webapp/Cracks-and-Potholes-in-Road-Images-Dataset-master/Cracks-and-Potholes-in-Road-Images-Dataset-master/Dataset/1092966_DF_251_251BDF0052_00885/1092966_DF_251_251BDF0052_00885_RAW.jpg
1092831_DF_251_251BDF0052_00646,val,Pothole,2999,996,344764,d:/current project/SIH PPts/roadsense_webapp/roadsense_webapp/Cracks-and-Potholes-in-Road-Images-Dataset-master/Cracks-and-Potholes-in-Road-Images-Dataset-master/Dataset/1092831_DF_251_251BDF0052_00646/1092831_DF_251_251BDF0052_00646_RAW.jpg
1014679_RS_386_386RS124739_30321,train,Crack,14485,0,387127,d:/current project/SIH PPts/roadsense_webapp/roadsense_webapp/Cracks-and-Potholes-in-Road-Images-Dataset-master/Cracks-and-Potholes-in-Road-Images-Dataset-master/Dataset/1014679_RS_386_386RS124739_30321/1014679_RS_386_386RS124739_30321_RAW.jpg
941595_RS_290_290RS070691_00880,train,Pothole,0,36605,363853,d:/current project/SIH PPts/roadsense_webapp/roadsense_webapp/Cracks-and-Potholes-in-Road-Images-Dataset-master/Cracks-and-Potholes-in-Road-Images-Dataset-master/Dataset/941595_RS_290_290RS070691_00880/941595_RS_290_290RS070691_00880_RAW.jpg
1077141_DF_251_251BDF0530_04829,train,Normal,853,0,357082,d:/current project/SIH PPts/roadsense_webapp/roadsense_webapp/Cracks-and-Potholes-in-Road-Images-Dataset-master/Cracks-and-Potholes-in-Road-Images-Dataset-master/Dataset/1077141_DF_251_251BDF0530_04829/1077141_DF_251_251BDF0530_04829_RAW.jpg
1068044_DF_010_010BDF0018_04237,train,Pothole,0,328,378674,d:/current project/SIH PPts/roadsense_webapp/roadsense_webapp/Cracks-and-Potholes-in-Road-Images-Dataset-master/Cracks-and-Potholes-in-Road-Images-Dataset-master/Dataset/1068044_DF_010_010BDF0018_04237/1068044_DF_010_010BDF0018_04237_RAW.jpg
1063402_DF_080_080BDF0032_01673,val,Normal,1233,0,356750,d:/current project/SIH PPts/roadsense_webapp/roadsense_webapp/Cracks-and-Potholes-in-Road-Images-Dataset-master/Cracks-and-Potholes-in-Road-Images-Dataset-master/Dataset/1063402_DF_080_080BDF0032_01673/1063402_DF_080_080BDF0032_01673_RAW.jpg
1025818_RS_386_386RS169832_08831,train,Pothole,6937,316,416161,d:/current project/SIH PPts/roadsense_webapp/roadsense_webapp/Cracks-and-Potholes-in-Road-Images-Dataset-master/Cracks-and-Potholes-in-Road-Images-Dataset-master/Dataset/1025818_RS_386_386RS169832_08831/1025818_RS_386_386RS169832_08831_RAW.jpg
1014730_RS_386_386RS124739_30575,val,Pothole,0,11588,371587,d:/current project/SIH PPts/roadsense_webapp/roadsense_webapp/Cracks-and-Potholes-in-Road-Images-Dataset-master/Cracks-and-Potholes-in-Road-Images-Dataset-master/Dataset/1014730_RS_386_386RS124739_30575/1014730_RS_386_386RS124739_30575_RAW.jpg
916878_RS_290_290RS294095_17840,train,Pothole,0,31265,370524,d:/current project/SIH PPts/roadsense_webapp/roadsense_webapp/Cracks-and-Potholes-in-Road-Images-Dataset-master/Cracks-and-Potholes-in-Road-Images-Dataset-master/Dataset/916878_RS_290_290RS294095_17840/916878_RS_290_290RS294095_17840_RAW.jpg
1085369_DF_080_080BDF0090_03488,train,Crack,10854,0,339386,d:/current project/SIH PPts/roadsense_webapp/roadsense_webapp/Cracks-and-Potholes-in-Road-Images-Dataset-master/Cracks-and-Potholes-in-Road-Images-Dataset-master/Dataset/1085369_DF_080_080BDF0090_03488/1085369_DF_080_080BDF0090_03488_RAW.jpg
917086_RS_290_290RS294095_18880,train,Crack,2872,0,347654,d:/current project/SIH PPts/roadsense_webapp/roadsense_webapp/Cracks-and-Potholes-in-Road-Images-Dataset-master/Cracks-and-Potholes-in-Road-Images-Dataset-master/Dataset/917086_RS_290_290RS294095_18880/917086_RS_290_290RS294095_18880_RAW.jpg
1091934_DF_251_251BDF0490_01198,val,Crack,13450,0,362048,d:/current project/SIH PPts/roadsense_webapp/roadsense_webapp/Cracks-and-Potholes-in-Road-Images-Dataset-master/Cracks-and-Potholes-in-Road-Images-Dataset-master/Dataset/1091934_DF_251_251BDF0490_01198/1091934_DF_251_251BDF0490_01198_RAW.jpg
916437_RS_290_290RS294095_15635,train,Crack,3705,0,342369,d:/current project/SIH PPts/roadsense_webapp/roadsense_webapp/Cracks-and-Potholes-in-Road-Images-Dataset-master/Cracks-and-Potholes-in-Road-Images-Dataset-master/Dataset/916437_RS_290_290RS294095_15635/916437_RS_290_290RS294095_15635_RAW.jpg
918993_RS_290_290RS294095_28415,train,Crack,7915,0,345517,d:/current project/SIH PPts/roadsense_webapp/roadsense_webapp/Cracks-and-Potholes-in-Road-Images-Dataset-master/Cracks-and-Potholes-in-Road-Images-Dataset-master/Dataset/918993_RS_290_290RS294095_28415/918993_RS_290_290RS294095_28415_RAW.jpg
1053908_DF_020_020BDF0070_06109,train,Crack,7168,0,363019,d:/current project/SIH PPts/roadsense_webapp/roadsense_webapp/Cracks-and-Potholes-in-Road-Images-Dataset-master/Cracks-and-Potholes-in-Road-Images-Dataset-master/Dataset/1053908_DF_020_020BDF0070_06109/1053908_DF_020_020BDF0070_06109_RAW.jpg
1014671_RS_386_386RS124739_30280,train,Crack,5236,0,381181,d:/current project/SIH PPts/roadsense_webapp/roadsense_webapp/Cracks-and-Potholes-in-Road-Images-Dataset-master/Cracks-and-Potholes-in-Road-Images-Dataset-master/Dataset/1014671_RS_386_386RS124739_30280/1014671_RS_386_386RS124739_30280_RAW.jpg
1084307_DF_080_080BDF0090_01435,train,Crack,2453,0,342885,d:/current project/SIH PPts/roadsense_webapp/roadsense_webapp/Cracks-and-Potholes-in-Road-Images-Dataset-master/Cracks-and-Potholes-in-Road-Images-Dataset-master/Dataset/1084307_DF_080_080BDF0090_01435/1084307_DF_080_080BDF0090_01435_RAW.jpg
1091811_DF_251_251BDF0490_00963,val,Crack,7990,0,356626,d:/current project/SIH PPts/roadsense_webapp/roadsense_webapp/Cracks-and-Potholes-in-Road-Images-Dataset-master/Cracks-and-Potholes-in-Road-Images-Dataset-master/Dataset/1091811_DF_251_251BDF0490_00963/1091811_DF_251_251BDF0490_00963_RAW.jpg
1053963_DF_020_020BDF0070_06210,train,Pothole,0,3763,364617,d:/current project/SIH PPts/roadsense_webapp/roadsense_webapp/Cracks-and-Potholes-in-Road-Images-Dataset-master/Cracks-and-Potholes-in-Road-Images-Dataset-master/Dataset/1053963_DF_020_020BDF0070_06210/1053963_DF_020_020BDF0070_06210_RAW.jpg
1014701_RS_386_386RS124739_30430,train,Normal,577,0,385672,d:/current project/SIH PPts/roadsense_webapp/roadsense_webapp/Cracks-and-Potholes-in-Road-Images-Dataset-master/Cracks-and-Potholes-in-Road-Images-Dataset-master/Dataset/1014701_RS_386_386RS124739_30430/1014701_RS_386_386RS124739_30430_RAW.jpg
1026154_RS_386_386RS169832_10510,train,Normal,1467,0,381304,d:/current project/SIH PPts/roadsense_webapp/roadsense_webapp/Cracks-and-Potholes-in-Road-Images-Dataset-master/Cracks-and-Potholes-in-Road-Images-Dataset-master/Dataset/1026154_RS_386_386RS169832_10510/1026154_RS_386_386RS169832_10510_RAW.jpg
1094260_DF_251_251BDF0052_03239,train,Crack,8936,0,352345,d:/current project/SIH PPts/roadsense_webapp/roadsense_webapp/Cracks-and-Potholes-in-Road-Images-Dataset-master/Cracks-and-Potholes-in-Road-Images-Dataset-master/Dataset/1094260_DF_251_251BDF0052_03239/1094260_DF_251_251BDF0052_03239_RAW.jpg
1092988_DF_251_251BDF0052_00923,train,Crack,14997,0,362619,d:/current project/SIH PPts/roadsense_webapp/roadsense_webapp/Cracks-and-Potholes-in-Road-Images-Dataset-master/Cracks-and-Potholes-in-Road-Images-Dataset-master/Dataset/1092988_DF_251_251BDF0052_00923/1092988_DF_251_251BDF0052_00923_RAW.jpg
1091774_DF_251_251BDF0490_00893,train,Crack,3410,0,354727,d:/current project/SIH PPts/roadsense_webapp/roadsense_webapp/Cracks-and-Potholes-in-Road-Images-Dataset-master/Cracks-and-Potholes-in-Road-Images-Dataset-master/Dataset/1091774_DF_251_251BDF0490_00893/1091774_DF_251_251BDF0490_00893_RAW.jpg
916683_RS_290_290RS294095_16865,train,Pothole,6599,2999,345520,d:/current project/SIH PPts/roadsense_webapp/roadsense_webapp/Cracks-and-Potholes-in-Road-Images-Dataset-master/Cracks-and-Potholes-in-Road-Images-Dataset-master/Dataset/916683_RS_290_290RS294095_16865/916683_RS_290_290RS294095_16865_RAW.jpg
1091736_DF_251_251BDF0490_00822,train,Crack,4423,0,360022,d:/current project/SIH PPts/roadsense_webapp/roadsense_webapp/Cracks-and-Potholes-in-Road-Images-Dataset-master/Cracks-and-Potholes-in-Road-Images-Dataset-master/Dataset/1091736_DF_251_251BDF0490_00822/1091736_DF_251_251BDF0490_00822_RAW.jpg
765877_ES_259_259ES000000_03485,val,Crack,7863,0,408788,d:/current project/SIH PPts/roadsense_webapp/roadsense_webapp/Cracks-and-Potholes-in-Road-Images-Dataset-master/Cracks-and-Potholes-in-Road-Images-Dataset-master/Dataset/765877_ES_259_259ES000000_03485/765877_ES_259_259ES000000_03485_RAW.jpg
917197_RS_290_290RS294095_19435,train,Crack,8937,0,364313,d:/current project/SIH PPts/roadsense_webapp/roadsense_webapp/Cracks-and-Potholes-in-Road-Images-Dataset-master/Cracks-and-Potholes-in-Road-Images-Dataset-master/Dataset/917197_RS_290_290RS294095_19435/917197_RS_290_290RS294095_19435_RAW.jpg
1055777_DF_020_020BDF0070_09579,train,Normal,1409,0,367220,d:/current project/SIH PPts/roadsense_webapp/roadsense_webapp/Cracks-and-Potholes-in-Road-Images-Dataset-master/Cracks-and-Potholes-in-Road-Images-Dataset-master/Dataset/1055777_DF_020_020BDF0070_09579/1055777_DF_020_020BDF0070_09579_RAW.jpg
1025904_RS_386_386RS169832_09260,train,Crack,6780,0,392354,d:/current project/SIH PPts/roadsense_webapp/roadsense_webapp/Cracks-and-Potholes-in-Road-Images-Dataset-master/Cracks-and-Potholes-in-Road-Images-Dataset-master/Dataset/1025904_RS_386_386RS169832_09260/1025904_RS_386_386RS169832_09260_RAW.jpg
1092942_DF_251_251BDF0052_00841,train,Crack,5711,0,348826,d:/current project/SIH PPts/roadsense_webapp/roadsense_webapp/Cracks-and-Potholes-in-Road-Images-Dataset-master/Cracks-and-Potholes-in-Road-Images-Dataset-master/Dataset/1092942_DF_251_251BDF0052_00841/1092942_DF_251_251BDF0052_00841_RAW.jpg
941882_RS_290_290RS070691_02315,val,Pothole,0,2064,353509,d:/current project/SIH PPts/roadsense_webapp/roadsense_webapp/Cracks-and-Potholes-in-Road-Images-Dataset-master/Cracks-and-Potholes-in-Road-Images-Dataset-master/Dataset/941882_RS_290_290RS070691_02315/941882_RS_290_290RS070691_02315_RAW.jpg
1084276_DF_080_080BDF0090_01376,train,Crack,13791,0,309582,d:/current project/SIH PPts/roadsense_webapp/roadsense_webapp/Cracks-and-Potholes-in-Road-Images-Dataset-master/Cracks-and-Potholes-in-Road-Images-Dataset-master/Dataset/1084276_DF_080_080BDF0090_01376/1084276_DF_080_080BDF0090_01376_RAW.jpg
917217_RS_290_290RS294095_19535,val,Crack,12479,0,359309,d:/current project/SIH PPts/roadsense_webapp/roadsense_webapp/Cracks-and-Potholes-in-Road-Images-Dataset-master/Cracks-and-Potholes-in-Road-Images-Dataset-master/Dataset/917217_RS_290_290RS294095_19535/917217_RS_290_290RS294095_19535_RAW.jpg
1053813_DF_020_020BDF0070_05945,train,Pothole,0,225,367065,d:/current project/SIH PPts/roadsense_webapp/roadsense_webapp/Cracks-and-Potholes-in-Road-Images-Dataset-master/Cracks-and-Potholes-in-Road-Images-Dataset-master/Dataset/1053813_DF_020_020BDF0070_05945/1053813_DF_020_020BDF0070_05945_RAW.jpg
1055059_DF_020_020BDF0070_08245,train,Pothole,0,8826,371427,d:/current project/SIH PPts/roadsense_webapp/roadsense_webapp/Cracks-and-Potholes-in-Road-Images-Dataset-master/Cracks-and-Potholes-in-Road-Images-Dataset-master/Dataset/1055059_DF_020_020BDF0070_08245/1055059_DF_020_020BDF0070_08245_RAW.jpg
1014799_RS_386_386RS124739_30920,train,Pothole,7447,681,388825,d:/current project/SIH PPts/roadsense_webapp/roadsense_webapp/Cracks-and-Potholes-in-Road-Images-Dataset-master/Cracks-and-Potholes-in-Road-Images-Dataset-master/Dataset/1014799_RS_386_386RS124739_30920/1014799_RS_386_386RS124739_30920_RAW.jpg
919150_RS_290_290RS294095_29201,train,Crack,3885,0,365222,d:/current project/SIH PPts/roadsense_webapp/roadsense_webapp/Cracks-and-Potholes-in-Road-Images-Dataset-master/Cracks-and-Potholes-in-Road-Images-Dataset-master/Dataset/919150_RS_290_290RS294095_29201/919150_RS_290_290RS294095_29201_RAW.jpg
919558_RS_290_290RS294095_31240,train,Crack,1545,0,342332,d:/current project/SIH PPts/roadsense_webapp/roadsense_webapp/Cracks-and-Potholes-in-Road-Images-Dataset-master/Cracks-and-Potholes-in-Road-Images-Dataset-master/Dataset/919558_RS_290_290RS294095_31240/919558_RS_290_290RS294095_31240_RAW.jpg
917283_RS_290_290RS294095_19866,train,Crack,1720,0,365499,d:/current project/SIH PPts/roadsense_webapp/roadsense_webapp/Cracks-and-Potholes-in-Road-Images-Dataset-master/Cracks-and-Potholes-in-Road-Images-Dataset-master/Dataset/917283_RS_290_290RS294095_19866/917283_RS_290_290RS294095_19866_RAW.jpg
917203_RS_290_290RS294095_19465,train,Crack,35235,0,366362,d:/current project/SIH PPts/roadsense_webapp/roadsense_webapp/Cracks-and-Potholes-in-Road-Images-Dataset-master/Cracks-and-Potholes-in-Road-Images-Dataset-master/Dataset/917203_RS_290_290RS294095_19465/917203_RS_290_290RS294095_19465_RAW.jpg
1092825_DF_251_251BDF0052_00636,train,Crack,14691,0,337021,d:/current project/SIH PPts/roadsense_webapp/roadsense_webapp/Cracks-and-Potholes-in-Road-Images-Dataset-master/Cracks-and-Potholes-in-Road-Images-Dataset-master/Dataset/1092825_DF_251_251BDF0052_00636/1092825_DF_251_251BDF0052_00636_RAW.jpg
883277_RS_290_290RS150131_17115,train,Pothole,0,37463,344268,d:/current project/SIH PPts/roadsense_webapp/roadsense_webapp/Cracks-and-Potholes-in-Road-Images-Dataset-master/Cracks-and-Potholes-in-Road-Images-Dataset-master/Dataset/883277_RS_290_290RS150131_17115/883277_RS_290_290RS150131_17115_RAW.jpg
1075626_DF_251_251BDF0530_02011,train,Crack,5189,0,352872,d:/current project/SIH PPts/roadsense_webapp/roadsense_webapp/Cracks-and-Potholes-in-Road-Images-Dataset-master/Cracks-and-Potholes-in-Road-Images-Dataset-master/Dataset/1075626_DF_251_251BDF0530_02011/1075626_DF_251_251BDF0530_02011_RAW.jpg
917171_RS_290_290RS294095_19305,train,Crack,4019,0,365693,d:/current project/SIH PPts/roadsense_webapp/roadsense_webapp/Cracks-and-Potholes-in-Road-Images-Dataset-master/Cracks-and-Potholes-in-Road-Images-Dataset-master/Dataset/917171_RS_290_290RS294095_19305/917171_RS_290_290RS294095_19305_RAW.jpg
1091931_DF_251_251BDF0490_01193,train,Crack,1731,0,357778,d:/current project/SIH PPts/roadsense_webapp/roadsense_webapp/Cracks-and-Potholes-in-Road-Images-Dataset-master/Cracks-and-Potholes-in-Road-Images-Dataset-master/Dataset/1091931_DF_251_251BDF0490_01193/1091931_DF_251_251BDF0490_01193_RAW.jpg
916163_RS_290_290RS294095_14266,train,Normal,648,0,346594,d:/current project/SIH PPts/roadsense_webapp/roadsense_webapp/Cracks-and-Potholes-in-Road-Images-Dataset-master/Cracks-and-Potholes-in-Road-Images-Dataset-master/Dataset/916163_RS_290_290RS294095_14266/916163_RS_290_290RS294095_14266_RAW.jpg
1093018_DF_251_251BDF0052_00976,train,Crack,17282,0,369188,d:/current project/SIH PPts/roadsense_webapp/roadsense_webapp/Cracks-and-Potholes-in-Road-Images-Dataset-master/Cracks-and-Potholes-in-Road-Images-Dataset-master/Dataset/1093018_DF_251_251BDF0052_00976/1093018_DF_251_251BDF0052_00976_RAW.jpg
919265_RS_290_290RS294095_29776,train,Crack,6112,0,348687,d:/current project/SIH PPts/roadsense_webapp/roadsense_webapp/Cracks-and-Potholes-in-Road-Images-Dataset-master/Cracks-and-Potholes-in-Road-Images-Dataset-master/Dataset/919265_RS_290_290RS294095_29776/919265_RS_290_290RS294095_29776_RAW.jpg
1025801_RS_386_386RS169832_08745,train,Pothole,1646,1277,402349,d:/current project/SIH PPts/roadsense_webapp/roadsense_webapp/Cracks-and-Potholes-in-Road-Images-Dataset-master/Cracks-and-Potholes-in-Road-Images-Dataset-master/Dataset/1025801_RS_386_386RS169832_08745/1025801_RS_386_386RS169832_08745_RAW.jpg
1076074_DF_251_251BDF0530_02840,train,Crack,2456,0,354088,d:/current project/SIH PPts/roadsense_webapp/roadsense_webapp/Cracks-and-Potholes-in-Road-Images-Dataset-master/Cracks-and-Potholes-in-Road-Images-Dataset-master/Dataset/1076074_DF_251_251BDF0530_02840/1076074_DF_251_251BDF0530_02840_RAW.jpg
1094535_DF_251_251BDF0052_03747,train,Crack,2456,0,338509,d:/current project/SIH PPts/roadsense_webapp/roadsense_webapp/Cracks-and-Potholes-in-Road-Images-Dataset-master/Cracks-and-Potholes-in-Road-Images-Dataset-master/Dataset/1094535_DF_251_251BDF0052_03747/1094535_DF_251_251BDF0052_03747_RAW.jpg
1092939_DF_251_251BDF0052_00836,train,Pothole,11181,3938,356883,d:/current project/SIH PPts/roadsense_webapp/roadsense_webapp/Cracks-and-Potholes-in-Road-Images-Dataset-master/Cracks-and-Potholes-in-Road-Images-Dataset-master/Dataset/1092939_DF_251_251BDF0052_00836/1092939_DF_251_251BDF0052_00836_RAW.jpg
1091620_DF_251_251BDF0490_00603,train,Crack,10979,0,355353,d:/current project/SIH PPts/roadsense_webapp/roadsense_webapp/Cracks-and-Potholes-in-Road-Images-Dataset-master/Cracks-and-Potholes-in-Road-Images-Dataset-master/Dataset/1091620_DF_251_251BDF0490_00603/1091620_DF_251_251BDF0490_00603_RAW.jpg
1093000_DF_251_251BDF0052_00945,train,Crack,3118,0,366019,d:/current project/SIH PPts/roadsense_webapp/roadsense_webapp/Cracks-and-Potholes-in-Road-Images-Dataset-master/Cracks-and-Potholes-in-Road-Images-Dataset-master/Dataset/1093000_DF_251_251BDF0052_00945/1093000_DF_251_251BDF0052_00945_RAW.jpg
1093013_DF_251_251BDF0052_00968,train,Crack,5365,0,365421,d:/current project/SIH PPts/roadsense_webapp/roadsense_webapp/Cracks-and-Potholes-in-Road-Images-Dataset-master/Cracks-and-Potholes-in-Road-Images-Dataset-master/Dataset/1093013_DF_251_251BDF0052_00968/1093013_DF_251_251BDF0052_00968_RAW.jpg
916654_RS_290_290RS294095_16720,train,Crack,4398,0,348629,d:/current project/SIH PPts/roadsense_webapp/roadsense_webapp/Cracks-and-Potholes-in-Road-Images-Dataset-master/Cracks-and-Potholes-in-Road-Images-Dataset-master/Dataset/916654_RS_290_290RS294095_16720/916654_RS_290_290RS294095_16720_RAW.jpg
1092964_DF_251_251BDF0052_00881,train,Crack,10982,0,359485,d:/current project/SIH PPts/roadsense_webapp/roadsense_webapp/Cracks-and-Potholes-in-Road-Images-Dataset-master/Cracks-and-Potholes-in-Road-Images-Dataset-master/Dataset/1092964_DF_251_251BDF0052_00881/1092964_DF_251_251BDF0052_00881_RAW.jpg
916656_RS_290_290RS294095_16730,train,Crack,4717,0,349744,d:/current project/SIH PPts/roadsense_webapp/roadsense_webapp/Cracks-and-Potholes-in-Road-Images-Dataset-master/Cracks-and-Potholes-in-Road-Images-Dataset-master/Dataset/916656_RS_290_290RS294095_16730/916656_RS_290_290RS294095_16730_RAW.jpg
1084527_DF_080_080BDF0090_01823,train,Crack,2665,0,335489,d:/current project/SIH PPts/roadsense_webapp/roadsense_webapp/Cracks-and-Potholes-in-Road-Images-Dataset-master/Cracks-and-Potholes-in-Road-Images-Dataset-master/Dataset/1084527_DF_080_080BDF0090_01823/1084527_DF_080_080BDF0090_01823_RAW.jpg
1081890_DF_080_080BDF0070_01030,train,Crack,15580,0,320319,d:/current project/SIH PPts/roadsense_webapp/roadsense_webapp/Cracks-and-Potholes-in-Road-Images-Dataset-master/Cracks-and-Potholes-in-Road-Images-Dataset-master/Dataset/1081890_DF_080_080BDF0070_01030/1081890_DF_080_080BDF0070_01030_RAW.jpg
1093967_DF_251_251BDF0052_02692,train,Pothole,0,4528,383594,d:/current project/SIH PPts/roadsense_webapp/roadsense_webapp/Cracks-and-Potholes-in-Road-Images-Dataset-master/Cracks-and-Potholes-in-Road-Images-Dataset-master/Dataset/1093967_DF_251_251BDF0052_02692/1093967_DF_251_251BDF0052_02692_RAW.jpg
919357_RS_290_290RS294095_30235,train,Normal,408,0,345653,d:/current project/SIH PPts/roadsense_webapp/roadsense_webapp/Cracks-and-Potholes-in-Road-Images-Dataset-master/Cracks-and-Potholes-in-Road-Images-Dataset-master/Dataset/919357_RS_290_290RS294095_30235/919357_RS_290_290RS294095_30235_RAW.jpg
1081659_DF_080_080BDF0070_00606,train,Crack,7170,0,319371,d:/current project/SIH PPts/roadsense_webapp/roadsense_webapp/Cracks-and-Potholes-in-Road-Images-Dataset-master/Cracks-and-Potholes-in-Road-Images-Dataset-master/Dataset/1081659_DF_080_080BDF0070_00606/1081659_DF_080_080BDF0070_00606_RAW.jpg
1084513_DF_080_080BDF0090_01797,train,Crack,6300,0,341261,d:/current project/SIH PPts/roadsense_webapp/roadsense_webapp/Cracks-and-Potholes-in-Road-Images-Dataset-master/Cracks-and-Potholes-in-Road-Images-Dataset-master/Dataset/1084513_DF_080_080BDF0090_01797/1084513_DF_080_080BDF0090_01797_RAW.jpg
1092547_DF_251_251BDF0052_00155,val,Crack,10742,0,363927,d:/current project/SIH PPts/roadsense_webapp/roadsense_webapp/Cracks-and-Potholes-in-Road-Images-Dataset-master/Cracks-and-Potholes-in-Road-Images-Dataset-master/Dataset/1092547_DF_251_251BDF0052_00155/1092547_DF_251_251BDF0052_00155_RAW.jpg
1076641_DF_251_251BDF0530_03897,val,Crack,3813,0,344810,d:/current project/SIH PPts/roadsense_webapp/roadsense_webapp/Cracks-and-Potholes-in-Road-Images-Dataset-master/Cracks-and-Potholes-in-Road-Images-Dataset-master/Dataset/1076641_DF_251_251BDF0530_03897/1076641_DF_251_251BDF0530_03897_RAW.jpg
1014822_RS_386_386RS124739_31035,train,Crack,2946,0,387652,d:/current project/SIH PPts/roadsense_webapp/roadsense_webapp/Cracks-and-Potholes-in-Road-Images-Dataset-master/Cracks-and-Potholes-in-Road-Images-Dataset-master/Dataset/1014822_RS_386_386RS124739_31035/1014822_RS_386_386RS124739_31035_RAW.jpg
917246_RS_290_290RS294095_19680,train,Crack,7281,0,367696,d:/current project/SIH PPts/roadsense_webapp/roadsense_webapp/Cracks-and-Potholes-in-Road-Images-Dataset-master/Cracks-and-Potholes-in-Road-Images-Dataset-master/Dataset/917246_RS_290_290RS294095_19680/917246_RS_290_290RS294095_19680_RAW.jpg
1025796_RS_386_386RS169832_08721,val,Pothole,2928,1254,399324,d:/current project/SIH PPts/roadsense_webapp/roadsense_webapp/Cracks-and-Potholes-in-Road-Images-Dataset-master/Cracks-and-Potholes-in-Road-Images-Dataset-master/Dataset/1025796_RS_386_386RS169832_08721/1025796_RS_386_386RS169832_08721_RAW.jpg
1091995_DF_251_251BDF0490_01310,train,Crack,3956,0,356407,d:/current project/SIH PPts/roadsense_webapp/roadsense_webapp/Cracks-and-Potholes-in-Road-Images-Dataset-master/Cracks-and-Potholes-in-Road-Images-Dataset-master/Dataset/1091995_DF_251_251BDF0490_01310/1091995_DF_251_251BDF0490_01310_RAW.jpg
994593_RS_386_386RS191729_09730,train,Crack,12205,0,358172,d:/current project/SIH PPts/roadsense_webapp/roadsense_webapp/Cracks-and-Potholes-in-Road-Images-Dataset-master/Cracks-and-Potholes-in-Road-Images-Dataset-master/Dataset/994593_RS_386_386RS191729_09730/994593_RS_386_386RS191729_09730_RAW.jpg
1025798_RS_386_386RS169832_08730,train,Crack,2798,0,400052,d:/current project/SIH PPts/roadsense_webapp/roadsense_webapp/Cracks-and-Potholes-in-Road-Images-Dataset-master/Cracks-and-Potholes-in-Road-Images-Dataset-master/Dataset/1025798_RS_386_386RS169832_08730/1025798_RS_386_386RS169832_08730_RAW.jpg
919762_RS_290_290RS294095_32260,train,Crack,5439,0,374433,d:/current project/SIH PPts/roadsense_webapp/roadsense_webapp/Cracks-and-Potholes-in-Road-Images-Dataset-master/Cracks-and-Potholes-in-Road-Images-Dataset-master/Dataset/919762_RS_290_290RS294095_32260/919762_RS_290_290RS294095_32260_RAW.jpg
917699_RS_290_290RS294095_21945,train,Pothole,0,4850,366156,d:/current project/SIH PPts/roadsense_webapp/roadsense_webapp/Cracks-and-Potholes-in-Road-Images-Dataset-master/Cracks-and-Potholes-in-Road-Images-Dataset-master/Dataset/917699_RS_290_290RS294095_21945/917699_RS_290_290RS294095_21945_RAW.jpg
1081889_DF_080_080BDF0070_01028,val,Crack,16967,0,315241,d:/current project/SIH PPts/roadsense_webapp/roadsense_webapp/Cracks-and-Potholes-in-Road-Images-Dataset-master/Cracks-and-Potholes-in-Road-Images-Dataset-master/Dataset/1081889_DF_080_080BDF0070_01028/1081889_DF_080_080BDF0070_01028_RAW.jpg
1091960_DF_251_251BDF0490_01246,train,Crack,13018,0,364697,d:/current project/SIH PPts/roadsense_webapp/roadsense_webapp/Cracks-and-Potholes-in-Road-Images-Dataset-master/Cracks-and-Potholes-in-Road-Images-Dataset-master/Dataset/1091960_DF_251_251BDF0490_01246/1091960_DF_251_251BDF0490_01246_RAW.jpg
1084440_DF_080_080BDF0090_01668,val,Crack,7929,0,329445,d:/current project/SIH PPts/roadsense_webapp/roadsense_webapp/Cracks-and-Potholes-in-Road-Images-Dataset-master/Cracks-and-Potholes-in-Road-Images-Dataset-master/Dataset/1084440_DF_080_080BDF0090_01668/1084440_DF_080_080BDF0090_01668_RAW.jpg
1014714_RS_386_386RS124739_30495,train,Pothole,0,60083,373705,d:/current project/SIH PPts/roadsense_webapp/roadsense_webapp/Cracks-and-Potholes-in-Road-Images-Dataset-master/Cracks-and-Potholes-in-Road-Images-Dataset-master/Dataset/1014714_RS_386_386RS124739_30495/1014714_RS_386_386RS124739_30495_RAW.jpg
1014756_RS_386_386RS124739_30705,val,Normal,1244,0,384627,d:/current project/SIH PPts/roadsense_webapp/roadsense_webapp/Cracks-and-Potholes-in-Road-Images-Dataset-master/Cracks-and-Potholes-in-Road-Images-Dataset-master/Dataset/1014756_RS_386_386RS124739_30705/1014756_RS_386_386RS124739_30705_RAW.jpg
1025781_RS_386_386RS169832_08645,train,Crack,5400,0,391208,d:/current project/SIH PPts/roadsense_webapp/roadsense_webapp/Cracks-and-Potholes-in-Road-Images-Dataset-master/Cracks-and-Potholes-in-Road-Images-Dataset-master/Dataset/1025781_RS_386_386RS169832_08645/1025781_RS_386_386RS169832_08645_RAW.jpg
1014905_RS_386_386RS124739_31451,train,Pothole,3787,17922,366426,d:/current project/SIH PPts/roadsense_webapp/roadsense_webapp/Cracks-and-Potholes-in-Road-Images-Dataset-master/Cracks-and-Potholes-in-Road-Images-Dataset-master/Dataset/1014905_RS_386_386RS124739_31451/1014905_RS_386_386RS124739_31451_RAW.jpg
1093023_DF_251_251BDF0052_00986,val,Crack,41297,0,361983,d:/current project/SIH PPts/roadsense_webapp/roadsense_webapp/Cracks-and-Potholes-in-Road-Images-Dataset-master/Cracks-and-Potholes-in-Road-Images-Dataset-master/Dataset/1093023_DF_251_251BDF0052_00986/1093023_DF_251_251BDF0052_00986_RAW.jpg
1025859_RS_386_386RS169832_09035,train,Pothole,5890,2886,390071,d:/current project/SIH PPts/roadsense_webapp/roadsense_webapp/Cracks-and-Potholes-in-Road-Images-Dataset-master/Cracks-and-Potholes-in-Road-Images-Dataset-master/Dataset/1025859_RS_386_386RS169832_09035/1025859_RS_386_386RS169832_09035_RAW.jpg
1068373_DF_010_010BDF0018_04969,train,Pothole,0,4209,375761,d:/current project/SIH PPts/roadsense_webapp/roadsense_webapp/Cracks-and-Potholes-in-Road-Images-Dataset-master/Cracks-and-Potholes-in-Road-Images-Dataset-master/Dataset/1068373_DF_010_010BDF0018_04969/1068373_DF_010_010BDF0018_04969_RAW.jpg
1014781_RS_386_386RS124739_30830,val,Pothole,9373,3092,396248,d:/current project/SIH PPts/roadsense_webapp/roadsense_webapp/Cracks-and-Potholes-in-Road-Images-Dataset-master/Cracks-and-Potholes-in-Road-Images-Dataset-master/Dataset/1014781_RS_386_386RS124739_30830/1014781_RS_386_386RS124739_30830_RAW.jpg
919804_RS_290_290RS294095_32470,val,Crack,5151,0,346703,d:/current project/SIH PPts/roadsense_webapp/roadsense_webapp/Cracks-and-Potholes-in-Road-Images-Dataset-master/Cracks-and-Potholes-in-Road-Images-Dataset-master/Dataset/919804_RS_290_290RS294095_32470/919804_RS_290_290RS294095_32470_RAW.jpg
1014901_RS_386_386RS124739_31430,val,Crack,3109,0,374109,d:/current project/SIH PPts/roadsense_webapp/roadsense_webapp/Cracks-and-Potholes-in-Road-Images-Dataset-master/Cracks-and-Potholes-in-Road-Images-Dataset-master/Dataset/1014901_RS_386_386RS124739_31430/1014901_RS_386_386RS124739_31430_RAW.jpg
915966_RS_290_290RS294095_13280,train,Crack,2678,0,368621,d:/current project/SIH PPts/roadsense_webapp/roadsense_webapp/Cracks-and-Potholes-in-Road-Images-Dataset-master/Cracks-and-Potholes-in-Road-Images-Dataset-master/Dataset/915966_RS_290_290RS294095_13280/915966_RS_290_290RS294095_13280_RAW.jpg
919470_RS_290_290RS294095_30800,train,Normal,1317,0,343471,d:/current project/SIH PPts/roadsense_webapp/roadsense_webapp/Cracks-and-Potholes-in-Road-Images-Dataset-master/Cracks-and-Potholes-in-Road-Images-Dataset-master/Dataset/919470_RS_290_290RS294095_30800/919470_RS_290_290RS294095_30800_RAW.jpg
1085399_DF_080_080BDF0090_03543,train,Crack,14371,0,363937,d:/current project/SIH PPts/roadsense_webapp/roadsense_webapp/Cracks-and-Potholes-in-Road-Images-Dataset-master/Cracks-and-Potholes-in-Road-Images-Dataset-master/Dataset/1085399_DF_080_080BDF0090_03543/1085399_DF_080_080BDF0090_03543_RAW.jpg
916879_RS_290_290RS294095_17845,train,Pothole,0,684,363437,d:/current project/SIH PPts/roadsense_webapp/roadsense_webapp/Cracks-and-Potholes-in-Road-Images-Dataset-master/Cracks-and-Potholes-in-Road-Images-Dataset-master/Dataset/916879_RS_290_290RS294095_17845/916879_RS_290_290RS294095_17845_RAW.jpg
1085407_DF_080_080BDF0090_03558,train,Crack,5974,0,353795,d:/current project/SIH PPts/roadsense_webapp/roadsense_webapp/Cracks-and-Potholes-in-Road-Images-Dataset-master/Cracks-and-Potholes-in-Road-Images-Dataset-master/Dataset/1085407_DF_080_080BDF0090_03558/1085407_DF_080_080BDF0090_03558_RAW.jpg
1091634_DF_251_251BDF0490_00628,train,Normal,1102,0,356210,d:/current project/SIH PPts/roadsense_webapp/roadsense_webapp/Cracks-and-Potholes-in-Road-Images-Dataset-master/Cracks-and-Potholes-in-Road-Images-Dataset-master/Dataset/1091634_DF_251_251BDF0490_00628/1091634_DF_251_251BDF0490_00628_RAW.jpg
1093506_DF_251_251BDF0052_01885,val,Pothole,2446,923,352497,d:/current project/SIH PPts/roadsense_webapp/roadsense_webapp/Cracks-and-Potholes-in-Road-Images-Dataset-master/Cracks-and-Potholes-in-Road-Images-Dataset-master/Dataset/1093506_DF_251_251BDF0052_01885/1093506_DF_251_251BDF0052_01885_RAW.jpg
994150_RS_386_386RS191729_07515,train,Crack,3134,0,367557,d:/current project/SIH PPts/roadsense_webapp/roadsense_webapp/Cracks-and-Potholes-in-Road-Images-Dataset-master/Cracks-and-Potholes-in-Road-Images-Dataset-master/Dataset/994150_RS_386_386RS191729_07515/994150_RS_386_386RS191729_07515_RAW.jpg
1014637_RS_386_386RS124739_30110,val,Normal,1142,0,392313,d:/current project/SIH PPts/roadsense_webapp/roadsense_webapp/Cracks-and-Potholes-in-Road-Images-Dataset-master/Cracks-and-Potholes-in-Road-Images-Dataset-master/Dataset/1014637_RS_386_386RS124739_30110/1014637_RS_386_386RS124739_30110_RAW.jpg
916886_RS_290_290RS294095_17880,train,Pothole,0,2254,363541,d:/current project/SIH PPts/roadsense_webapp/roadsense_webapp/Cracks-and-Potholes-in-Road-Images-Dataset-master/Cracks-and-Potholes-in-Road-Images-Dataset-master/Dataset/916886_RS_290_290RS294095_17880/916886_RS_290_290RS294095_17880_RAW.jpg
916876_RS_290_290RS294095_17830,val,Pothole,0,2733,365458,d:/current project/SIH PPts/roadsense_webapp/roadsense_webapp/Cracks-and-Potholes-in-Road-Images-Dataset-master/Cracks-and-Potholes-in-Road-Images-Dataset-master/Dataset/916876_RS_290_290RS294095_17830/916876_RS_290_290RS294095_17830_RAW.jpg
941608_RS_290_290RS070691_00945,train,Pothole,0,79654,364398,d:/current project/SIH PPts/roadsense_webapp/roadsense_webapp/Cracks-and-Potholes-in-Road-Images-Dataset-master/Cracks-and-Potholes-in-Road-Images-Dataset-master/Dataset/941608_RS_290_290RS070691_00945/941608_RS_290_290RS070691_00945_RAW.jpg
1076437_DF_251_251BDF0530_03511,train,Crack,12260,0,345402,d:/current project/SIH PPts/roadsense_webapp/roadsense_webapp/Cracks-and-Potholes-in-Road-Images-Dataset-master/Cracks-and-Potholes-in-Road-Images-Dataset-master/Dataset/1076437_DF_251_251BDF0530_03511/1076437_DF_251_251BDF0530_03511_RAW.jpg
1051767_DF_020_020BDF0070_01678,train,Pothole,0,4516,394044,d:/current project/SIH PPts/roadsense_webapp/roadsense_webapp/Cracks-and-Potholes-in-Road-Images-Dataset-master/Cracks-and-Potholes-in-Road-Images-Dataset-master/Dataset/1051767_DF_020_020BDF0070_01678/1051767_DF_020_020BDF0070_01678_RAW.jpg
917087_RS_290_290RS294095_18885,train,Crack,9788,0,349921,d:/current project/SIH PPts/roadsense_webapp/roadsense_webapp/Cracks-and-Potholes-in-Road-Images-Dataset-master/Cracks-and-Potholes-in-Road-Images-Dataset-master/Dataset/917087_RS_290_290RS294095_18885/917087_RS_290_290RS294095_18885_RAW.jpg
1094253_DF_251_251BDF0052_03226,val,Crack,5417,0,347556,d:/current project/SIH PPts/roadsense_webapp/roadsense_webapp/Cracks-and-Potholes-in-Road-Images-Dataset-master/Cracks-and-Potholes-in-Road-Images-Dataset-master/Dataset/1094253_DF_251_251BDF0052_03226/1094253_DF_251_251BDF0052_03226_RAW.jpg
917162_RS_290_290RS294095_19261,train,Crack,9633,0,361280,d:/current project/SIH PPts/roadsense_webapp/roadsense_webapp/Cracks-and-Potholes-in-Road-Images-Dataset-master/Cracks-and-Potholes-in-Road-Images-Dataset-master/Dataset/917162_RS_290_290RS294095_19261/917162_RS_290_290RS294095_19261_RAW.jpg
918996_RS_290_290RS294095_28430,train,Crack,1512,0,344079,d:/current project/SIH PPts/roadsense_webapp/roadsense_webapp/Cracks-and-Potholes-in-Road-Images-Dataset-master/Cracks-and-Potholes-in-Road-Images-Dataset-master/Dataset/918996_RS_290_290RS294095_28430/918996_RS_290_290RS294095_28430_RAW.jpg
1091626_DF_251_251BDF0490_00613,train,Normal,738,0,360389,d:/current project/SIH PPts/roadsense_webapp/roadsense_webapp/Cracks-and-Potholes-in-Road-Images-Dataset-master/Cracks-and-Potholes-in-Road-Images-Dataset-master/Dataset/1091626_DF_251_251BDF0490_00613/1091626_DF_251_251BDF0490_00613_RAW.jpg
1081677_DF_080_080BDF0070_00640,train,Crack,19874,0,312597,d:/current project/SIH PPts/roadsense_webapp/roadsense_webapp/Cracks-and-Potholes-in-Road-Images-Dataset-master/Cracks-and-Potholes-in-Road-Images-Dataset-master/Dataset/1081677_DF_080_080BDF0070_00640/1081677_DF_080_080BDF0070_00640_RAW.jpg
917853_RS_290_290RS294095_22715,train,Crack,3395,0,370476,d:/current project/SIH PPts/roadsense_webapp/roadsense_webapp/Cracks-and-Potholes-in-Road-Images-Dataset-master/Cracks-and-Potholes-in-Road-Images-Dataset-master/Dataset/917853_RS_290_290RS294095_22715/917853_RS_290_290RS294095_22715_RAW.jpg
1081522_DF_080_080BDF0070_00358,train,Crack,5352,0,332407,d:/current project/SIH PPts/roadsense_webapp/roadsense_webapp/Cracks-and-Potholes-in-Road-Images-Dataset-master/Cracks-and-Potholes-in-Road-Images-Dataset-master/Dataset/1081522_DF_080_080BDF0070_00358/1081522_DF_080_080BDF0070_00358_RAW.jpg
1094911_DF_251_251BDF0052_04494,val,Crack,13686,0,357987,d:/current project/SIH PPts/roadsense_webapp/roadsense_webapp/Cracks-and-Potholes-in-Road-Images-Dataset-master/Cracks-and-Potholes-in-Road-Images-Dataset-master/Dataset/1094911_DF_251_251BDF0052_04494/1094911_DF_251_251BDF0052_04494_RAW.jpg
917960_RS_290_290RS294095_23250,val,Crack,8471,0,362152,d:/current project/SIH PPts/roadsense_webapp/roadsense_webapp/Cracks-and-Potholes-in-Road-Images-Dataset-master/Cracks-and-Potholes-in-Road-Images-Dataset-master/Dataset/917960_RS_290_290RS294095_23250/917960_RS_290_290RS294095_23250_RAW.jpg
1091810_DF_251_251BDF0490_00962,train,Crack,3388,0,354793,d:/current project/SIH PPts/roadsense_webapp/roadsense_webapp/Cracks-and-Potholes-in-Road-Images-Dataset-master/Cracks-and-Potholes-in-Road-Images-Dataset-master/Dataset/1091810_DF_251_251BDF0490_00962/1091810_DF_251_251BDF0490_00962_RAW.jpg
1092308_DF_251_251BDF0490_01884,train,Pothole,11566,1839,362669,d:/current project/SIH PPts/roadsense_webapp/roadsense_webapp/Cracks-and-Potholes-in-Road-Images-Dataset-master/Cracks-and-Potholes-in-Road-Images-Dataset-master/Dataset/1092308_DF_251_251BDF0490_01884/1092308_DF_251_251BDF0490_01884_RAW.jpg
1092937_DF_251_251BDF0052_00833,train,Pothole,8237,760,362242,d:/current project/SIH PPts/roadsense_webapp/roadsense_webapp/Cracks-and-Potholes-in-Road-Images-Dataset-master/Cracks-and-Potholes-in-Road-Images-Dataset-master/Dataset/1092937_DF_251_251BDF0052_00833/1092937_DF_251_251BDF0052_00833_RAW.jpg
1091930_DF_251_251BDF0490_01191,train,Normal,948,0,361703,d:/current project/SIH PPts/roadsense_webapp/roadsense_webapp/Cracks-and-Potholes-in-Road-Images-Dataset-master/Cracks-and-Potholes-in-Road-Images-Dataset-master/Dataset/1091930_DF_251_251BDF0490_01191/1091930_DF_251_251BDF0490_01191_RAW.jpg
994162_RS_386_386RS191729_07575,train,Pothole,2342,1590,378868,d:/current project/SIH PPts/roadsense_webapp/roadsense_webapp/Cracks-and-Potholes-in-Road-Images-Dataset-master/Cracks-and-Potholes-in-Road-Images-Dataset-master/Dataset/994162_RS_386_386RS191729_07575/994162_RS_386_386RS191729_07575_RAW.jpg
1014615_RS_386_386RS124739_30000,val,Normal,745,0,392459,d:/current project/SIH PPts/roadsense_webapp/roadsense_webapp/Cracks-and-Potholes-in-Road-Images-Dataset-master/Cracks-and-Potholes-in-Road-Images-Dataset-master/Dataset/1014615_RS_386_386RS124739_30000/1014615_RS_386_386RS124739_30000_RAW.jpg
1081739_DF_080_080BDF0070_00751,train,Crack,8067,0,354486,d:/current project/SIH PPts/roadsense_webapp/roadsense_webapp/Cracks-and-Potholes-in-Road-Images-Dataset-master/Cracks-and-Potholes-in-Road-Images-Dataset-master/Dataset/1081739_DF_080_080BDF0070_00751/1081739_DF_080_080BDF0070_00751_RAW.jpg
1092763_DF_251_251BDF0052_00527,train,Crack,18216,0,345812,d:/current project/SIH PPts/roadsense_webapp/roadsense_webapp/Cracks-and-Potholes-in-Road-Images-Dataset-master/Cracks-and-Potholes-in-Road-Images-Dataset-master/Dataset/1092763_DF_251_251BDF0052_00527/1092763_DF_251_251BDF0052_00527_RAW.jpg
1092032_DF_251_251BDF0490_01379,train,Crack,6277,0,370748,d:/current project/SIH PPts/roadsense_webapp/roadsense_webapp/Cracks-and-Potholes-in-Road-Images-Dataset-master/Cracks-and-Potholes-in-Road-Images-Dataset-master/Dataset/1092032_DF_251_251BDF0490_01379/1092032_DF_251_251BDF0490_01379_RAW.jpg
918214_RS_290_290RS294095_24520,train,Crack,2192,0,357086,d:/current project/SIH PPts/roadsense_webapp/roadsense_webapp/Cracks-and-Potholes-in-Road-Images-Dataset-master/Cracks-and-Potholes-in-Road-Images-Dataset-master/Dataset/918214_RS_290_290RS294095_24520/918214_RS_290_290RS294095_24520_RAW.jpg
1014865_RS_386_386RS124739_31250,val,Crack,10899,0,387483,d:/current project/SIH PPts/roadsense_webapp/roadsense_webapp/Cracks-and-Potholes-in-Road-Images-Dataset-master/Cracks-and-Potholes-in-Road-Images-Dataset-master/Dataset/1014865_RS_386_386RS124739_31250/1014865_RS_386_386RS124739_31250_RAW.jpg
994580_RS_386_386RS191729_09666,train,Crack,19945,0,356412,d:/current project/SIH PPts/roadsense_webapp/roadsense_webapp/Cracks-and-Potholes-in-Road-Images-Dataset-master/Cracks-and-Potholes-in-Road-Images-Dataset-master/Dataset/994580_RS_386_386RS191729_09666/994580_RS_386_386RS191729_09666_RAW.jpg
919167_RS_290_290RS294095_29285,train,Crack,5864,0,369885,d:/current project/SIH PPts/roadsense_webapp/roadsense_webapp/Cracks-and-Potholes-in-Road-Images-Dataset-master/Cracks-and-Potholes-in-Road-Images-Dataset-master/Dataset/919167_RS_290_290RS294095_29285/919167_RS_290_290RS294095_29285_RAW.jpg
917672_RS_290_290RS294095_21811,train,Pothole,6647,32690,352409,d:/current project/SIH PPts/roadsense_webapp/roadsense_webapp/Cracks-and-Potholes-in-Road-Images-Dataset-master/Cracks-and-Potholes-in-Road-Images-Dataset-master/Dataset/917672_RS_290_290RS294095_21811/917672_RS_290_290RS294095_21811_RAW.jpg
1092856_DF_251_251BDF0052_00690,train,Crack,2023,0,363212,d:/current project/SIH PPts/roadsense_webapp/roadsense_webapp/Cracks-and-Potholes-in-Road-Images-Dataset-master/Cracks-and-Potholes-in-Road-Images-Dataset-master/Dataset/1092856_DF_251_251BDF0052_00690/1092856_DF_251_251BDF0052_00690_RAW.jpg
1025770_RS_386_386RS169832_08590,train,Crack,6365,0,388574,d:/current project/SIH PPts/roadsense_webapp/roadsense_webapp/Cracks-and-Potholes-in-Road-Images-Dataset-master/Cracks-and-Potholes-in-Road-Images-Dataset-master/Dataset/1025770_RS_386_386RS169832_08590/1025770_RS_386_386RS169832_08590_RAW.jpg
1091621_DF_251_251BDF0490_00604,train,Crack,4899,0,352434,d:/current project/SIH PPts/roadsense_webapp/roadsense_webapp/Cracks-and-Potholes-in-Road-Images-Dataset-master/Cracks-and-Potholes-in-Road-Images-Dataset-master/Dataset/1091621_DF_251_251BDF0490_00604/1091621_DF_251_251BDF0490_00604_RAW.jpg
1048538_DF_060_060BDF0012_01656,train,Pothole,0,830,384160,d:/current project/SIH PPts/roadsense_webapp/roadsense_webapp/Cracks-and-Potholes-in-Road-Images-Dataset-master/Cracks-and-Potholes-in-Road-Images-Dataset-master/Dataset/1048538_DF_060_060BDF0012_01656/1048538_DF_060_060BDF0012_01656_RAW.jpg
1083232_DF_080_080BDF0070_03764,val,Crack,9614,0,346808,d:/current project/SIH PPts/roadsense_webapp/roadsense_webapp/Cracks-and-Potholes-in-Road-Images-Dataset-master/Cracks-and-Potholes-in-Road-Images-Dataset-master/Dataset/1083232_DF_080_080BDF0070_03764/1083232_DF_080_080BDF0070_03764_RAW.jpg
1093203_DF_251_251BDF0052_01334,train,Normal,682,0,448304,d:/current project/SIH PPts/roadsense_webapp/roadsense_webapp/Cracks-and-Potholes-in-Road-Images-Dataset-master/Cracks-and-Potholes-in-Road-Images-Dataset-master/Dataset/1093203_DF_251_251BDF0052_01334/1093203_DF_251_251BDF0052_01334_RAW.jpg
917064_RS_290_290RS294095_18770,train,Normal,919,0,347990,d:/current project/SIH PPts/roadsense_webapp/roadsense_webapp/Cracks-and-Potholes-in-Road-Images-Dataset-master/Cracks-and-Potholes-in-Road-Images-Dataset-master/Dataset/917064_RS_290_290RS294095_18770/917064_RS_290_290RS294095_18770_RAW.jpg
917804_RS_290_290RS294095_22470,train,Crack,8737,0,379509,d:/current project/SIH PPts/roadsense_webapp/roadsense_webapp/Cracks-and-Potholes-in-Road-Images-Dataset-master/Cracks-and-Potholes-in-Road-Images-Dataset-master/Dataset/917804_RS_290_290RS294095_22470/917804_RS_290_290RS294095_22470_RAW.jpg
1014767_RS_386_386RS124739_30760,train,Pothole,530,3181,382519,d:/current project/SIH PPts/roadsense_webapp/roadsense_webapp/Cracks-and-Potholes-in-Road-Images-Dataset-master/Cracks-and-Potholes-in-Road-Images-Dataset-master/Dataset/1014767_RS_386_386RS124739_30760/1014767_RS_386_386RS124739_30760_RAW.jpg
1092987_DF_251_251BDF0052_00921,val,Crack,3918,0,365495,d:/current project/SIH PPts/roadsense_webapp/roadsense_webapp/Cracks-and-Potholes-in-Road-Images-Dataset-master/Cracks-and-Potholes-in-Road-Images-Dataset-master/Dataset/1092987_DF_251_251BDF0052_00921/1092987_DF_251_251BDF0052_00921_RAW.jpg
919399_RS_290_290RS294095_30445,train,Crack,8423,0,353108,d:/current project/SIH PPts/roadsense_webapp/roadsense_webapp/Cracks-and-Potholes-in-Road-Images-Dataset-master/Cracks-and-Potholes-in-Road-Images-Dataset-master/Dataset/919399_RS_290_290RS294095_30445/919399_RS_290_290RS294095_30445_RAW.jpg
1025879_RS_386_386RS169832_09135,train,Crack,6707,0,404082,d:/current project/SIH PPts/roadsense_webapp/roadsense_webapp/Cracks-and-Potholes-in-Road-Images-Dataset-master/Cracks-and-Potholes-in-Road-Images-Dataset-master/Dataset/1025879_RS_386_386RS169832_09135/1025879_RS_386_386RS169832_09135_RAW.jpg
917426_RS_290_290RS294095_20580,train,Pothole,0,7203,354884,d:/current project/SIH PPts/roadsense_webapp/roadsense_webapp/Cracks-and-Potholes-in-Road-Images-Dataset-master/Cracks-and-Potholes-in-Road-Images-Dataset-master/Dataset/917426_RS_290_290RS294095_20580/917426_RS_290_290RS294095_20580_RAW.jpg
917806_RS_290_290RS294095_22480,val,Crack,5743,0,369706,d:/current project/SIH PPts/roadsense_webapp/roadsense_webapp/Cracks-and-Potholes-in-Road-Images-Dataset-master/Cracks-and-Potholes-in-Road-Images-Dataset-master/Dataset/917806_RS_290_290RS294095_22480/917806_RS_290_290RS294095_22480_RAW.jpg
941505_RS_290_290RS070691_00430,train,Pothole,0,2706,362804,d:/current project/SIH PPts/roadsense_webapp/roadsense_webapp/Cracks-and-Potholes-in-Road-Images-Dataset-master/Cracks-and-Potholes-in-Road-Images-Dataset-master/Dataset/941505_RS_290_290RS070691_00430/941505_RS_290_290RS070691_00430_RAW.jpg
1092849_DF_251_251BDF0052_00678,train,Crack,10606,0,361691,d:/current project/SIH PPts/roadsense_webapp/roadsense_webapp/Cracks-and-Potholes-in-Road-Images-Dataset-master/Cracks-and-Potholes-in-Road-Images-Dataset-master/Dataset/1092849_DF_251_251BDF0052_00678/1092849_DF_251_251BDF0052_00678_RAW.jpg
1092742_DF_251_251BDF0052_00492,train,Crack,7114,0,332367,d:/current project/SIH PPts/roadsense_webapp/roadsense_webapp/Cracks-and-Potholes-in-Road-Images-Dataset-master/Cracks-and-Potholes-in-Road-Images-Dataset-master/Dataset/1092742_DF_251_251BDF0052_00492/1092742_DF_251_251BDF0052_00492_RAW.jpg
1092745_DF_251_251BDF0052_00497,val,Crack,9308,0,331363,d:/current project/SIH PPts/roadsense_webapp/roadsense_webapp/Cracks-and-Potholes-in-Road-Images-Dataset-master/Cracks-and-Potholes-in-Road-Images-Dataset-master/Dataset/1092745_DF_251_251BDF0052_00497/1092745_DF_251_251BDF0052_00497_RAW.jpg
994585_RS_386_386RS191729_09690,train,Crack,9225,0,353813,d:/current project/SIH PPts/roadsense_webapp/roadsense_webapp/Cracks-and-Potholes-in-Road-Images-Dataset-master/Cracks-and-Potholes-in-Road-Images-Dataset-master/Dataset/994585_RS_386_386RS191729_09690/994585_RS_386_386RS191729_09690_RAW.jpg
733864_ES_482_482ES014500_06030,train,Normal,223,0,403427,d:/current project/SIH PPts/roadsense_webapp/roadsense_webapp/Cracks-and-Potholes-in-Road-Images-Dataset-master/Cracks-and-Potholes-in-Road-Images-Dataset-master/Dataset/733864_ES_482_482ES014500_06030/733864_ES_482_482ES014500_06030_RAW.jpg
1091962_DF_251_251BDF0490_01250,train,Crack,5954,0,364884,d:/current project/SIH PPts/roadsense_webapp/roadsense_webapp/Cracks-and-Potholes-in-Road-Images-Dataset-master/Cracks-and-Potholes-in-Road-Images-Dataset-master/Dataset/1091962_DF_251_251BDF0490_01250/1091962_DF_251_251BDF0490_01250_RAW.jpg
1053871_DF_020_020BDF0070_06046,train,Pothole,3317,4781,375066,d:/current project/SIH PPts/roadsense_webapp/roadsense_webapp/Cracks-and-Potholes-in-Road-Images-Dataset-master/Cracks-and-Potholes-in-Road-Images-Dataset-master/Dataset/1053871_DF_020_020BDF0070_06046/1053871_DF_020_020BDF0070_06046_RAW.jpg
1092757_DF_251_251BDF0052_00518,train,Crack,18303,0,338927,d:/current project/SIH PPts/roadsense_webapp/roadsense_webapp/Cracks-and-Potholes-in-Road-Images-Dataset-master/Cracks-and-Potholes-in-Road-Images-Dataset-master/Dataset/1092757_DF_251_251BDF0052_00518/1092757_DF_251_251BDF0052_00518_RAW.jpg
1014864_RS_386_386RS124739_31245,train,Crack,11904,0,387271,d:/current project/SIH PPts/roadsense_webapp/roadsense_webapp/Cracks-and-Potholes-in-Road-Images-Dataset-master/Cracks-and-Potholes-in-Road-Images-Dataset-master/Dataset/1014864_RS_386_386RS124739_31245/1014864_RS_386_386RS124739_31245_RAW.jpg
1092762_DF_251_251BDF0052_00526,train,Crack,13807,0,338482,d:/current project/SIH PPts/roadsense_webapp/roadsense_webapp/Cracks-and-Potholes-in-Road-Images-Dataset-master/Cracks-and-Potholes-in-Road-Images-Dataset-master/Dataset/1092762_DF_251_251BDF0052_00526/1092762_DF_251_251BDF0052_00526_RAW.jpg
1093965_DF_251_251BDF0052_02688,train,Pothole,772,1845,382742,d:/current project/SIH PPts/roadsense_webapp/roadsense_webapp/Cracks-and-Potholes-in-Road-Images-Dataset-master/Cracks-and-Potholes-in-Road-Images-Dataset-master/Dataset/1093965_DF_251_251BDF0052_02688/1093965_DF_251_251BDF0052_02688_RAW.jpg
1091717_DF_251_251BDF0490_00786,val,Crack,8932,0,341230,d:/current project/SIH PPts/roadsense_webapp/roadsense_webapp/Cracks-and-Potholes-in-Road-Images-Dataset-master/Cracks-and-Potholes-in-Road-Images-Dataset-master/Dataset/1091717_DF_251_251BDF0490_00786/1091717_DF_251_251BDF0490_00786_RAW.jpg
916639_RS_290_290RS294095_16645,train,Crack,5828,0,351714,d:/current project/SIH PPts/roadsense_webapp/roadsense_webapp/Cracks-and-Potholes-in-Road-Images-Dataset-master/Cracks-and-Potholes-in-Road-Images-Dataset-master/Dataset/916639_RS_290_290RS294095_16645/916639_RS_290_290RS294095_16645_RAW.jpg
915958_RS_290_290RS294095_13241,train,Crack,5149,0,369187,d:/current project/SIH PPts/roadsense_webapp/roadsense_webapp/Cracks-and-Potholes-in-Road-Images-Dataset-master/Cracks-and-Potholes-in-Road-Images-Dataset-master/Dataset/915958_RS_290_290RS294095_13241/915958_RS_290_290RS294095_13241_RAW.jpg
1093968_DF_251_251BDF0052_02694,train,Pothole,0,14855,384116,d:/current project/SIH PPts/roadsense_webapp/roadsense_webapp/Cracks-and-Potholes-in-Road-Images-Dataset-master/Cracks-and-Potholes-in-Road-Images-Dataset-master/Dataset/1093968_DF_251_251BDF0052_02694/1093968_DF_251_251BDF0052_02694_RAW.jpg
1067847_DF_010_010BDF0018_03831,val,Pothole,0,6276,400226,d:/current project/SIH PPts/roadsense_webapp/roadsense_webapp/Cracks-and-Potholes-in-Road-Images-Dataset-master/Cracks-and-Potholes-in-Road-Images-Dataset-master/Dataset/1067847_DF_010_010BDF0018_03831/1067847_DF_010_010BDF0018_03831_RAW.jpg
941912_RS_290_290RS070691_02465,train,Pothole,0,1375,350530,d:/current project/SIH PPts/roadsense_webapp/roadsense_webapp/Cracks-and-Potholes-in-Road-Images-Dataset-master/Cracks-and-Potholes-in-Road-Images-Dataset-master/Dataset/941912_RS_290_290RS070691_02465/941912_RS_290_290RS070691_02465_RAW.jpg
917308_RS_290_290RS294095_19990,train,Crack,3537,0,352765,d:/current project/SIH PPts/roadsense_webapp/roadsense_webapp/Cracks-and-Potholes-in-Road-Images-Dataset-master/Cracks-and-Potholes-in-Road-Images-Dataset-master/Dataset/917308_RS_290_290RS294095_19990/917308_RS_290_290RS294095_19990_RAW.jpg
883068_RS_290_290RS150131_16070,train,Pothole,0,34616,357981,d:/current project/SIH PPts/roadsense_webapp/roadsense_webapp/Cracks-and-Potholes-in-Road-Images-Dataset-master/Cracks-and-Potholes-in-Road-Images-Dataset-master/Dataset/883068_RS_290_290RS150131_16070/883068_RS_290_290RS150131_16070_RAW.jpg
1092842_DF_251_251BDF0052_00665,train,Crack,10549,0,362949,d:/current project/SIH PPts/roadsense_webapp/roadsense_webapp/Cracks-and-Potholes-in-Road-Images-Dataset-master/Cracks-and-Potholes-in-Road-Images-Dataset-master/Dataset/1092842_DF_251_251BDF0052_00665/1092842_DF_251_251BDF0052_00665_RAW.jpg
1093099_DF_251_251BDF0052_01118,train,Crack,14261,0,376771,d:/current project/SIH PPts/roadsense_webapp/roadsense_webapp/Cracks-and-Potholes-in-Road-Images-Dataset-master/Cracks-and-Potholes-in-Road-Images-Dataset-master/Dataset/1093099_DF_251_251BDF0052_01118/1093099_DF_251_251BDF0052_01118_RAW.jpg
1092083_DF_251_251BDF0490_01472,train,Crack,5194,0,364206,d:/current project/SIH PPts/roadsense_webapp/roadsense_webapp/Cracks-and-Potholes-in-Road-Images-Dataset-master/Cracks-and-Potholes-in-Road-Images-Dataset-master/Dataset/1092083_DF_251_251BDF0490_01472/1092083_DF_251_251BDF0490_01472_RAW.jpg
917190_RS_290_290RS294095_19400,train,Crack,6333,0,359193,d:/current project/SIH PPts/roadsense_webapp/roadsense_webapp/Cracks-and-Potholes-in-Road-Images-Dataset-master/Cracks-and-Potholes-in-Road-Images-Dataset-master/Dataset/917190_RS_290_290RS294095_19400/917190_RS_290_290RS294095_19400_RAW.jpg
1081525_DF_080_080BDF0070_00364,train,Crack,13488,0,326792,d:/current project/SIH PPts/roadsense_webapp/roadsense_webapp/Cracks-and-Potholes-in-Road-Images-Dataset-master/Cracks-and-Potholes-in-Road-Images-Dataset-master/Dataset/1081525_DF_080_080BDF0070_00364/1081525_DF_080_080BDF0070_00364_RAW.jpg
1081589_DF_080_080BDF0070_00478,train,Pothole,0,247,338137,d:/current project/SIH PPts/roadsense_webapp/roadsense_webapp/Cracks-and-Potholes-in-Road-Images-Dataset-master/Cracks-and-Potholes-in-Road-Images-Dataset-master/Dataset/1081589_DF_080_080BDF0070_00478/1081589_DF_080_080BDF0070_00478_RAW.jpg
1014831_RS_386_386RS124739_31080,train,Crack,14550,0,379921,d:/current project/SIH PPts/roadsense_webapp/roadsense_webapp/Cracks-and-Potholes-in-Road-Images-Dataset-master/Cracks-and-Potholes-in-Road-Images-Dataset-master/Dataset/1014831_RS_386_386RS124739_31080/1014831_RS_386_386RS124739_31080_RAW.jpg
917961_RS_290_290RS294095_23255,val,Crack,10809,0,361412,d:/current project/SIH PPts/roadsense_webapp/roadsense_webapp/Cracks-and-Potholes-in-Road-Images-Dataset-master/Cracks-and-Potholes-in-Road-Images-Dataset-master/Dataset/917961_RS_290_290RS294095_23255/917961_RS_290_290RS294095_23255_RAW.jpg
1092876_DF_251_251BDF0052_00725,train,Crack,7874,0,357251,d:/current project/SIH PPts/roadsense_webapp/roadsense_webapp/Cracks-and-Potholes-in-Road-Images-Dataset-master/Cracks-and-Potholes-in-Road-Images-Dataset-master/Dataset/1092876_DF_251_251BDF0052_00725/1092876_DF_251_251BDF0052_00725_RAW.jpg
765238_ES_259_259ES000000_00290,train,Normal,220,0,398772,d:/current project/SIH PPts/roadsense_webapp/roadsense_webapp/Cracks-and-Potholes-in-Road-Images-Dataset-master/Cracks-and-Potholes-in-Road-Images-Dataset-master/Dataset/765238_ES_259_259ES000000_00290/765238_ES_259_259ES000000_00290_RAW.jpg
1081503_DF_080_080BDF0070_00321,train,Crack,6866,0,342867,d:/current project/SIH PPts/roadsense_webapp/roadsense_webapp/Cracks-and-Potholes-in-Road-Images-Dataset-master/Cracks-and-Potholes-in-Road-Images-Dataset-master/Dataset/1081503_DF_080_080BDF0070_00321/1081503_DF_080_080BDF0070_00321_RAW.jpg
1081349_DF_080_080BDF0070_00023,train,Normal,905,0,310326,d:/current project/SIH PPts/roadsense_webapp/roadsense_webapp/Cracks-and-Potholes-in-Road-Images-Dataset-master/Cracks-and-Potholes-in-Road-Images-Dataset-master/Dataset/1081349_DF_080_080BDF0070_00023/1081349_DF_080_080BDF0070_00023_RAW.jpg
1091778_DF_251_251BDF0490_00901,train,Crack,6728,0,358305,d:/current project/SIH PPts/roadsense_webapp/roadsense_webapp/Cracks-and-Potholes-in-Road-Images-Dataset-master/Cracks-and-Potholes-in-Road-Images-Dataset-master/Dataset/1091778_DF_251_251BDF0490_00901/1091778_DF_251_251BDF0490_00901_RAW.jpg
1081809_DF_080_080BDF0070_00884,train,Crack,4747,0,352501,d:/current project/SIH PPts/roadsense_webapp/roadsense_webapp/Cracks-and-Potholes-in-Road-Images-Dataset-master/Cracks-and-Potholes-in-Road-Images-Dataset-master/Dataset/1081809_DF_080_080BDF0070_00884/1081809_DF_080_080BDF0070_00884_RAW.jpg
917297_RS_290_290RS294095_19935,val,Normal,1340,0,351665,d:/current project/SIH PPts/roadsense_webapp/roadsense_webapp/Cracks-and-Potholes-in-Road-Images-Dataset-master/Cracks-and-Potholes-in-Road-Images-Dataset-master/Dataset/917297_RS_290_290RS294095_19935/917297_RS_290_290RS294095_19935_RAW.jpg
1058797_DF_010_010BDF0010_06134,val,Pothole,0,689,371032,d:/current project/SIH PPts/roadsense_webapp/roadsense_webapp/Cracks-and-Potholes-in-Road-Images-Dataset-master/Cracks-and-Potholes-in-Road-Images-Dataset-master/Dataset/1058797_DF_010_010BDF0010_06134/1058797_DF_010_010BDF0010_06134_RAW.jpg
1045838_DF_060_060BDF0030_00577,train,Pothole,0,2447,375908,d:/current project/SIH PPts/roadsense_webapp/roadsense_webapp/Cracks-and-Potholes-in-Road-Images-Dataset-master/Cracks-and-Potholes-in-Road-Images-Dataset-master/Dataset/1045838_DF_060_060BDF0030_00577/1045838_DF_060_060BDF0030_00577_RAW.jpg
1014651_RS_386_386RS124739_30180,train,Normal,921,0,378076,d:/current project/SIH PPts/roadsense_webapp/roadsense_webapp/Cracks-and-Potholes-in-Road-Images-Dataset-master/Cracks-and-Potholes-in-Road-Images-Dataset-master/Dataset/1014651_RS_386_386RS124739_30180/1014651_RS_386_386RS124739_30180_RAW.jpg
941605_RS_290_290RS070691_00931,train,Pothole,0,25293,366105,d:/current project/SIH PPts/roadsense_webapp/roadsense_webapp/Cracks-and-Potholes-in-Road-Images-Dataset-master/Cracks-and-Potholes-in-Road-Images-Dataset-master/Dataset/941605_RS_290_290RS070691_00931/941605_RS_290_290RS070691_00931_RAW.jpg
1092859_DF_251_251BDF0052_00695,train,Crack,6292,0,357656,d:/current project/SIH PPts/roadsense_webapp/roadsense_webapp/Cracks-and-Potholes-in-Road-Images-Dataset-master/Cracks-and-Potholes-in-Road-Images-Dataset-master/Dataset/1092859_DF_251_251BDF0052_00695/1092859_DF_251_251BDF0052_00695_RAW.jpg
1084435_DF_080_080BDF0090_01660,train,Pothole,0,1470,328297,d:/current project/SIH PPts/roadsense_webapp/roadsense_webapp/Cracks-and-Potholes-in-Road-Images-Dataset-master/Cracks-and-Potholes-in-Road-Images-Dataset-master/Dataset/1084435_DF_080_080BDF0090_01660/1084435_DF_080_080BDF0090_01660_RAW.jpg
918234_RS_290_290RS294095_24620,train,Crack,6722,0,351569,d:/current project/SIH PPts/roadsense_webapp/roadsense_webapp/Cracks-and-Potholes-in-Road-Images-Dataset-master/Cracks-and-Potholes-in-Road-Images-Dataset-master/Dataset/918234_RS_290_290RS294095_24620/918234_RS_290_290RS294095_24620_RAW.jpg
1082972_DF_080_080BDF0070_03191,train,Crack,9282,0,363505,d:/current project/SIH PPts/roadsense_webapp/roadsense_webapp/Cracks-and-Potholes-in-Road-Images-Dataset-master/Cracks-and-Potholes-in-Road-Images-Dataset-master/Dataset/1082972_DF_080_080BDF0070_03191/1082972_DF_080_080BDF0070_03191_RAW.jpg
883243_RS_290_290RS150131_16945,val,Pothole,0,22770,338597,d:/current project/SIH PPts/roadsense_webapp/roadsense_webapp/Cracks-and-Potholes-in-Road-Images-Dataset-master/Cracks-and-Potholes-in-Road-Images-Dataset-master/Dataset/883243_RS_290_290RS150131_16945/883243_RS_290_290RS150131_16945_RAW.jpg
765237_ES_259_259ES000000_00285,val,Normal,1135,0,402816,d:/current project/SIH PPts/roadsense_webapp/roadsense_webapp/Cracks-and-Potholes-in-Road-Images-Dataset-master/Cracks-and-Potholes-in-Road-Images-Dataset-master/Dataset/765237_ES_259_259ES000000_00285/765237_ES_259_259ES000000_00285_RAW.jpg
919241_RS_290_290RS294095_29655,val,Crack,7560,0,359301,d:/current project/SIH PPts/roadsense_webapp/roadsense_webapp/Cracks-and-Potholes-in-Road-Images-Dataset-master/Cracks-and-Potholes-in-Road-Images-Dataset-master/Dataset/919241_RS_290_290RS294095_29655/919241_RS_290_290RS294095_29655_RAW.jpg
1081508_DF_080_080BDF0070_00331,train,Crack,7143,0,350415,d:/current project/SIH PPts/roadsense_webapp/roadsense_webapp/Cracks-and-Potholes-in-Road-Images-Dataset-master/Cracks-and-Potholes-in-Road-Images-Dataset-master/Dataset/1081508_DF_080_080BDF0070_00331/1081508_DF_080_080BDF0070_00331_RAW.jpg
1092904_DF_251_251BDF0052_00775,train,Crack,22461,0,362064,d:/current project/SIH PPts/roadsense_webapp/roadsense_webapp/Cracks-and-Potholes-in-Road-Images-Dataset-master/Cracks-and-Potholes-in-Road-Images-Dataset-master/Dataset/1092904_DF_251_251BDF0052_00775/1092904_DF_251_251BDF0052_00775_RAW.jpg
1084476_DF_080_080BDF0090_01732,train,Crack,6417,0,355936,d:/current project/SIH PPts/roadsense_webapp/roadsense_webapp/Cracks-and-Potholes-in-Road-Images-Dataset-master/Cracks-and-Potholes-in-Road-Images-Dataset-master/Dataset/1084476_DF_080_080BDF0090_01732/1084476_DF_080_080BDF0090_01732_RAW.jpg
917115_RS_290_290RS294095_19025,train,Crack,9007,0,356947,d:/current project/SIH PPts/roadsense_webapp/roadsense_webapp/Cracks-and-Potholes-in-Road-Images-Dataset-master/Cracks-and-Potholes-in-Road-Images-Dataset-master/Dataset/917115_RS_290_290RS294095_19025/917115_RS_290_290RS294095_19025_RAW.jpg
1025819_RS_386_386RS169832_08835,val,Pothole,0,253,411590,d:/current project/SIH PPts/roadsense_webapp/roadsense_webapp/Cracks-and-Potholes-in-Road-Images-Dataset-master/Cracks-and-Potholes-in-Road-Images-Dataset-master/Dataset/1025819_RS_386_386RS169832_08835/1025819_RS_386_386RS169832_08835_RAW.jpg
1092901_DF_251_251BDF0052_00770,train,Crack,6281,0,370545,d:/current project/SIH PPts/roadsense_webapp/roadsense_webapp/Cracks-and-Potholes-in-Road-Images-Dataset-master/Cracks-and-Potholes-in-Road-Images-Dataset-master/Dataset/1092901_DF_251_251BDF0052_00770/1092901_DF_251_251BDF0052_00770_RAW.jpg
1092540_DF_251_251BDF0052_00142,val,Crack,11725,0,370597,d:/current project/SIH PPts/roadsense_webapp/roadsense_webapp/Cracks-and-Potholes-in-Road-Images-Dataset-master/Cracks-and-Potholes-in-Road-Images-Dataset-master/Dataset/1092540_DF_251_251BDF0052_00142/1092540_DF_251_251BDF0052_00142_RAW.jpg
1014785_RS_386_386RS124739_30851,train,Pothole,979,6467,401084,d:/current project/SIH PPts/roadsense_webapp/roadsense_webapp/Cracks-and-Potholes-in-Road-Images-Dataset-master/Cracks-and-Potholes-in-Road-Images-Dataset-master/Dataset/1014785_RS_386_386RS124739_30851/1014785_RS_386_386RS124739_30851_RAW.jpg
1093100_DF_251_251BDF0052_01120,train,Crack,7692,0,330330,d:/current project/SIH PPts/roadsense_webapp/roadsense_webapp/Cracks-and-Potholes-in-Road-Images-Dataset-master/Cracks-and-Potholes-in-Road-Images-Dataset-master/Dataset/1093100_DF_251_251BDF0052_01120/1093100_DF_251_251BDF0052_01120_RAW.jpg
1055711_DF_020_020BDF0070_09455,train,Pothole,346,733,380144,d:/current project/SIH PPts/roadsense_webapp/roadsense_webapp/Cracks-and-Potholes-in-Road-Images-Dataset-master/Cracks-and-Potholes-in-Road-Images-Dataset-master/Dataset/1055711_DF_020_020BDF0070_09455/1055711_DF_020_020BDF0070_09455_RAW.jpg
1092318_DF_251_251BDF0490_01903,train,Pothole,12345,701,360988,d:/current project/SIH PPts/roadsense_webapp/roadsense_webapp/Cracks-and-Potholes-in-Road-Images-Dataset-master/Cracks-and-Potholes-in-Road-Images-Dataset-master/Dataset/1092318_DF_251_251BDF0490_01903/1092318_DF_251_251BDF0490_01903_RAW.jpg
883130_RS_290_290RS150131_16380,val,Pothole,0,22713,362479,d:/current project/SIH PPts/roadsense_webapp/roadsense_webapp/Cracks-and-Potholes-in-Road-Images-Dataset-master/Cracks-and-Potholes-in-Road-Images-Dataset-master/Dataset/883130_RS_290_290RS150131_16380/883130_RS_290_290RS150131_16380_RAW.jpg
941901_RS_290_290RS070691_02410,train,Pothole,0,4577,351938,d:/current project/SIH PPts/roadsense_webapp/roadsense_webapp/Cracks-and-Potholes-in-Road-Images-Dataset-master/Cracks-and-Potholes-in-Road-Images-Dataset-master/Dataset/941901_RS_290_290RS070691_02410/941901_RS_290_290RS070691_02410_RAW.jpg
1055780_DF_020_020BDF0070_09584,train,Crack,9330,0,366502,d:/current project/SIH PPts/roadsense_webapp/roadsense_webapp/Cracks-and-Potholes-in-Road-Images-Dataset-master/Cracks-and-Potholes-in-Road-Images-Dataset-master/Dataset/1055780_DF_020_020BDF0070_09584/1055780_DF_020_020BDF0070_09584_RAW.jpg
916652_RS_290_290RS294095_16711,val,Pothole,5371,1022,351697,d:/current project/SIH PPts/roadsense_webapp/roadsense_webapp/Cracks-and-Potholes-in-Road-Images-Dataset-master/Cracks-and-Potholes-in-Road-Images-Dataset-master/Dataset/916652_RS_290_290RS294095_16711/916652_RS_290_290RS294095_16711_RAW.jpg
884193_RS_290_290RS150131_21695,val,Pothole,0,15687,370880,d:/current project/SIH PPts/roadsense_webapp/roadsense_webapp/Cracks-and-Potholes-in-Road-Images-Dataset-master/Cracks-and-Potholes-in-Road-Images-Dataset-master/Dataset/884193_RS_290_290RS150131_21695/884193_RS_290_290RS150131_21695_RAW.jpg
941928_RS_290_290RS070691_02546,train,Pothole,0,10041,352478,d:/current project/SIH PPts/roadsense_webapp/roadsense_webapp/Cracks-and-Potholes-in-Road-Images-Dataset-master/Cracks-and-Potholes-in-Road-Images-Dataset-master/Dataset/941928_RS_290_290RS070691_02546/941928_RS_290_290RS070691_02546_RAW.jpg
1090167_DF_070_070BDF0050_05616,train,Normal,659,0,352153,d:/current project/SIH PPts/roadsense_webapp/roadsense_webapp/Cracks-and-Potholes-in-Road-Images-Dataset-master/Cracks-and-Potholes-in-Road-Images-Dataset-master/Dataset/1090167_DF_070_070BDF0050_05616/1090167_DF_070_070BDF0050_05616_RAW.jpg
1014841_RS_386_386RS124739_31130,train,Crack,20410,0,380038,d:/current project/SIH PPts/roadsense_webapp/roadsense_webapp/Cracks-and-Potholes-in-Road-Images-Dataset-master/Cracks-and-Potholes-in-Road-Images-Dataset-master/Dataset/1014841_RS_386_386RS124739_31130/1014841_RS_386_386RS124739_31130_RAW.jpg
916949_RS_290_290RS294095_18195,train,Pothole,819,1192,338924,d:/current project/SIH PPts/roadsense_webapp/roadsense_webapp/Cracks-and-Potholes-in-Road-Images-Dataset-master/Cracks-and-Potholes-in-Road-Images-Dataset-master/Dataset/916949_RS_290_290RS294095_18195/916949_RS_290_290RS294095_18195_RAW.jpg
916435_RS_290_290RS294095_15626,train,Crack,3447,0,348049,d:/current project/SIH PPts/roadsense_webapp/roadsense_webapp/Cracks-and-Potholes-in-Road-Images-Dataset-master/Cracks-and-Potholes-in-Road-Images-Dataset-master/Dataset/916435_RS_290_290RS294095_15626/916435_RS_290_290RS294095_15626_RAW.jpg
1092885_DF_251_251BDF0052_00741,train,Crack,2068,0,353036,d:/current project/SIH PPts/roadsense_webapp/roadsense_webapp/Cracks-and-Potholes-in-Road-Images-Dataset-master/Cracks-and-Potholes-in-Road-Images-Dataset-master/Dataset/1092885_DF_251_251BDF0052_00741/1092885_DF_251_251BDF0052_00741_RAW.jpg
1092293_DF_251_251BDF0490_01855,train,Pothole,1112,4247,360782,d:/current project/SIH PPts/roadsense_webapp/roadsense_webapp/Cracks-and-Potholes-in-Road-Images-Dataset-master/Cracks-and-Potholes-in-Road-Images-Dataset-master/Dataset/1092293_DF_251_251BDF0490_01855/1092293_DF_251_251BDF0490_01855_RAW.jpg
1014682_RS_386_386RS124739_30335,train,Crack,9416,0,403932,d:/current project/SIH PPts/roadsense_webapp/roadsense_webapp/Cracks-and-Potholes-in-Road-Images-Dataset-master/Cracks-and-Potholes-in-Road-Images-Dataset-master/Dataset/1014682_RS_386_386RS124739_30335/1014682_RS_386_386RS124739_30335_RAW.jpg
883247_RS_290_290RS150131_16965,val,Pothole,0,10289,337412,d:/current project/SIH PPts/roadsense_webapp/roadsense_webapp/Cracks-and-Potholes-in-Road-Images-Dataset-master/Cracks-and-Potholes-in-Road-Images-Dataset-master/Dataset/883247_RS_290_290RS150131_16965/883247_RS_290_290RS150131_16965_RAW.jpg
917772_RS_290_290RS294095_22312,train,Crack,6129,0,371120,d:/current project/SIH PPts/roadsense_webapp/roadsense_webapp/Cracks-and-Potholes-in-Road-Images-Dataset-master/Cracks-and-Potholes-in-Road-Images-Dataset-master/Dataset/917772_RS_290_290RS294095_22312/917772_RS_290_290RS294095_22312_RAW.jpg
1081499_DF_080_080BDF0070_00313,train,Crack,7192,0,338367,d:/current project/SIH PPts/roadsense_webapp/roadsense_webapp/Cracks-and-Potholes-in-Road-Images-Dataset-master/Cracks-and-Potholes-in-Road-Images-Dataset-master/Dataset/1081499_DF_080_080BDF0070_00313/1081499_DF_080_080BDF0070_00313_RAW.jpg
1014649_RS_386_386RS124739_30170,train,Pothole,4590,15042,371685,d:/current project/SIH PPts/roadsense_webapp/roadsense_webapp/Cracks-and-Potholes-in-Road-Images-Dataset-master/Cracks-and-Potholes-in-Road-Images-Dataset-master/Dataset/1014649_RS_386_386RS124739_30170/1014649_RS_386_386RS124739_30170_RAW.jpg
917531_RS_290_290RS294095_21105,val,Crack,4567,0,351397,d:/current project/SIH PPts/roadsense_webapp/roadsense_webapp/Cracks-and-Potholes-in-Road-Images-Dataset-master/Cracks-and-Potholes-in-Road-Images-Dataset-master/Dataset/917531_RS_290_290RS294095_21105/917531_RS_290_290RS294095_21105_RAW.jpg
1081908_DF_080_080BDF0070_01067,train,Crack,6976,0,341633,d:/current project/SIH PPts/roadsense_webapp/roadsense_webapp/Cracks-and-Potholes-in-Road-Images-Dataset-master/Cracks-and-Potholes-in-Road-Images-Dataset-master/Dataset/1081908_DF_080_080BDF0070_01067/1081908_DF_080_080BDF0070_01067_RAW.jpg
917066_RS_290_290RS294095_18780,train,Pothole,0,1820,336083,d:/current project/SIH PPts/roadsense_webapp/roadsense_webapp/Cracks-and-Potholes-in-Road-Images-Dataset-master/Cracks-and-Potholes-in-Road-Images-Dataset-master/Dataset/917066_RS_290_290RS294095_18780/917066_RS_290_290RS294095_18780_RAW.jpg
1081515_DF_080_080BDF0070_00344,val,Crack,6062,0,346665,d:/current project/SIH PPts/roadsense_webapp/roadsense_webapp/Cracks-and-Potholes-in-Road-Images-Dataset-master/Cracks-and-Potholes-in-Road-Images-Dataset-master/Dataset/1081515_DF_080_080BDF0070_00344/1081515_DF_080_080BDF0070_00344_RAW.jpg
1081605_DF_080_080BDF0070_00508,val,Crack,2685,0,331846,d:/current project/SIH PPts/roadsense_webapp/roadsense_webapp/Cracks-and-Potholes-in-Road-Images-Dataset-master/Cracks-and-Potholes-in-Road-Images-Dataset-master/Dataset/1081605_DF_080_080BDF0070_00508/1081605_DF_080_080BDF0070_00508_RAW.jpg
994581_RS_386_386RS191729_09670,val,Crack,17414,0,357863,d:/current project/SIH PPts/roadsense_webapp/roadsense_webapp/Cracks-and-Potholes-in-Road-Images-Dataset-master/Cracks-and-Potholes-in-Road-Images-Dataset-master/Dataset/994581_RS_386_386RS191729_09670/994581_RS_386_386RS191729_09670_RAW.jpg
1081769_DF_080_080BDF0070_00808,train,Pothole,239,284,349885,d:/current project/SIH PPts/roadsense_webapp/roadsense_webapp/Cracks-and-Potholes-in-Road-Images-Dataset-master/Cracks-and-Potholes-in-Road-Images-Dataset-master/Dataset/1081769_DF_080_080BDF0070_00808/1081769_DF_080_080BDF0070_00808_RAW.jpg
1014702_RS_386_386RS124739_30435,train,Crack,4822,0,391876,d:/current project/SIH PPts/roadsense_webapp/roadsense_webapp/Cracks-and-Potholes-in-Road-Images-Dataset-master/Cracks-and-Potholes-in-Road-Images-Dataset-master/Dataset/1014702_RS_386_386RS124739_30435/1014702_RS_386_386RS124739_30435_RAW.jpg
994528_RS_386_386RS191729_09405,train,Pothole,872,14856,361271,d:/current project/SIH PPts/roadsense_webapp/roadsense_webapp/Cracks-and-Potholes-in-Road-Images-Dataset-master/Cracks-and-Potholes-in-Road-Images-Dataset-master/Dataset/994528_RS_386_386RS191729_09405/994528_RS_386_386RS191729_09405_RAW.jpg
765245_ES_259_259ES000000_00325,train,Normal,364,0,403524,d:/current project/SIH PPts/roadsense_webapp/roadsense_webapp/Cracks-and-Potholes-in-Road-Images-Dataset-master/Cracks-and-Potholes-in-Road-Images-Dataset-master/Dataset/765245_ES_259_259ES000000_00325/765245_ES_259_259ES000000_00325_RAW.jpg
916304_RS_290_290RS294095_14970,val,Normal,290,0,365537,d:/current project/SIH PPts/roadsense_webapp/roadsense_webapp/Cracks-and-Potholes-in-Road-Images-Dataset-master/Cracks-and-Potholes-in-Road-Images-Dataset-master/Dataset/916304_RS_290_290RS294095_14970/916304_RS_290_290RS294095_14970_RAW.jpg
916611_RS_290_290RS294095_16505,train,Pothole,0,1144,349705,d:/current project/SIH PPts/roadsense_webapp/roadsense_webapp/Cracks-and-Potholes-in-Road-Images-Dataset-master/Cracks-and-Potholes-in-Road-Images-Dataset-master/Dataset/916611_RS_290_290RS294095_16505/916611_RS_290_290RS294095_16505_RAW.jpg
919168_RS_290_290RS294095_29290,train,Crack,9443,0,369050,d:/current project/SIH PPts/roadsense_webapp/roadsense_webapp/Cracks-and-Potholes-in-Road-Images-Dataset-master/Cracks-and-Potholes-in-Road-Images-Dataset-master/Dataset/919168_RS_290_290RS294095_29290/919168_RS_290_290RS294095_29290_RAW.jpg
1045837_DF_060_060BDF0030_00575,train,Pothole,0,602,375330,d:/current project/SIH PPts/roadsense_webapp/roadsense_webapp/Cracks-and-Potholes-in-Road-Images-Dataset-master/Cracks-and-Potholes-in-Road-Images-Dataset-master/Dataset/1045837_DF_060_060BDF0030_00575/1045837_DF_060_060BDF0030_00575_RAW.jpg
1053992_DF_020_020BDF0070_06266,train,Pothole,13765,6856,365180,d:/current project/SIH PPts/roadsense_webapp/roadsense_webapp/Cracks-and-Potholes-in-Road-Images-Dataset-master/Cracks-and-Potholes-in-Road-Images-Dataset-master/Dataset/1053992_DF_020_020BDF0070_06266/1053992_DF_020_020BDF0070_06266_RAW.jpg
1014879_RS_386_386RS124739_31320,train,Crack,21183,0,386498,d:/current project/SIH PPts/roadsense_webapp/roadsense_webapp/Cracks-and-Potholes-in-Road-Images-Dataset-master/Cracks-and-Potholes-in-Road-Images-Dataset-master/Dataset/1014879_RS_386_386RS124739_31320/1014879_RS_386_386RS124739_31320_RAW.jpg
1093258_DF_251_251BDF0052_01429,train,Crack,4350,0,363159,d:/current project/SIH PPts/roadsense_webapp/roadsense_webapp/Cracks-and-Potholes-in-Road-Images-Dataset-master/Cracks-and-Potholes-in-Road-Images-Dataset-master/Dataset/1093258_DF_251_251BDF0052_01429/1093258_DF_251_251BDF0052_01429_RAW.jpg
1053909_DF_020_020BDF0070_06111,val,Crack,2565,0,366816,d:/current project/SIH PPts/roadsense_webapp/roadsense_webapp/Cracks-and-Potholes-in-Road-Images-Dataset-master/Cracks-and-Potholes-in-Road-Images-Dataset-master/Dataset/1053909_DF_020_020BDF0070_06111/1053909_DF_020_020BDF0070_06111_RAW.jpg
1092823_DF_251_251BDF0052_00633,train,Crack,3709,0,337217,d:/current project/SIH PPts/roadsense_webapp/roadsense_webapp/Cracks-and-Potholes-in-Road-Images-Dataset-master/Cracks-and-Potholes-in-Road-Images-Dataset-master/Dataset/1092823_DF_251_251BDF0052_00633/1092823_DF_251_251BDF0052_00633_RAW.jpg
1014658_RS_386_386RS124739_30216,train,Pothole,1759,1224,387960,d:/current project/SIH PPts/roadsense_webapp/roadsense_webapp/Cracks-and-Potholes-in-Road-Images-Dataset-master/Cracks-and-Potholes-in-Road-Images-Dataset-master/Dataset/1014658_RS_386_386RS124739_30216/1014658_RS_386_386RS124739_30216_RAW.jpg
994094_RS_386_386RS191729_07236,train,Crack,11830,0,370407,d:/current project/SIH PPts/roadsense_webapp/roadsense_webapp/Cracks-and-Potholes-in-Road-Images-Dataset-master/Cracks-and-Potholes-in-Road-Images-Dataset-master/Dataset/994094_RS_386_386RS191729_07236/994094_RS_386_386RS191729_07236_RAW.jpg
917216_RS_290_290RS294095_19530,train,Pothole,13917,992,369680,d:/current project/SIH PPts/roadsense_webapp/roadsense_webapp/Cracks-and-Potholes-in-Road-Images-Dataset-master/Cracks-and-Potholes-in-Road-Images-Dataset-master/Dataset/917216_RS_290_290RS294095_19530/917216_RS_290_290RS294095_19530_RAW.jpg
917389_RS_290_290RS294095_20395,train,Crack,8933,0,338687,d:/current project/SIH PPts/roadsense_webapp/roadsense_webapp/Cracks-and-Potholes-in-Road-Images-Dataset-master/Cracks-and-Potholes-in-Road-Images-Dataset-master/Dataset/917389_RS_290_290RS294095_20395/917389_RS_290_290RS294095_20395_RAW.jpg
1092799_DF_251_251BDF0052_00590,train,Crack,3614,0,343334,d:/current project/SIH PPts/roadsense_webapp/roadsense_webapp/Cracks-and-Potholes-in-Road-Images-Dataset-master/Cracks-and-Potholes-in-Road-Images-Dataset-master/Dataset/1092799_DF_251_251BDF0052_00590/1092799_DF_251_251BDF0052_00590_RAW.jpg
1014745_RS_386_386RS124739_30651,train,Normal,1077,0,387200,d:/current project/SIH PPts/roadsense_webapp/roadsense_webapp/Cracks-and-Potholes-in-Road-Images-Dataset-master/Cracks-and-Potholes-in-Road-Images-Dataset-master/Dataset/1014745_RS_386_386RS124739_30651/1014745_RS_386_386RS124739_30651_RAW.jpg
1077247_DF_251_251BDF0530_05027,train,Crack,14595,0,349324,d:/current project/SIH PPts/roadsense_webapp/roadsense_webapp/Cracks-and-Potholes-in-Road-Images-Dataset-master/Cracks-and-Potholes-in-Road-Images-Dataset-master/Dataset/1077247_DF_251_251BDF0530_05027/1077247_DF_251_251BDF0530_05027_RAW.jpg
1008560_RS_386_386RS289112_33725,train,Crack,8030,0,343363,d:/current project/SIH PPts/roadsense_webapp/roadsense_webapp/Cracks-and-Potholes-in-Road-Images-Dataset-master/Cracks-and-Potholes-in-Road-Images-Dataset-master/Dataset/1008560_RS_386_386RS289112_33725/1008560_RS_386_386RS289112_33725_RAW.jpg
1084344_DF_080_080BDF0090_01499,train,Crack,3260,0,320039,d:/current project/SIH PPts/roadsense_webapp/roadsense_webapp/Cracks-and-Potholes-in-Road-Images-Dataset-master/Cracks-and-Potholes-in-Road-Images-Dataset-master/Dataset/1084344_DF_080_080BDF0090_01499/1084344_DF_080_080BDF0090_01499_RAW.jpg
1081514_DF_080_080BDF0070_00342,train,Crack,16952,0,332020,d:/current project/SIH PPts/roadsense_webapp/roadsense_webapp/Cracks-and-Potholes-in-Road-Images-Dataset-master/Cracks-and-Potholes-in-Road-Images-Dataset-master/Dataset/1081514_DF_080_080BDF0070_00342/1081514_DF_080_080BDF0070_00342_RAW.jpg
1092063_DF_251_251BDF0490_01436,train,Crack,9907,0,368923,d:/current project/SIH PPts/roadsense_webapp/roadsense_webapp/Cracks-and-Potholes-in-Road-Images-Dataset-master/Cracks-and-Potholes-in-Road-Images-Dataset-master/Dataset/1092063_DF_251_251BDF0490_01436/1092063_DF_251_251BDF0490_01436_RAW.jpg
883271_RS_290_290RS150131_17085,train,Pothole,0,66302,338932,d:/current project/SIH PPts/roadsense_webapp/roadsense_webapp/Cracks-and-Potholes-in-Road-Images-Dataset-master/Cracks-and-Potholes-in-Road-Images-Dataset-master/Dataset/883271_RS_290_290RS150131_17085/883271_RS_290_290RS150131_17085_RAW.jpg
917096_RS_290_290RS294095_18930,train,Crack,8147,0,358832,d:/current project/SIH PPts/roadsense_webapp/roadsense_webapp/Cracks-and-Potholes-in-Road-Images-Dataset-master/Cracks-and-Potholes-in-Road-Images-Dataset-master/Dataset/917096_RS_290_290RS294095_18930/917096_RS_290_290RS294095_18930_RAW.jpg
1092861_DF_251_251BDF0052_00699,train,Crack,10379,0,365237,d:/current project/SIH PPts/roadsense_webapp/roadsense_webapp/Cracks-and-Potholes-in-Road-Images-Dataset-master/Cracks-and-Potholes-in-Road-Images-Dataset-master/Dataset/1092861_DF_251_251BDF0052_00699/1092861_DF_251_251BDF0052_00699_RAW.jpg
1025911_RS_386_386RS169832_09295,train,Crack,4262,0,377344,d:/current project/SIH PPts/roadsense_webapp/roadsense_webapp/Cracks-and-Potholes-in-Road-Images-Dataset-master/Cracks-and-Potholes-in-Road-Images-Dataset-master/Dataset/1025911_RS_386_386RS169832_09295/1025911_RS_386_386RS169832_09295_RAW.jpg
1092500_DF_251_251BDF0052_00070,train,Crack,7386,0,331870,d:/current project/SIH PPts/roadsense_webapp/roadsense_webapp/Cracks-and-Potholes-in-Road-Images-Dataset-master/Cracks-and-Potholes-in-Road-Images-Dataset-master/Dataset/1092500_DF_251_251BDF0052_00070/1092500_DF_251_251BDF0052_00070_RAW.jpg
1091870_DF_251_251BDF0490_01076,train,Crack,4631,0,358805,d:/current project/SIH PPts/roadsense_webapp/roadsense_webapp/Cracks-and-Potholes-in-Road-Images-Dataset-master/Cracks-and-Potholes-in-Road-Images-Dataset-master/Dataset/1091870_DF_251_251BDF0490_01076/1091870_DF_251_251BDF0490_01076_RAW.jpg
1094261_DF_251_251BDF0052_03241,train,Crack,4732,0,356953,d:/current project/SIH PPts/roadsense_webapp/roadsense_webapp/Cracks-and-Potholes-in-Road-Images-Dataset-master/Cracks-and-Potholes-in-Road-Images-Dataset-master/Dataset/1094261_DF_251_251BDF0052_03241/1094261_DF_251_251BDF0052_03241_RAW.jpg
1014897_RS_386_386RS124739_31410,train,Crack,21051,0,386112,d:/current project/SIH PPts/roadsense_webapp/roadsense_webapp/Cracks-and-Potholes-in-Road-Images-Dataset-master/Cracks-and-Potholes-in-Road-Images-Dataset-master/Dataset/1014897_RS_386_386RS124739_31410/1014897_RS_386_386RS124739_31410_RAW.jpg
917563_RS_290_290RS294095_21265,train,Normal,405,0,351339,d:/current project/SIH PPts/roadsense_webapp/roadsense_webapp/Cracks-and-Potholes-in-Road-Images-Dataset-master/Cracks-and-Potholes-in-Road-Images-Dataset-master/Dataset/917563_RS_290_290RS294095_21265/917563_RS_290_290RS294095_21265_RAW.jpg
917090_RS_290_290RS294095_18900,train,Normal,644,0,348288,d:/current project/SIH PPts/roadsense_webapp/roadsense_webapp/Cracks-and-Potholes-in-Road-Images-Dataset-master/Cracks-and-Potholes-in-Road-Images-Dataset-master/Dataset/917090_RS_290_290RS294095_18900/917090_RS_290_290RS294095_18900_RAW.jpg
1091732_DF_251_251BDF0490_00815,train,Crack,3192,0,360514,d:/current project/SIH PPts/roadsense_webapp/roadsense_webapp/Cracks-and-Potholes-in-Road-Images-Dataset-master/Cracks-and-Potholes-in-Road-Images-Dataset-master/Dataset/1091732_DF_251_251BDF0490_00815/1091732_DF_251_251BDF0490_00815_RAW.jpg
918387_RS_290_290RS294095_25385,train,Crack,5434,0,354755,d:/current project/SIH PPts/roadsense_webapp/roadsense_webapp/Cracks-and-Potholes-in-Road-Images-Dataset-master/Cracks-and-Potholes-in-Road-Images-Dataset-master/Dataset/918387_RS_290_290RS294095_25385/918387_RS_290_290RS294095_25385_RAW.jpg
1054896_DF_020_020BDF0070_07944,train,Crack,2066,0,366780,d:/current project/SIH PPts/roadsense_webapp/roadsense_webapp/Cracks-and-Potholes-in-Road-Images-Dataset-master/Cracks-and-Potholes-in-Road-Images-Dataset-master/Dataset/1054896_DF_020_020BDF0070_07944/1054896_DF_020_020BDF0070_07944_RAW.jpg
1081495_DF_080_080BDF0070_00305,train,Crack,13543,0,334139,d:/current project/SIH PPts/roadsense_webapp/roadsense_webapp/Cracks-and-Potholes-in-Road-Images-Dataset-master/Cracks-and-Potholes-in-Road-Images-Dataset-master/Dataset/1081495_DF_080_080BDF0070_00305/1081495_DF_080_080BDF0070_00305_RAW.jpg
883045_RS_290_290RS150131_15955,train,Pothole,0,9062,346865,d:/current project/SIH PPts/roadsense_webapp/roadsense_webapp/Cracks-and-Potholes-in-Road-Images-Dataset-master/Cracks-and-Potholes-in-Road-Images-Dataset-master/Dataset/883045_RS_290_290RS150131_15955/883045_RS_290_290RS150131_15955_RAW.jpg
1014693_RS_386_386RS124739_30390,train,Crack,7395,0,389765,d:/current project/SIH PPts/roadsense_webapp/roadsense_webapp/Cracks-and-Potholes-in-Road-Images-Dataset-master/Cracks-and-Potholes-in-Road-Images-Dataset-master/Dataset/1014693_RS_386_386RS124739_30390/1014693_RS_386_386RS124739_30390_RAW.jpg
1075613_DF_251_251BDF0530_01988,train,Crack,6578,0,347217,d:/current project/SIH PPts/roadsense_webapp/roadsense_webapp/Cracks-and-Potholes-in-Road-Images-Dataset-master/Cracks-and-Potholes-in-Road-Images-Dataset-master/Dataset/1075613_DF_251_251BDF0530_01988/1075613_DF_251_251BDF0530_01988_RAW.jpg
918515_RS_290_290RS294095_26026,train,Normal,446,0,355616,d:/current project/SIH PPts/roadsense_webapp/roadsense_webapp/Cracks-and-Potholes-in-Road-Images-Dataset-master/Cracks-and-Potholes-in-Road-Images-Dataset-master/Dataset/918515_RS_290_290RS294095_26026/918515_RS_290_290RS294095_26026_RAW.jpg
919738_RS_290_290RS294095_32140,val,Crack,3437,0,356475,d:/current project/SIH PPts/roadsense_webapp/roadsense_webapp/Cracks-and-Potholes-in-Road-Images-Dataset-master/Cracks-and-Potholes-in-Road-Images-Dataset-master/Dataset/919738_RS_290_290RS294095_32140/919738_RS_290_290RS294095_32140_RAW.jpg
1092792_DF_251_251BDF0052_00577,val,Crack,9073,0,345685,d:/current project/SIH PPts/roadsense_webapp/roadsense_webapp/Cracks-and-Potholes-in-Road-Images-Dataset-master/Cracks-and-Potholes-in-Road-Images-Dataset-master/Dataset/1092792_DF_251_251BDF0052_00577/1092792_DF_251_251BDF0052_00577_RAW.jpg
917837_RS_290_290RS294095_22635,train,Crack,2287,0,376856,d:/current project/SIH PPts/roadsense_webapp/roadsense_webapp/Cracks-and-Potholes-in-Road-Images-Dataset-master/Cracks-and-Potholes-in-Road-Images-Dataset-master/Dataset/917837_RS_290_290RS294095_22635/917837_RS_290_290RS294095_22635_RAW.jpg
917375_RS_290_290RS294095_20325,train,Crack,2151,0,343933,d:/current project/SIH PPts/roadsense_webapp/roadsense_webapp/Cracks-and-Potholes-in-Road-Images-Dataset-master/Cracks-and-Potholes-in-Road-Images-Dataset-master/Dataset/917375_RS_290_290RS294095_20325/917375_RS_290_290RS294095_20325_RAW.jpg
1092979_DF_251_251BDF0052_00907,val,Crack,8880,0,370251,d:/current project/SIH PPts/roadsense_webapp/roadsense_webapp/Cracks-and-Potholes-in-Road-Images-Dataset-master/Cracks-and-Potholes-in-Road-Images-Dataset-master/Dataset/1092979_DF_251_251BDF0052_00907/1092979_DF_251_251BDF0052_00907_RAW.jpg
883269_RS_290_290RS150131_17075,val,Pothole,0,40449,346012,d:/current project/SIH PPts/roadsense_webapp/roadsense_webapp/Cracks-and-Potholes-in-Road-Images-Dataset-master/Cracks-and-Potholes-in-Road-Images-Dataset-master/Dataset/883269_RS_290_290RS150131_17075/883269_RS_290_290RS150131_17075_RAW.jpg
1084417_DF_080_080BDF0090_01630,train,Crack,2612,0,321519,d:/current project/SIH PPts/roadsense_webapp/roadsense_webapp/Cracks-and-Potholes-in-Road-Images-Dataset-master/Cracks-and-Potholes-in-Road-Images-Dataset-master/Dataset/1084417_DF_080_080BDF0090_01630/1084417_DF_080_080BDF0090_01630_RAW.jpg
1075538_DF_251_251BDF0530_01855,train,Crack,9180,0,351050,d:/current project/SIH PPts/roadsense_webapp/roadsense_webapp/Cracks-and-Potholes-in-Road-Images-Dataset-master/Cracks-and-Potholes-in-Road-Images-Dataset-master/Dataset/1075538_DF_251_251BDF0530_01855/1075538_DF_251_251BDF0530_01855_RAW.jpg
1096018_DF_070_070BDF0010_01954,train,Pothole,4526,6214,383701,d:/current project/SIH PPts/roadsense_webapp/roadsense_webapp/Cracks-and-Potholes-in-Road-Images-Dataset-master/Cracks-and-Potholes-in-Road-Images-Dataset-master/Dataset/1096018_DF_070_070BDF0010_01954/1096018_DF_070_070BDF0010_01954_RAW.jpg
918532_RS_290_290RS294095_26110,train,Crack,4916,0,353109,d:/current project/SIH PPts/roadsense_webapp/roadsense_webapp/Cracks-and-Potholes-in-Road-Images-Dataset-master/Cracks-and-Potholes-in-Road-Images-Dataset-master/Dataset/918532_RS_290_290RS294095_26110/918532_RS_290_290RS294095_26110_RAW.jpg
917530_RS_290_290RS294095_21100,train,Crack,21031,0,344335,d:/current project/SIH PPts/roadsense_webapp/roadsense_webapp/Cracks-and-Potholes-in-Road-Images-Dataset-master/Cracks-and-Potholes-in-Road-Images-Dataset-master/Dataset/917530_RS_290_290RS294095_21100/917530_RS_290_290RS294095_21100_RAW.jpg
1092965_DF_251_251BDF0052_00883,train,Crack,7736,0,373871,d:/current project/SIH PPts/roadsense_webapp/roadsense_webapp/Cracks-and-Potholes-in-Road-Images-Dataset-master/Cracks-and-Potholes-in-Road-Images-Dataset-master/Dataset/1092965_DF_251_251BDF0052_00883/1092965_DF_251_251BDF0052_00883_RAW.jpg
1014847_RS_386_386RS124739_31160,train,Crack,17755,0,379762,d:/current project/SIH PPts/roadsense_webapp/roadsense_webapp/Cracks-and-Potholes-in-Road-Images-Dataset-master/Cracks-and-Potholes-in-Road-Images-Dataset-master/Dataset/1014847_RS_386_386RS124739_31160/1014847_RS_386_386RS124739_31160_RAW.jpg
1053907_DF_020_020BDF0070_06107,train,Crack,2927,0,364185,d:/current project/SIH PPts/roadsense_webapp/roadsense_webapp/Cracks-and-Potholes-in-Road-Images-Dataset-master/Cracks-and-Potholes-in-Road-Images-Dataset-master/Dataset/1053907_DF_020_020BDF0070_06107/1053907_DF_020_020BDF0070_06107_RAW.jpg
1026155_RS_386_386RS169832_10515,train,Crack,2007,0,377198,d:/current project/SIH PPts/roadsense_webapp/roadsense_webapp/Cracks-and-Potholes-in-Road-Images-Dataset-master/Cracks-and-Potholes-in-Road-Images-Dataset-master/Dataset/1026155_RS_386_386RS169832_10515/1026155_RS_386_386RS169832_10515_RAW.jpg
1084436_DF_080_080BDF0090_01661,train,Pothole,0,3387,327984,d:/current project/SIH PPts/roadsense_webapp/roadsense_webapp/Cracks-and-Potholes-in-Road-Images-Dataset-master/Cracks-and-Potholes-in-Road-Images-Dataset-master/Dataset/1084436_DF_080_080BDF0090_01661/1084436_DF_080_080BDF0090_01661_RAW.jpg
917235_RS_290_290RS294095_19625,train,Crack,8943,0,365934,d:/current project/SIH PPts/roadsense_webapp/roadsense_webapp/Cracks-and-Potholes-in-Road-Images-Dataset-master/Cracks-and-Potholes-in-Road-Images-Dataset-master/Dataset/917235_RS_290_290RS294095_19625/917235_RS_290_290RS294095_19625_RAW.jpg
1081817_DF_080_080BDF0070_00898,val,Crack,8412,0,326991,d:/current project/SIH PPts/roadsense_webapp/roadsense_webapp/Cracks-and-Potholes-in-Road-Images-Dataset-master/Cracks-and-Potholes-in-Road-Images-Dataset-master/Dataset/1081817_DF_080_080BDF0070_00898/1081817_DF_080_080BDF0070_00898_RAW.jpg
919527_RS_290_290RS294095_31085,train,Crack,4119,0,350479,d:/current project/SIH PPts/roadsense_webapp/roadsense_webapp/Cracks-and-Potholes-in-Road-Images-Dataset-master/Cracks-and-Potholes-in-Road-Images-Dataset-master/Dataset/919527_RS_290_290RS294095_31085/919527_RS_290_290RS294095_31085_RAW.jpg
1077244_DF_251_251BDF0530_05022,val,Crack,5407,0,356307,d:/current project/SIH PPts/roadsense_webapp/roadsense_webapp/Cracks-and-Potholes-in-Road-Images-Dataset-master/Cracks-and-Potholes-in-Road-Images-Dataset-master/Dataset/1077244_DF_251_251BDF0530_05022/1077244_DF_251_251BDF0530_05022_RAW.jpg
1055058_DF_020_020BDF0070_08244,train,Pothole,0,1731,375077,d:/current project/SIH PPts/roadsense_webapp/roadsense_webapp/Cracks-and-Potholes-in-Road-Images-Dataset-master/Cracks-and-Potholes-in-Road-Images-Dataset-master/Dataset/1055058_DF_020_020BDF0070_08244/1055058_DF_020_020BDF0070_08244_RAW.jpg
1092055_DF_251_251BDF0490_01422,train,Crack,4708,0,372929,d:/current project/SIH PPts/roadsense_webapp/roadsense_webapp/Cracks-and-Potholes-in-Road-Images-Dataset-master/Cracks-and-Potholes-in-Road-Images-Dataset-master/Dataset/1092055_DF_251_251BDF0490_01422/1092055_DF_251_251BDF0490_01422_RAW.jpg
917285_RS_290_290RS294095_19875,train,Crack,2056,0,365459,d:/current project/SIH PPts/roadsense_webapp/roadsense_webapp/Cracks-and-Potholes-in-Road-Images-Dataset-master/Cracks-and-Potholes-in-Road-Images-Dataset-master/Dataset/917285_RS_290_290RS294095_19875/917285_RS_290_290RS294095_19875_RAW.jpg
994505_RS_386_386RS191729_09290,val,Crack,5488,0,352863,d:/current project/SIH PPts/roadsense_webapp/roadsense_webapp/Cracks-and-Potholes-in-Road-Images-Dataset-master/Cracks-and-Potholes-in-Road-Images-Dataset-master/Dataset/994505_RS_386_386RS191729_09290/994505_RS_386_386RS191729_09290_RAW.jpg
994103_RS_386_386RS191729_07281,train,Crack,2582,0,357060,d:/current project/SIH PPts/roadsense_webapp/roadsense_webapp/Cracks-and-Potholes-in-Road-Images-Dataset-master/Cracks-and-Potholes-in-Road-Images-Dataset-master/Dataset/994103_RS_386_386RS191729_07281/994103_RS_386_386RS191729_07281_RAW.jpg
917109_RS_290_290RS294095_18995,val,Pothole,1296,5736,351475,d:/current project/SIH PPts/roadsense_webapp/roadsense_webapp/Cracks-and-Potholes-in-Road-Images-Dataset-master/Cracks-and-Potholes-in-Road-Images-Dataset-master/Dataset/917109_RS_290_290RS294095_18995/917109_RS_290_290RS294095_18995_RAW.jpg
1091964_DF_251_251BDF0490_01253,val,Crack,4417,0,371597,d:/current project/SIH PPts/roadsense_webapp/roadsense_webapp/Cracks-and-Potholes-in-Road-Images-Dataset-master/Cracks-and-Potholes-in-Road-Images-Dataset-master/Dataset/1091964_DF_251_251BDF0490_01253/1091964_DF_251_251BDF0490_01253_RAW.jpg
1014655_RS_386_386RS124739_30200,val,Crack,8693,0,384643,d:/current project/SIH PPts/roadsense_webapp/roadsense_webapp/Cracks-and-Potholes-in-Road-Images-Dataset-master/Cracks-and-Potholes-in-Road-Images-Dataset-master/Dataset/1014655_RS_386_386RS124739_30200/1014655_RS_386_386RS124739_30200_RAW.jpg
1095847_DF_070_070BDF0010_01637,train,Crack,4923,0,382493,d:/current project/SIH PPts/roadsense_webapp/roadsense_webapp/Cracks-and-Potholes-in-Road-Images-Dataset-master/Cracks-and-Potholes-in-Road-Images-Dataset-master/Dataset/1095847_DF_070_070BDF0010_01637/1095847_DF_070_070BDF0010_01637_RAW.jpg
1025784_RS_386_386RS169832_08660,train,Normal,931,0,382815,d:/current project/SIH PPts/roadsense_webapp/roadsense_webapp/Cracks-and-Potholes-in-Road-Images-Dataset-master/Cracks-and-Potholes-in-Road-Images-Dataset-master/Dataset/1025784_RS_386_386RS169832_08660/1025784_RS_386_386RS169832_08660_RAW.jpg
1092110_DF_251_251BDF0490_01520,train,Normal,782,0,359848,d:/current project/SIH PPts/roadsense_webapp/roadsense_webapp/Cracks-and-Potholes-in-Road-Images-Dataset-master/Cracks-and-Potholes-in-Road-Images-Dataset-master/Dataset/1092110_DF_251_251BDF0490_01520/1092110_DF_251_251BDF0490_01520_RAW.jpg
941507_RS_290_290RS070691_00440,val,Pothole,0,6524,351493,d:/current project/SIH PPts/roadsense_webapp/roadsense_webapp/Cracks-and-Potholes-in-Road-Images-Dataset-master/Cracks-and-Potholes-in-Road-Images-Dataset-master/Dataset/941507_RS_290_290RS070691_00440/941507_RS_290_290RS070691_00440_RAW.jpg
917214_RS_290_290RS294095_19520,train,Crack,16957,0,364197,d:/current project/SIH PPts/roadsense_webapp/roadsense_webapp/Cracks-and-Potholes-in-Road-Images-Dataset-master/Cracks-and-Potholes-in-Road-Images-Dataset-master/Dataset/917214_RS_290_290RS294095_19520/917214_RS_290_290RS294095_19520_RAW.jpg
1092889_DF_251_251BDF0052_00748,train,Crack,18414,0,366340,d:/current project/SIH PPts/roadsense_webapp/roadsense_webapp/Cracks-and-Potholes-in-Road-Images-Dataset-master/Cracks-and-Potholes-in-Road-Images-Dataset-master/Dataset/1092889_DF_251_251BDF0052_00748/1092889_DF_251_251BDF0052_00748_RAW.jpg
1014618_RS_386_386RS124739_30015,train,Crack,2898,0,407145,d:/current project/SIH PPts/roadsense_webapp/roadsense_webapp/Cracks-and-Potholes-in-Road-Images-Dataset-master/Cracks-and-Potholes-in-Road-Images-Dataset-master/Dataset/1014618_RS_386_386RS124739_30015/1014618_RS_386_386RS124739_30015_RAW.jpg
1093533_DF_251_251BDF0052_01930,val,Crack,8070,0,365546,d:/current project/SIH PPts/roadsense_webapp/roadsense_webapp/Cracks-and-Potholes-in-Road-Images-Dataset-master/Cracks-and-Potholes-in-Road-Images-Dataset-master/Dataset/1093533_DF_251_251BDF0052_01930/1093533_DF_251_251BDF0052_01930_RAW.jpg
916113_RS_290_290RS294095_14015,val,Crack,15860,0,346776,d:/current project/SIH PPts/roadsense_webapp/roadsense_webapp/Cracks-and-Potholes-in-Road-Images-Dataset-master/Cracks-and-Potholes-in-Road-Images-Dataset-master/Dataset/916113_RS_290_290RS294095_14015/916113_RS_290_290RS294095_14015_RAW.jpg
1076758_DF_251_251BDF0530_04113,train,Normal,225,0,343268,d:/current project/SIH PPts/roadsense_webapp/roadsense_webapp/Cracks-and-Potholes-in-Road-Images-Dataset-master/Cracks-and-Potholes-in-Road-Images-Dataset-master/Dataset/1076758_DF_251_251BDF0530_04113/1076758_DF_251_251BDF0530_04113_RAW.jpg
919350_RS_290_290RS294095_30200,val,Pothole,568,2672,343607,d:/current project/SIH PPts/roadsense_webapp/roadsense_webapp/Cracks-and-Potholes-in-Road-Images-Dataset-master/Cracks-and-Potholes-in-Road-Images-Dataset-master/Dataset/919350_RS_290_290RS294095_30200/919350_RS_290_290RS294095_30200_RAW.jpg
1092906_DF_251_251BDF0052_00778,train,Crack,39433,0,376784,d:/current project/SIH PPts/roadsense_webapp/roadsense_webapp/Cracks-and-Potholes-in-Road-Images-Dataset-master/Cracks-and-Potholes-in-Road-Images-Dataset-master/Dataset/1092906_DF_251_251BDF0052_00778/1092906_DF_251_251BDF0052_00778_RAW.jpg
1084457_DF_080_080BDF0090_01700,train,Crack,9766,0,341619,d:/current project/SIH PPts/roadsense_webapp/roadsense_webapp/Cracks-and-Potholes-in-Road-Images-Dataset-master/Cracks-and-Potholes-in-Road-Images-Dataset-master/Dataset/1084457_DF_080_080BDF0090_01700/1084457_DF_080_080BDF0090_01700_RAW.jpg
917140_RS_290_290RS294095_19150,train,Normal,806,0,366892,d:/current project/SIH PPts/roadsense_webapp/roadsense_webapp/Cracks-and-Potholes-in-Road-Images-Dataset-master/Cracks-and-Potholes-in-Road-Images-Dataset-master/Dataset/917140_RS_290_290RS294095_19150/917140_RS_290_290RS294095_19150_RAW.jpg
1054923_DF_020_020BDF0070_07994,train,Normal,1080,0,389453,d:/current project/SIH PPts/roadsense_webapp/roadsense_webapp/Cracks-and-Potholes-in-Road-Images-Dataset-master/Cracks-and-Potholes-in-Road-Images-Dataset-master/Dataset/1054923_DF_020_020BDF0070_07994/1054923_DF_020_020BDF0070_07994_RAW.jpg
917043_RS_290_290RS294095_18665,train,Pothole,3068,29892,348398,d:/current project/SIH PPts/roadsense_webapp/roadsense_webapp/Cracks-and-Potholes-in-Road-Images-Dataset-master/Cracks-and-Potholes-in-Road-Images-Dataset-master/Dataset/917043_RS_290_290RS294095_18665/917043_RS_290_290RS294095_18665_RAW.jpg
1064688_DF_080_080BDF0032_04157,train,Normal,887,0,343763,d:/current project/SIH PPts/roadsense_webapp/roadsense_webapp/Cracks-and-Potholes-in-Road-Images-Dataset-master/Cracks-and-Potholes-in-Road-Images-Dataset-master/Dataset/1064688_DF_080_080BDF0032_04157/1064688_DF_080_080BDF0032_04157_RAW.jpg
1093101_DF_251_251BDF0052_01121,train,Crack,23554,0,355167,d:/current project/SIH PPts/roadsense_webapp/roadsense_webapp/Cracks-and-Potholes-in-Road-Images-Dataset-master/Cracks-and-Potholes-in-Road-Images-Dataset-master/Dataset/1093101_DF_251_251BDF0052_01121/1093101_DF_251_251BDF0052_01121_RAW.jpg
1014681_RS_386_386RS124739_30330,train,Pothole,10136,1943,399059,d:/current project/SIH PPts/roadsense_webapp/roadsense_webapp/Cracks-and-Potholes-in-Road-Images-Dataset-master/Cracks-and-Potholes-in-Road-Images-Dataset-master/Dataset/1014681_RS_386_386RS124739_30330/1014681_RS_386_386RS124739_30330_RAW.jpg
994521_RS_386_386RS191729_09370,train,Normal,738,0,345025,d:/current project/SIH PPts/roadsense_webapp/roadsense_webapp/Cracks-and-Potholes-in-Road-Images-Dataset-master/Cracks-and-Potholes-in-Road-Images-Dataset-master/Dataset/994521_RS_386_386RS191729_09370/994521_RS_386_386RS191729_09370_RAW.jpg
1092727_DF_251_251BDF0052_00466,train,Crack,5038,0,340970,d:/current project/SIH PPts/roadsense_webapp/roadsense_webapp/Cracks-and-Potholes-in-Road-Images-Dataset-master/Cracks-and-Potholes-in-Road-Images-Dataset-master/Dataset/1092727_DF_251_251BDF0052_00466/1092727_DF_251_251BDF0052_00466_RAW.jpg
917067_RS_290_290RS294095_18785,train,Pothole,710,1437,348252,d:/current project/SIH PPts/roadsense_webapp/roadsense_webapp/Cracks-and-Potholes-in-Road-Images-Dataset-master/Cracks-and-Potholes-in-Road-Images-Dataset-master/Dataset/917067_RS_290_290RS294095_18785/917067_RS_290_290RS294095_18785_RAW.jpg
919529_RS_290_290RS294095_31095,train,Crack,4727,0,352711,d:/current project/SIH PPts/roadsense_webapp/roadsense_webapp/Cracks-and-Potholes-in-Road-Images-Dataset-master/Cracks-and-Potholes-in-Road-Images-Dataset-master/Dataset/919529_RS_290_290RS294095_31095/919529_RS_290_290RS294095_31095_RAW.jpg
917092_RS_290_290RS294095_18910,train,Crack,6434,0,362313,d:/current project/SIH PPts/roadsense_webapp/roadsense_webapp/Cracks-and-Potholes-in-Road-Images-Dataset-master/Cracks-and-Potholes-in-Road-Images-Dataset-master/Dataset/917092_RS_290_290RS294095_18910/917092_RS_290_290RS294095_18910_RAW.jpg
915961_RS_290_290RS294095_13255,train,Crack,2380,0,359786,d:/current project/SIH PPts/roadsense_webapp/roadsense_webapp/Cracks-and-Potholes-in-Road-Images-Dataset-master/Cracks-and-Potholes-in-Road-Images-Dataset-master/Dataset/915961_RS_290_290RS294095_13255/915961_RS_290_290RS294095_13255_RAW.jpg
1092056_DF_251_251BDF0490_01424,val,Crack,15316,0,374897,d:/current project/SIH PPts/roadsense_webapp/roadsense_webapp/Cracks-and-Potholes-in-Road-Images-Dataset-master/Cracks-and-Potholes-in-Road-Images-Dataset-master/Dataset/1092056_DF_251_251BDF0490_01424/1092056_DF_251_251BDF0490_01424_RAW.jpg
1083772_DF_080_080BDF0090_00331,train,Crack,5068,0,350934,d:/current project/SIH PPts/roadsense_webapp/roadsense_webapp/Cracks-and-Potholes-in-Road-Images-Dataset-master/Cracks-and-Potholes-in-Road-Images-Dataset-master/Dataset/1083772_DF_080_080BDF0090_00331/1083772_DF_080_080BDF0090_00331_RAW.jpg
917221_RS_290_290RS294095_19555,val,Crack,6623,0,367669,d:/current project/SIH PPts/roadsense_webapp/roadsense_webapp/Cracks-and-Potholes-in-Road-Images-Dataset-master/Cracks-and-Potholes-in-Road-Images-Dataset-master/Dataset/917221_RS_290_290RS294095_19555/917221_RS_290_290RS294095_19555_RAW.jpg
1091928_DF_251_251BDF0490_01187,train,Crack,3981,0,354838,d:/current project/SIH PPts/roadsense_webapp/roadsense_webapp/Cracks-and-Potholes-in-Road-Images-Dataset-master/Cracks-and-Potholes-in-Road-Images-Dataset-master/Dataset/1091928_DF_251_251BDF0490_01187/1091928_DF_251_251BDF0490_01187_RAW.jpg
1084438_DF_080_080BDF0090_01665,train,Crack,4651,0,334607,d:/current project/SIH PPts/roadsense_webapp/roadsense_webapp/Cracks-and-Potholes-in-Road-Images-Dataset-master/Cracks-and-Potholes-in-Road-Images-Dataset-master/Dataset/1084438_DF_080_080BDF0090_01665/1084438_DF_080_080BDF0090_01665_RAW.jpg
883246_RS_290_290RS150131_16960,train,Pothole,0,25407,337005,d:/current project/SIH PPts/roadsense_webapp/roadsense_webapp/Cracks-and-Potholes-in-Road-Images-Dataset-master/Cracks-and-Potholes-in-Road-Images-Dataset-master/Dataset/883246_RS_290_290RS150131_16960/883246_RS_290_290RS150131_16960_RAW.jpg
1014680_RS_386_386RS124739_30325,train,Crack,24779,0,387182,d:/current project/SIH PPts/roadsense_webapp/roadsense_webapp/Cracks-and-Potholes-in-Road-Images-Dataset-master/Cracks-and-Potholes-in-Road-Images-Dataset-master/Dataset/1014680_RS_386_386RS124739_30325/1014680_RS_386_386RS124739_30325_RAW.jpg
1083995_DF_080_080BDF0090_00780,train,Crack,3551,0,329025,d:/current project/SIH PPts/roadsense_webapp/roadsense_webapp/Cracks-and-Potholes-in-Road-Images-Dataset-master/Cracks-and-Potholes-in-Road-Images-Dataset-master/Dataset/1083995_DF_080_080BDF0090_00780/1083995_DF_080_080BDF0090_00780_RAW.jpg
917187_RS_290_290RS294095_19385,train,Crack,42480,0,367523,d:/current project/SIH PPts/roadsense_webapp/roadsense_webapp/Cracks-and-Potholes-in-Road-Images-Dataset-master/Cracks-and-Potholes-in-Road-Images-Dataset-master/Dataset/917187_RS_290_290RS294095_19385/917187_RS_290_290RS294095_19385_RAW.jpg
917959_RS_290_290RS294095_23245,train,Crack,7199,0,364428,d:/current project/SIH PPts/roadsense_webapp/roadsense_webapp/Cracks-and-Potholes-in-Road-Images-Dataset-master/Cracks-and-Potholes-in-Road-Images-Dataset-master/Dataset/917959_RS_290_290RS294095_23245/917959_RS_290_290RS294095_23245_RAW.jpg
1025899_RS_386_386RS169832_09235,train,Crack,8518,0,402726,d:/current project/SIH PPts/roadsense_webapp/roadsense_webapp/Cracks-and-Potholes-in-Road-Images-Dataset-master/Cracks-and-Potholes-in-Road-Images-Dataset-master/Dataset/1025899_RS_386_386RS169832_09235/1025899_RS_386_386RS169832_09235_RAW.jpg
919196_RS_290_290RS294095_29430,train,Crack,11598,0,360460,d:/current project/SIH PPts/roadsense_webapp/roadsense_webapp/Cracks-and-Potholes-in-Road-Images-Dataset-master/Cracks-and-Potholes-in-Road-Images-Dataset-master/Dataset/919196_RS_290_290RS294095_29430/919196_RS_290_290RS294095_29430_RAW.jpg
1014904_RS_386_386RS124739_31445,train,Pothole,3464,7300,363197,d:/current project/SIH PPts/roadsense_webapp/roadsense_webapp/Cracks-and-Potholes-in-Road-Images-Dataset-master/Cracks-and-Potholes-in-Road-Images-Dataset-master/Dataset/1014904_RS_386_386RS124739_31445/1014904_RS_386_386RS124739_31445_RAW.jpg
1094173_DF_251_251BDF0052_03073,train,Crack,6846,0,360445,d:/current project/SIH PPts/roadsense_webapp/roadsense_webapp/Cracks-and-Potholes-in-Road-Images-Dataset-master/Cracks-and-Potholes-in-Road-Images-Dataset-master/Dataset/1094173_DF_251_251BDF0052_03073/1094173_DF_251_251BDF0052_03073_RAW.jpg
917338_RS_290_290RS294095_20140,train,Crack,4494,0,359077,d:/current project/SIH PPts/roadsense_webapp/roadsense_webapp/Cracks-and-Potholes-in-Road-Images-Dataset-master/Cracks-and-Potholes-in-Road-Images-Dataset-master/Dataset/917338_RS_290_290RS294095_20140/917338_RS_290_290RS294095_20140_RAW.jpg
917577_RS_290_290RS294095_21335,val,Crack,3975,0,350975,d:/current project/SIH PPts/roadsense_webapp/roadsense_webapp/Cracks-and-Potholes-in-Road-Images-Dataset-master/Cracks-and-Potholes-in-Road-Images-Dataset-master/Dataset/917577_RS_290_290RS294095_21335/917577_RS_290_290RS294095_21335_RAW.jpg
1084458_DF_080_080BDF0090_01701,train,Crack,7485,0,349267,d:/current project/SIH PPts/roadsense_webapp/roadsense_webapp/Cracks-and-Potholes-in-Road-Images-Dataset-master/Cracks-and-Potholes-in-Road-Images-Dataset-master/Dataset/1084458_DF_080_080BDF0090_01701/1084458_DF_080_080BDF0090_01701_RAW.jpg
1092907_DF_251_251BDF0052_00780,train,Crack,19913,0,363406,d:/current project/SIH PPts/roadsense_webapp/roadsense_webapp/Cracks-and-Potholes-in-Road-Images-Dataset-master/Cracks-and-Potholes-in-Road-Images-Dataset-master/Dataset/1092907_DF_251_251BDF0052_00780/1092907_DF_251_251BDF0052_00780_RAW.jpg
1097210_DF_070_070BDF0010_04093,train,Pothole,0,2034,382013,d:/current project/SIH PPts/roadsense_webapp/roadsense_webapp/Cracks-and-Potholes-in-Road-Images-Dataset-master/Cracks-and-Potholes-in-Road-Images-Dataset-master/Dataset/1097210_DF_070_070BDF0010_04093/1097210_DF_070_070BDF0010_04093_RAW.jpg
1046387_DF_060_060BDF0030_01577,train,Pothole,0,10264,363267,d:/current project/SIH PPts/roadsense_webapp/roadsense_webapp/Cracks-and-Potholes-in-Road-Images-Dataset-master/Cracks-and-Potholes-in-Road-Images-Dataset-master/Dataset/1046387_DF_060_060BDF0030_01577/1046387_DF_060_060BDF0030_01577_RAW.jpg
1053848_DF_020_020BDF0070_06007,train,Pothole,0,1939,388542,d:/current project/SIH PPts/roadsense_webapp/roadsense_webapp/Cracks-and-Potholes-in-Road-Images-Dataset-master/Cracks-and-Potholes-in-Road-Images-Dataset-master/Dataset/1053848_DF_020_020BDF0070_06007/1053848_DF_020_020BDF0070_06007_RAW.jpg
1092098_DF_251_251BDF0490_01498,train,Crack,5496,0,364017,d:/current project/SIH PPts/roadsense_webapp/roadsense_webapp/Cracks-and-Potholes-in-Road-Images-Dataset-master/Cracks-and-Potholes-in-Road-Images-Dataset-master/Dataset/1092098_DF_251_251BDF0490_01498/1092098_DF_251_251BDF0490_01498_RAW.jpg
994100_RS_386_386RS191729_07265,val,Crack,15240,0,360180,d:/current project/SIH PPts/roadsense_webapp/roadsense_webapp/Cracks-and-Potholes-in-Road-Images-Dataset-master/Cracks-and-Potholes-in-Road-Images-Dataset-master/Dataset/994100_RS_386_386RS191729_07265/994100_RS_386_386RS191729_07265_RAW.jpg
941979_RS_290_290RS070691_02800,val,Pothole,0,2424,366378,d:/current project/SIH PPts/roadsense_webapp/roadsense_webapp/Cracks-and-Potholes-in-Road-Images-Dataset-master/Cracks-and-Potholes-in-Road-Images-Dataset-master/Dataset/941979_RS_290_290RS070691_02800/941979_RS_290_290RS070691_02800_RAW.jpg
1055466_DF_020_020BDF0070_09001,val,Pothole,0,5415,362778,d:/current project/SIH PPts/roadsense_webapp/roadsense_webapp/Cracks-and-Potholes-in-Road-Images-Dataset-master/Cracks-and-Potholes-in-Road-Images-Dataset-master/Dataset/1055466_DF_020_020BDF0070_09001/1055466_DF_020_020BDF0070_09001_RAW.jpg
919249_RS_290_290RS294095_29695,train,Crack,1953,0,349582,d:/current project/SIH PPts/roadsense_webapp/roadsense_webapp/Cracks-and-Potholes-in-Road-Images-Dataset-master/Cracks-and-Potholes-in-Road-Images-Dataset-master/Dataset/919249_RS_290_290RS294095_29695/919249_RS_290_290RS294095_29695_RAW.jpg
884194_RS_290_290RS150131_21700,val,Pothole,0,14425,365144,d:/current project/SIH PPts/roadsense_webapp/roadsense_webapp/Cracks-and-Potholes-in-Road-Images-Dataset-master/Cracks-and-Potholes-in-Road-Images-Dataset-master/Dataset/884194_RS_290_290RS150131_21700/884194_RS_290_290RS150131_21700_RAW.jpg
1081803_DF_080_080BDF0070_00873,val,Crack,2663,0,310398,d:/current project/SIH PPts/roadsense_webapp/roadsense_webapp/Cracks-and-Potholes-in-Road-Images-Dataset-master/Cracks-and-Potholes-in-Road-Images-Dataset-master/Dataset/1081803_DF_080_080BDF0070_00873/1081803_DF_080_080BDF0070_00873_RAW.jpg
919207_RS_290_290RS294095_29485,train,Crack,6328,0,361373,d:/current project/SIH PPts/roadsense_webapp/roadsense_webapp/Cracks-and-Potholes-in-Road-Images-Dataset-master/Cracks-and-Potholes-in-Road-Images-Dataset-master/Dataset/919207_RS_290_290RS294095_29485/919207_RS_290_290RS294095_29485_RAW.jpg
1014849_RS_386_386RS124739_31170,train,Crack,14313,0,377653,d:/current project/SIH PPts/roadsense_webapp/roadsense_webapp/Cracks-and-Potholes-in-Road-Images-Dataset-master/Cracks-and-Potholes-in-Road-Images-Dataset-master/Dataset/1014849_RS_386_386RS124739_31170/1014849_RS_386_386RS124739_31170_RAW.jpg
1092905_DF_251_251BDF0052_00777,train,Crack,36771,0,360629,d:/current project/SIH PPts/roadsense_webapp/roadsense_webapp/Cracks-and-Potholes-in-Road-Images-Dataset-master/Cracks-and-Potholes-in-Road-Images-Dataset-master/Dataset/1092905_DF_251_251BDF0052_00777/1092905_DF_251_251BDF0052_00777_RAW.jpg
994084_RS_386_386RS191729_07185,train,Crack,15624,0,362507,d:/current project/SIH PPts/roadsense_webapp/roadsense_webapp/Cracks-and-Potholes-in-Road-Images-Dataset-master/Cracks-and-Potholes-in-Road-Images-Dataset-master/Dataset/994084_RS_386_386RS191729_07185/994084_RS_386_386RS191729_07185_RAW.jpg
1054908_DF_020_020BDF0070_07965,train,Crack,1733,0,364658,d:/current project/SIH PPts/roadsense_webapp/roadsense_webapp/Cracks-and-Potholes-in-Road-Images-Dataset-master/Cracks-and-Potholes-in-Road-Images-Dataset-master/Dataset/1054908_DF_020_020BDF0070_07965/1054908_DF_020_020BDF0070_07965_RAW.jpg
919535_RS_290_290RS294095_31125,train,Crack,1566,0,347404,d:/current project/SIH PPts/roadsense_webapp/roadsense_webapp/Cracks-and-Potholes-in-Road-Images-Dataset-master/Cracks-and-Potholes-in-Road-Images-Dataset-master/Dataset/919535_RS_290_290RS294095_31125/919535_RS_290_290RS294095_31125_RAW.jpg
1025820_RS_386_386RS169832_08840,train,Pothole,475,469,413026,d:/current project/SIH PPts/roadsense_webapp/roadsense_webapp/Cracks-and-Potholes-in-Road-Images-Dataset-master/Cracks-and-Potholes-in-Road-Images-Dataset-master/Dataset/1025820_RS_386_386RS169832_08840/1025820_RS_386_386RS169832_08840_RAW.jpg
1092031_DF_251_251BDF0490_01377,train,Crack,4874,0,362562,d:/current project/SIH PPts/roadsense_webapp/roadsense_webapp/Cracks-and-Potholes-in-Road-Images-Dataset-master/Cracks-and-Potholes-in-Road-Images-Dataset-master/Dataset/1092031_DF_251_251BDF0490_01377/1092031_DF_251_251BDF0490_01377_RAW.jpg
918958_RS_290_290RS294095_28240,train,Crack,3074,0,350608,d:/current project/SIH PPts/roadsense_webapp/roadsense_webapp/Cracks-and-Potholes-in-Road-Images-Dataset-master/Cracks-and-Potholes-in-Road-Images-Dataset-master/Dataset/918958_RS_290_290RS294095_28240/918958_RS_290_290RS294095_28240_RAW.jpg
1075627_DF_251_251BDF0530_02013,val,Crack,14706,0,344449,d:/current project/SIH PPts/roadsense_webapp/roadsense_webapp/Cracks-and-Potholes-in-Road-Images-Dataset-master/Cracks-and-Potholes-in-Road-Images-Dataset-master/Dataset/1075627_DF_251_251BDF0530_02013/1075627_DF_251_251BDF0530_02013_RAW.jpg
1014706_RS_386_386RS124739_30455,train,Crack,4720,0,373210,d:/current project/SIH PPts/roadsense_webapp/roadsense_webapp/Cracks-and-Potholes-in-Road-Images-Dataset-master/Cracks-and-Potholes-in-Road-Images-Dataset-master/Dataset/1014706_RS_386_386RS124739_30455/1014706_RS_386_386RS124739_30455_RAW.jpg
1075612_DF_251_251BDF0530_01986,train,Crack,12161,0,356576,d:/current project/SIH PPts/roadsense_webapp/roadsense_webapp/Cracks-and-Potholes-in-Road-Images-Dataset-master/Cracks-and-Potholes-in-Road-Images-Dataset-master/Dataset/1075612_DF_251_251BDF0530_01986/1075612_DF_251_251BDF0530_01986_RAW.jpg
1093097_DF_251_251BDF0052_01115,train,Crack,11258,0,358733,d:/current project/SIH PPts/roadsense_webapp/roadsense_webapp/Cracks-and-Potholes-in-Road-Images-Dataset-master/Cracks-and-Potholes-in-Road-Images-Dataset-master/Dataset/1093097_DF_251_251BDF0052_01115/1093097_DF_251_251BDF0052_01115_RAW.jpg
1092501_DF_251_251BDF0052_00072,train,Crack,7263,0,331130,d:/current project/SIH PPts/roadsense_webapp/roadsense_webapp/Cracks-and-Potholes-in-Road-Images-Dataset-master/Cracks-and-Potholes-in-Road-Images-Dataset-master/Dataset/1092501_DF_251_251BDF0052_00072/1092501_DF_251_251BDF0052_00072_RAW.jpg
917671_RS_290_290RS294095_21805,train,Pothole,0,7806,352511,d:/current project/SIH PPts/roadsense_webapp/roadsense_webapp/Cracks-and-Potholes-in-Road-Images-Dataset-master/Cracks-and-Potholes-in-Road-Images-Dataset-master/Dataset/917671_RS_290_290RS294095_21805/917671_RS_290_290RS294095_21805_RAW.jpg
994078_RS_386_386RS191729_07156,train,Crack,4283,0,361124,d:/current project/SIH PPts/roadsense_webapp/roadsense_webapp/Cracks-and-Potholes-in-Road-Images-Dataset-master/Cracks-and-Potholes-in-Road-Images-Dataset-master/Dataset/994078_RS_386_386RS191729_07156/994078_RS_386_386RS191729_07156_RAW.jpg
1084274_DF_080_080BDF0090_01373,train,Crack,2815,0,306230,d:/current project/SIH PPts/roadsense_webapp/roadsense_webapp/Cracks-and-Potholes-in-Road-Images-Dataset-master/Cracks-and-Potholes-in-Road-Images-Dataset-master/Dataset/1084274_DF_080_080BDF0090_01373/1084274_DF_080_080BDF0090_01373_RAW.jpg
1085449_DF_080_080BDF0090_03640,train,Normal,1266,0,340411,d:/current project/SIH PPts/roadsense_webapp/roadsense_webapp/Cracks-and-Potholes-in-Road-Images-Dataset-master/Cracks-and-Potholes-in-Road-Images-Dataset-master/Dataset/1085449_DF_080_080BDF0090_03640/1085449_DF_080_080BDF0090_03640_RAW.jpg
917327_RS_290_290RS294095_20085,val,Crack,2304,0,359600,d:/current project/SIH PPts/roadsense_webapp/roadsense_webapp/Cracks-and-Potholes-in-Road-Images-Dataset-master/Cracks-and-Potholes-in-Road-Images-Dataset-master/Dataset/917327_RS_290_290RS294095_20085/917327_RS_290_290RS294095_20085_RAW.jpg
1025789_RS_386_386RS169832_08685,train,Crack,14283,0,396470,d:/current project/SIH PPts/roadsense_webapp/roadsense_webapp/Cracks-and-Potholes-in-Road-Images-Dataset-master/Cracks-and-Potholes-in-Road-Images-Dataset-master/Dataset/1025789_RS_386_386RS169832_08685/1025789_RS_386_386RS169832_08685_RAW.jpg
1092054_DF_251_251BDF0490_01420,train,Crack,4654,0,377073,d:/current project/SIH PPts/roadsense_webapp/roadsense_webapp/Cracks-and-Potholes-in-Road-Images-Dataset-master/Cracks-and-Potholes-in-Road-Images-Dataset-master/Dataset/1092054_DF_251_251BDF0490_01420/1092054_DF_251_251BDF0490_01420_RAW.jpg
1092108_DF_251_251BDF0490_01516,train,Crack,6544,0,380367,d:/current project/SIH PPts/roadsense_webapp/roadsense_webapp/Cracks-and-Potholes-in-Road-Images-Dataset-master/Cracks-and-Potholes-in-Road-Images-Dataset-master/Dataset/1092108_DF_251_251BDF0490_01516/1092108_DF_251_251BDF0490_01516_RAW.jpg
1091722_DF_251_251BDF0490_00796,train,Crack,7370,0,345638,d:/current project/SIH PPts/roadsense_webapp/roadsense_webapp/Cracks-and-Potholes-in-Road-Images-Dataset-master/Cracks-and-Potholes-in-Road-Images-Dataset-master/Dataset/1091722_DF_251_251BDF0490_00796/1091722_DF_251_251BDF0490_00796_RAW.jpg
1092775_DF_251_251BDF0052_00548,train,Crack,7314,0,349682,d:/current project/SIH PPts/roadsense_webapp/roadsense_webapp/Cracks-and-Potholes-in-Road-Images-Dataset-master/Cracks-and-Potholes-in-Road-Images-Dataset-master/Dataset/1092775_DF_251_251BDF0052_00548/1092775_DF_251_251BDF0052_00548_RAW.jpg
919139_RS_290_290RS294095_29145,train,Crack,5076,0,365921,d:/current project/SIH PPts/roadsense_webapp/roadsense_webapp/Cracks-and-Potholes-in-Road-Images-Dataset-master/Cracks-and-Potholes-in-Road-Images-Dataset-master/Dataset/919139_RS_290_290RS294095_29145/919139_RS_290_290RS294095_29145_RAW.jpg
1092893_DF_251_251BDF0052_00755,val,Crack,10575,0,373345,d:/current project/SIH PPts/roadsense_webapp/roadsense_webapp/Cracks-and-Potholes-in-Road-Images-Dataset-master/Cracks-and-Potholes-in-Road-Images-Dataset-master/Dataset/1092893_DF_251_251BDF0052_00755/1092893_DF_251_251BDF0052_00755_RAW.jpg
1025766_RS_386_386RS169832_08570,train,Normal,592,0,383645,d:/current project/SIH PPts/roadsense_webapp/roadsense_webapp/Cracks-and-Potholes-in-Road-Images-Dataset-master/Cracks-and-Potholes-in-Road-Images-Dataset-master/Dataset/1025766_RS_386_386RS169832_08570/1025766_RS_386_386RS169832_08570_RAW.jpg
819786_ES_259_259ES000000_00415,train,Crack,3594,0,346497,d:/current project/SIH PPts/roadsense_webapp/roadsense_webapp/Cracks-and-Potholes-in-Road-Images-Dataset-master/Cracks-and-Potholes-in-Road-Images-Dataset-master/Dataset/819786_ES_259_259ES000000_00415/819786_ES_259_259ES000000_00415_RAW.jpg
1053883_DF_020_020BDF0070_06066,train,Normal,1112,0,372957,d:/current project/SIH PPts/roadsense_webapp/roadsense_webapp/Cracks-and-Potholes-in-Road-Images-Dataset-master/Cracks-and-Potholes-in-Road-Images-Dataset-master/Dataset/1053883_DF_020_020BDF0070_06066/1053883_DF_020_020BDF0070_06066_RAW.jpg
1014912_RS_386_386RS124739_31485,train,Normal,971,0,378024,d:/current project/SIH PPts/roadsense_webapp/roadsense_webapp/Cracks-and-Potholes-in-Road-Images-Dataset-master/Cracks-and-Potholes-in-Road-Images-Dataset-master/Dataset/1014912_RS_386_386RS124739_31485/1014912_RS_386_386RS124739_31485_RAW.jpg
1014626_RS_386_386RS124739_30055,val,Normal,924,0,376688,d:/current project/SIH PPts/roadsense_webapp/roadsense_webapp/Cracks-and-Potholes-in-Road-Images-Dataset-master/Cracks-and-Potholes-in-Road-Images-Dataset-master/Dataset/1014626_RS_386_386RS124739_30055/1014626_RS_386_386RS124739_30055_RAW.jpg
1058913_DF_010_010BDF0010_06346,val,Pothole,0,2170,373582,d:/current project/SIH PPts/roadsense_webapp/roadsense_webapp/Cracks-and-Potholes-in-Road-Images-Dataset-master/Cracks-and-Potholes-in-Road-Images-Dataset-master/Dataset/1058913_DF_010_010BDF0010_06346/1058913_DF_010_010BDF0010_06346_RAW.jpg
916079_RS_290_290RS294095_13846,train,Normal,1298,0,365805,d:/current project/SIH PPts/roadsense_webapp/roadsense_webapp/Cracks-and-Potholes-in-Road-Images-Dataset-master/Cracks-and-Potholes-in-Road-Images-Dataset-master/Dataset/916079_RS_290_290RS294095_13846/916079_RS_290_290RS294095_13846_RAW.jpg
1014675_RS_386_386RS124739_30300,train,Crack,20869,0,382346,d:/current project/SIH PPts/roadsense_webapp/roadsense_webapp/Cracks-and-Potholes-in-Road-Images-Dataset-master/Cracks-and-Potholes-in-Road-Images-Dataset-master/Dataset/1014675_RS_386_386RS124739_30300/1014675_RS_386_386RS124739_30300_RAW.jpg
916673_RS_290_290RS294095_16815,train,Pothole,0,4574,345471,d:/current project/SIH PPts/roadsense_webapp/roadsense_webapp/Cracks-and-Potholes-in-Road-Images-Dataset-master/Cracks-and-Potholes-in-Road-Images-Dataset-master/Dataset/916673_RS_290_290RS294095_16815/916673_RS_290_290RS294095_16815_RAW.jpg
918403_RS_290_290RS294095_25465,train,Crack,6332,0,352357,d:/current project/SIH PPts/roadsense_webapp/roadsense_webapp/Cracks-and-Potholes-in-Road-Images-Dataset-master/Cracks-and-Potholes-in-Road-Images-Dataset-master/Dataset/918403_RS_290_290RS294095_25465/918403_RS_290_290RS294095_25465_RAW.jpg
1068104_DF_010_010BDF0018_04348,train,Normal,1227,0,391590,d:/current project/SIH PPts/roadsense_webapp/roadsense_webapp/Cracks-and-Potholes-in-Road-Images-Dataset-master/Cracks-and-Potholes-in-Road-Images-Dataset-master/Dataset/1068104_DF_010_010BDF0018_04348/1068104_DF_010_010BDF0018_04348_RAW.jpg
1093024_DF_251_251BDF0052_00987,train,Crack,40657,0,364110,d:/current project/SIH PPts/roadsense_webapp/roadsense_webapp/Cracks-and-Potholes-in-Road-Images-Dataset-master/Cracks-and-Potholes-in-Road-Images-Dataset-master/Dataset/1093024_DF_251_251BDF0052_00987/1093024_DF_251_251BDF0052_00987_RAW.jpg
1014794_RS_386_386RS124739_30895,train,Crack,3276,0,391092,d:/current project/SIH PPts/roadsense_webapp/roadsense_webapp/Cracks-and-Potholes-in-Road-Images-Dataset-master/Cracks-and-Potholes-in-Road-Images-Dataset-master/Dataset/1014794_RS_386_386RS124739_30895/1014794_RS_386_386RS124739_30895_RAW.jpg
883217_RS_290_290RS150131_16815,train,Pothole,0,19284,358378,d:/current project/SIH PPts/roadsense_webapp/roadsense_webapp/Cracks-and-Potholes-in-Road-Images-Dataset-master/Cracks-and-Potholes-in-Road-Images-Dataset-master/Dataset/883217_RS_290_290RS150131_16815/883217_RS_290_290RS150131_16815_RAW.jpg
1053880_DF_020_020BDF0070_06061,train,Crack,6353,0,381601,d:/current project/SIH PPts/roadsense_webapp/roadsense_webapp/Cracks-and-Potholes-in-Road-Images-Dataset-master/Cracks-and-Potholes-in-Road-Images-Dataset-master/Dataset/1053880_DF_020_020BDF0070_06061/1053880_DF_020_020BDF0070_06061_RAW.jpg
1025920_RS_386_386RS169832_09340,val,Crack,3102,0,384155,d:/current project/SIH PPts/roadsense_webapp/roadsense_webapp/Cracks-and-Potholes-in-Road-Images-Dataset-master/Cracks-and-Potholes-in-Road-Images-Dataset-master/Dataset/1025920_RS_386_386RS169832_09340/1025920_RS_386_386RS169832_09340_RAW.jpg
994592_RS_386_386RS191729_09725,train,Crack,1956,0,357627,d:/current project/SIH PPts/roadsense_webapp/roadsense_webapp/Cracks-and-Potholes-in-Road-Images-Dataset-master/Cracks-and-Potholes-in-Road-Images-Dataset-master/Dataset/994592_RS_386_386RS191729_09725/994592_RS_386_386RS191729_09725_RAW.jpg
1014687_RS_386_386RS124739_30360,val,Crack,11866,0,389186,d:/current project/SIH PPts/roadsense_webapp/roadsense_webapp/Cracks-and-Potholes-in-Road-Images-Dataset-master/Cracks-and-Potholes-in-Road-Images-Dataset-master/Dataset/1014687_RS_386_386RS124739_30360/1014687_RS_386_386RS124739_30360_RAW.jpg
1014876_RS_386_386RS124739_31306,train,Crack,5703,0,382503,d:/current project/SIH PPts/roadsense_webapp/roadsense_webapp/Cracks-and-Potholes-in-Road-Images-Dataset-master/Cracks-and-Potholes-in-Road-Images-Dataset-master/Dataset/1014876_RS_386_386RS124739_31306/1014876_RS_386_386RS124739_31306_RAW.jpg
1092801_DF_251_251BDF0052_00593,train,Crack,11199,0,350401,d:/current project/SIH PPts/roadsense_webapp/roadsense_webapp/Cracks-and-Potholes-in-Road-Images-Dataset-master/Cracks-and-Potholes-in-Road-Images-Dataset-master/Dataset/1092801_DF_251_251BDF0052_00593/1092801_DF_251_251BDF0052_00593_RAW.jpg
994088_RS_386_386RS191729_07206,train,Crack,15225,0,357732,d:/current project/SIH PPts/roadsense_webapp/roadsense_webapp/Cracks-and-Potholes-in-Road-Images-Dataset-master/Cracks-and-Potholes-in-Road-Images-Dataset-master/Dataset/994088_RS_386_386RS191729_07206/994088_RS_386_386RS191729_07206_RAW.jpg
1025906_RS_386_386RS169832_09270,val,Crack,4552,0,394981,d:/current project/SIH PPts/roadsense_webapp/roadsense_webapp/Cracks-and-Potholes-in-Road-Images-Dataset-master/Cracks-and-Potholes-in-Road-Images-Dataset-master/Dataset/1025906_RS_386_386RS169832_09270/1025906_RS_386_386RS169832_09270_RAW.jpg
1092874_DF_251_251BDF0052_00722,train,Crack,11382,0,363910,d:/current project/SIH PPts/roadsense_webapp/roadsense_webapp/Cracks-and-Potholes-in-Road-Images-Dataset-master/Cracks-and-Potholes-in-Road-Images-Dataset-master/Dataset/1092874_DF_251_251BDF0052_00722/1092874_DF_251_251BDF0052_00722_RAW.jpg
1082758_DF_080_080BDF0070_02801,train,Crack,7479,0,350567,d:/current project/SIH PPts/roadsense_webapp/roadsense_webapp/Cracks-and-Potholes-in-Road-Images-Dataset-master/Cracks-and-Potholes-in-Road-Images-Dataset-master/Dataset/1082758_DF_080_080BDF0070_02801/1082758_DF_080_080BDF0070_02801_RAW.jpg
883248_RS_290_290RS150131_16970,train,Pothole,0,32246,336822,d:/current project/SIH PPts/roadsense_webapp/roadsense_webapp/Cracks-and-Potholes-in-Road-Images-Dataset-master/Cracks-and-Potholes-in-Road-Images-Dataset-master/Dataset/883248_RS_290_290RS150131_16970/883248_RS_290_290RS150131_16970_RAW.jpg
1093532_DF_251_251BDF0052_01928,train,Pothole,258,249,366170,d:/current project/SIH PPts/roadsense_webapp/roadsense_webapp/Cracks-and-Potholes-in-Road-Images-Dataset-master/Cracks-and-Potholes-in-Road-Images-Dataset-master/Dataset/1093532_DF_251_251BDF0052_01928/1093532_DF_251_251BDF0052_01928_RAW.jpg
1092658_DF_251_251BDF0052_00345,val,Crack,10319,0,374814,d:/current project/SIH PPts/roadsense_webapp/roadsense_webapp/Cracks-and-Potholes-in-Road-Images-Dataset-master/Cracks-and-Potholes-in-Road-Images-Dataset-master/Dataset/1092658_DF_251_251BDF0052_00345/1092658_DF_251_251BDF0052_00345_RAW.jpg
1014761_RS_386_386RS124739_30730,train,Crack,4266,0,396228,d:/current project/SIH PPts/roadsense_webapp/roadsense_webapp/Cracks-and-Potholes-in-Road-Images-Dataset-master/Cracks-and-Potholes-in-Road-Images-Dataset-master/Dataset/1014761_RS_386_386RS124739_30730/1014761_RS_386_386RS124739_30730_RAW.jpg
915959_RS_290_290RS294095_13245,val,Crack,3004,0,368953,d:/current project/SIH PPts/roadsense_webapp/roadsense_webapp/Cracks-and-Potholes-in-Road-Images-Dataset-master/Cracks-and-Potholes-in-Road-Images-Dataset-master/Dataset/915959_RS_290_290RS294095_13245/915959_RS_290_290RS294095_13245_RAW.jpg
1025778_RS_386_386RS169832_08630,train,Pothole,3146,53471,389693,d:/current project/SIH PPts/roadsense_webapp/roadsense_webapp/Cracks-and-Potholes-in-Road-Images-Dataset-master/Cracks-and-Potholes-in-Road-Images-Dataset-master/Dataset/1025778_RS_386_386RS169832_08630/1025778_RS_386_386RS169832_08630_RAW.jpg
1092809_DF_251_251BDF0052_00607,train,Crack,7077,0,342551,d:/current project/SIH PPts/roadsense_webapp/roadsense_webapp/Cracks-and-Potholes-in-Road-Images-Dataset-master/Cracks-and-Potholes-in-Road-Images-Dataset-master/Dataset/1092809_DF_251_251BDF0052_00607/1092809_DF_251_251BDF0052_00607_RAW.jpg
917788_RS_290_290RS294095_22390,train,Crack,1834,0,368296,d:/current project/SIH PPts/roadsense_webapp/roadsense_webapp/Cracks-and-Potholes-in-Road-Images-Dataset-master/Cracks-and-Potholes-in-Road-Images-Dataset-master/Dataset/917788_RS_290_290RS294095_22390/917788_RS_290_290RS294095_22390_RAW.jpg
1014628_RS_386_386RS124739_30065,train,Pothole,21438,1566,386251,d:/current project/SIH PPts/roadsense_webapp/roadsense_webapp/Cracks-and-Potholes-in-Road-Images-Dataset-master/Cracks-and-Potholes-in-Road-Images-Dataset-master/Dataset/1014628_RS_386_386RS124739_30065/1014628_RS_386_386RS124739_30065_RAW.jpg
1014872_RS_386_386RS124739_31285,train,Crack,7751,0,379437,d:/current project/SIH PPts/roadsense_webapp/roadsense_webapp/Cracks-and-Potholes-in-Road-Images-Dataset-master/Cracks-and-Potholes-in-Road-Images-Dataset-master/Dataset/1014872_RS_386_386RS124739_31285/1014872_RS_386_386RS124739_31285_RAW.jpg
994092_RS_386_386RS191729_07225,train,Crack,15787,0,359039,d:/current project/SIH PPts/roadsense_webapp/roadsense_webapp/Cracks-and-Potholes-in-Road-Images-Dataset-master/Cracks-and-Potholes-in-Road-Images-Dataset-master/Dataset/994092_RS_386_386RS191729_07225/994092_RS_386_386RS191729_07225_RAW.jpg
1014749_RS_386_386RS124739_30670,train,Crack,13839,0,383579,d:/current project/SIH PPts/roadsense_webapp/roadsense_webapp/Cracks-and-Potholes-in-Road-Images-Dataset-master/Cracks-and-Potholes-in-Road-Images-Dataset-master/Dataset/1014749_RS_386_386RS124739_30670/1014749_RS_386_386RS124739_30670_RAW.jpg
917213_RS_290_290RS294095_19515,train,Crack,20988,0,367869,d:/current project/SIH PPts/roadsense_webapp/roadsense_webapp/Cracks-and-Potholes-in-Road-Images-Dataset-master/Cracks-and-Potholes-in-Road-Images-Dataset-master/Dataset/917213_RS_290_290RS294095_19515/917213_RS_290_290RS294095_19515_RAW.jpg
1055781_DF_020_020BDF0070_09586,val,Normal,1055,0,372785,d:/current project/SIH PPts/roadsense_webapp/roadsense_webapp/Cracks-and-Potholes-in-Road-Images-Dataset-master/Cracks-and-Potholes-in-Road-Images-Dataset-master/Dataset/1055781_DF_020_020BDF0070_09586/1055781_DF_020_020BDF0070_09586_RAW.jpg
1092960_DF_251_251BDF0052_00874,train,Crack,10564,0,372993,d:/current project/SIH PPts/roadsense_webapp/roadsense_webapp/Cracks-and-Potholes-in-Road-Images-Dataset-master/Cracks-and-Potholes-in-Road-Images-Dataset-master/Dataset/1092960_DF_251_251BDF0052_00874/1092960_DF_251_251BDF0052_00874_RAW.jpg
1092890_DF_251_251BDF0052_00750,train,Crack,4548,0,361042,d:/current project/SIH PPts/roadsense_webapp/roadsense_webapp/Cracks-and-Potholes-in-Road-Images-Dataset-master/Cracks-and-Potholes-in-Road-Images-Dataset-master/Dataset/1092890_DF_251_251BDF0052_00750/1092890_DF_251_251BDF0052_00750_RAW.jpg
1081596_DF_080_080BDF0070_00491,train,Crack,3199,0,329715,d:/current project/SIH PPts/roadsense_webapp/roadsense_webapp/Cracks-and-Potholes-in-Road-Images-Dataset-master/Cracks-and-Potholes-in-Road-Images-Dataset-master/Dataset/1081596_DF_080_080BDF0070_00491/1081596_DF_080_080BDF0070_00491_RAW.jpg
1091666_DF_251_251BDF0490_00687,train,Crack,2364,0,361850,d:/current project/SIH PPts/roadsense_webapp/roadsense_webapp/Cracks-and-Potholes-in-Road-Images-Dataset-master/Cracks-and-Potholes-in-Road-Images-Dataset-master/Dataset/1091666_DF_251_251BDF0490_00687/1091666_DF_251_251BDF0490_00687_RAW.jpg
1014886_RS_386_386RS124739_31355,train,Normal,1423,0,387110,d:/current project/SIH PPts/roadsense_webapp/roadsense_webapp/Cracks-and-Potholes-in-Road-Images-Dataset-master/Cracks-and-Potholes-in-Road-Images-Dataset-master/Dataset/1014886_RS_386_386RS124739_31355/1014886_RS_386_386RS124739_31355_RAW.jpg
1025908_RS_386_386RS169832_09280,train,Crack,3222,0,385604,d:/current project/SIH PPts/roadsense_webapp/roadsense_webapp/Cracks-and-Potholes-in-Road-Images-Dataset-master/Cracks-and-Potholes-in-Road-Images-Dataset-master/Dataset/1025908_RS_386_386RS169832_09280/1025908_RS_386_386RS169832_09280_RAW.jpg
1091748_DF_251_251BDF0490_00846,train,Crack,2113,0,356923,d:/current project/SIH PPts/roadsense_webapp/roadsense_webapp/Cracks-and-Potholes-in-Road-Images-Dataset-master/Cracks-and-Potholes-in-Road-Images-Dataset-master/Dataset/1091748_DF_251_251BDF0490_00846/1091748_DF_251_251BDF0490_00846_RAW.jpg
1025815_RS_386_386RS169832_08815,val,Normal,0,70,399769,d:/current project/SIH PPts/roadsense_webapp/roadsense_webapp/Cracks-and-Potholes-in-Road-Images-Dataset-master/Cracks-and-Potholes-in-Road-Images-Dataset-master/Dataset/1025815_RS_386_386RS169832_08815/1025815_RS_386_386RS169832_08815_RAW.jpg
919188_RS_290_290RS294095_29390,train,Crack,4066,0,360005,d:/current project/SIH PPts/roadsense_webapp/roadsense_webapp/Cracks-and-Potholes-in-Road-Images-Dataset-master/Cracks-and-Potholes-in-Road-Images-Dataset-master/Dataset/919188_RS_290_290RS294095_29390/919188_RS_290_290RS294095_29390_RAW.jpg
1084418_DF_080_080BDF0090_01632,train,Crack,11630,0,332256,d:/current project/SIH PPts/roadsense_webapp/roadsense_webapp/Cracks-and-Potholes-in-Road-Images-Dataset-master/Cracks-and-Potholes-in-Road-Images-Dataset-master/Dataset/1084418_DF_080_080BDF0090_01632/1084418_DF_080_080BDF0090_01632_RAW.jpg
1014890_RS_386_386RS124739_31375,val,Crack,10297,0,370816,d:/current project/SIH PPts/roadsense_webapp/roadsense_webapp/Cracks-and-Potholes-in-Road-Images-Dataset-master/Cracks-and-Potholes-in-Road-Images-Dataset-master/Dataset/1014890_RS_386_386RS124739_31375/1014890_RS_386_386RS124739_31375_RAW.jpg
1094242_DF_251_251BDF0052_03203,train,Crack,2347,0,346961,d:/current project/SIH PPts/roadsense_webapp/roadsense_webapp/Cracks-and-Potholes-in-Road-Images-Dataset-master/Cracks-and-Potholes-in-Road-Images-Dataset-master/Dataset/1094242_DF_251_251BDF0052_03203/1094242_DF_251_251BDF0052_03203_RAW.jpg
1091983_DF_251_251BDF0490_01289,val,Crack,10310,0,354199,d:/current project/SIH PPts/roadsense_webapp/roadsense_webapp/Cracks-and-Potholes-in-Road-Images-Dataset-master/Cracks-and-Potholes-in-Road-Images-Dataset-master/Dataset/1091983_DF_251_251BDF0490_01289/1091983_DF_251_251BDF0490_01289_RAW.jpg
1014850_RS_386_386RS124739_31175,train,Crack,2575,0,385002,d:/current project/SIH PPts/roadsense_webapp/roadsense_webapp/Cracks-and-Potholes-in-Road-Images-Dataset-master/Cracks-and-Potholes-in-Road-Images-Dataset-master/Dataset/1014850_RS_386_386RS124739_31175/1014850_RS_386_386RS124739_31175_RAW.jpg
941572_RS_290_290RS070691_00765,val,Pothole,0,77826,349946,d:/current project/SIH PPts/roadsense_webapp/roadsense_webapp/Cracks-and-Potholes-in-Road-Images-Dataset-master/Cracks-and-Potholes-in-Road-Images-Dataset-master/Dataset/941572_RS_290_290RS070691_00765/941572_RS_290_290RS070691_00765_RAW.jpg
1091708_DF_251_251BDF0490_00769,train,Crack,1812,0,355730,d:/current project/SIH PPts/roadsense_webapp/roadsense_webapp/Cracks-and-Potholes-in-Road-Images-Dataset-master/Cracks-and-Potholes-in-Road-Images-Dataset-master/Dataset/1091708_DF_251_251BDF0490_00769/1091708_DF_251_251BDF0490_00769_RAW.jpg
1092873_DF_251_251BDF0052_00720,train,Crack,20876,0,362284,d:/current project/SIH PPts/roadsense_webapp/roadsense_webapp/Cracks-and-Potholes-in-Road-Images-Dataset-master/Cracks-and-Potholes-in-Road-Images-Dataset-master/Dataset/1092873_DF_251_251BDF0052_00720/1092873_DF_251_251BDF0052_00720_RAW.jpg
1014659_RS_386_386RS124739_30220,train,Pothole,7294,2201,391473,d:/current project/SIH PPts/roadsense_webapp/roadsense_webapp/Cracks-and-Potholes-in-Road-Images-Dataset-master/Cracks-and-Potholes-in-Road-Images-Dataset-master/Dataset/1014659_RS_386_386RS124739_30220/1014659_RS_386_386RS124739_30220_RAW.jpg
919567_RS_290_290RS294095_31286,train,Crack,10877,0,345180,d:/current project/SIH PPts/roadsense_webapp/roadsense_webapp/Cracks-and-Potholes-in-Road-Images-Dataset-master/Cracks-and-Potholes-in-Road-Images-Dataset-master/Dataset/919567_RS_290_290RS294095_31286/919567_RS_290_290RS294095_31286_RAW.jpg
1092760_DF_251_251BDF0052_00523,train,Crack,17297,0,344271,d:/current project/SIH PPts/roadsense_webapp/roadsense_webapp/Cracks-and-Potholes-in-Road-Images-Dataset-master/Cracks-and-Potholes-in-Road-Images-Dataset-master/Dataset/1092760_DF_251_251BDF0052_00523/1092760_DF_251_251BDF0052_00523_RAW.jpg
1075898_DF_251_251BDF0530_02505,train,Crack,6608,0,362781,d:/current project/SIH PPts/roadsense_webapp/roadsense_webapp/Cracks-and-Potholes-in-Road-Images-Dataset-master/Cracks-and-Potholes-in-Road-Images-Dataset-master/Dataset/1075898_DF_251_251BDF0530_02505/1075898_DF_251_251BDF0530_02505_RAW.jpg
941802_RS_290_290RS070691_01915,train,Pothole,0,5209,376732,d:/current project/SIH PPts/roadsense_webapp/roadsense_webapp/Cracks-and-Potholes-in-Road-Images-Dataset-master/Cracks-and-Potholes-in-Road-Images-Dataset-master/Dataset/941802_RS_290_290RS070691_01915/941802_RS_290_290RS070691_01915_RAW.jpg
1075585_DF_251_251BDF0530_01939,train,Normal,603,0,331221,d:/current project/SIH PPts/roadsense_webapp/roadsense_webapp/Cracks-and-Potholes-in-Road-Images-Dataset-master/Cracks-and-Potholes-in-Road-Images-Dataset-master/Dataset/1075585_DF_251_251BDF0530_01939/1075585_DF_251_251BDF0530_01939_RAW.jpg
919771_RS_290_290RS294095_32305,train,Crack,9407,0,363635,d:/current project/SIH PPts/roadsense_webapp/roadsense_webapp/Cracks-and-Potholes-in-Road-Images-Dataset-master/Cracks-and-Potholes-in-Road-Images-Dataset-master/Dataset/919771_RS_290_290RS294095_32305/919771_RS_290_290RS294095_32305_RAW.jpg
994469_RS_386_386RS191729_09110,train,Normal,1240,0,345943,d:/current project/SIH PPts/roadsense_webapp/roadsense_webapp/Cracks-and-Potholes-in-Road-Images-Dataset-master/Cracks-and-Potholes-in-Road-Images-Dataset-master/Dataset/994469_RS_386_386RS191729_09110/994469_RS_386_386RS191729_09110_RAW.jpg
916871_RS_290_290RS294095_17806,train,Pothole,6775,8840,362028,d:/current project/SIH PPts/roadsense_webapp/roadsense_webapp/Cracks-and-Potholes-in-Road-Images-Dataset-master/Cracks-and-Potholes-in-Road-Images-Dataset-master/Dataset/916871_RS_290_290RS294095_17806/916871_RS_290_290RS294095_17806_RAW.jpg
1091890_DF_251_251BDF0490_01115,train,Crack,4524,0,347999,d:/current project/SIH PPts/roadsense_webapp/roadsense_webapp/Cracks-and-Potholes-in-Road-Images-Dataset-master/Cracks-and-Potholes-in-Road-Images-Dataset-master/Dataset/1091890_DF_251_251BDF0490_01115/1091890_DF_251_251BDF0490_01115_RAW.jpg
1054962_DF_020_020BDF0070_08063,val,Pothole,2945,1091,367318,d:/current project/SIH PPts/roadsense_webapp/roadsense_webapp/Cracks-and-Potholes-in-Road-Images-Dataset-master/Cracks-and-Potholes-in-Road-Images-Dataset-master/Dataset/1054962_DF_020_020BDF0070_08063/1054962_DF_020_020BDF0070_08063_RAW.jpg
1092552_DF_251_251BDF0052_00164,train,Crack,1911,0,351974,d:/current project/SIH PPts/roadsense_webapp/roadsense_webapp/Cracks-and-Potholes-in-Road-Images-Dataset-master/Cracks-and-Potholes-in-Road-Images-Dataset-master/Dataset/1092552_DF_251_251BDF0052_00164/1092552_DF_251_251BDF0052_00164_RAW.jpg
1093204_DF_251_251BDF0052_01335,val,Crack,1627,0,439894,d:/current project/SIH PPts/roadsense_webapp/roadsense_webapp/Cracks-and-Potholes-in-Road-Images-Dataset-master/Cracks-and-Potholes-in-Road-Images-Dataset-master/Dataset/1093204_DF_251_251BDF0052_01335/1093204_DF_251_251BDF0052_01335_RAW.jpg
919128_RS_290_290RS294095_29090,train,Crack,12150,0,369871,d:/current project/SIH PPts/roadsense_webapp/roadsense_webapp/Cracks-and-Potholes-in-Road-Images-Dataset-master/Cracks-and-Potholes-in-Road-Images-Dataset-master/Dataset/919128_RS_290_290RS294095_29090/919128_RS_290_290RS294095_29090_RAW.jpg
1091809_DF_251_251BDF0490_00960,train,Crack,1724,0,363863,d:/current project/SIH PPts/roadsense_webapp/roadsense_webapp/Cracks-and-Potholes-in-Road-Images-Dataset-master/Cracks-and-Potholes-in-Road-Images-Dataset-master/Dataset/1091809_DF_251_251BDF0490_00960/1091809_DF_251_251BDF0490_00960_RAW.jpg
1083340_DF_080_080BDF0070_04015,train,Crack,4162,0,381479,d:/current project/SIH PPts/roadsense_webapp/roadsense_webapp/Cracks-and-Potholes-in-Road-Images-Dataset-master/Cracks-and-Potholes-in-Road-Images-Dataset-master/Dataset/1083340_DF_080_080BDF0070_04015/1083340_DF_080_080BDF0070_04015_RAW.jpg
773818_ES_259_259ES000000_43190,train,Crack,2858,0,420062,d:/current project/SIH PPts/roadsense_webapp/roadsense_webapp/Cracks-and-Potholes-in-Road-Images-Dataset-master/Cracks-and-Potholes-in-Road-Images-Dataset-master/Dataset/773818_ES_259_259ES000000_43190/773818_ES_259_259ES000000_43190_RAW.jpg
1091611_DF_251_251BDF0490_00586,train,Crack,7318,0,356248,d:/current project/SIH PPts/roadsense_webapp/roadsense_webapp/Cracks-and-Potholes-in-Road-Images-Dataset-master/Cracks-and-Potholes-in-Road-Images-Dataset-master/Dataset/1091611_DF_251_251BDF0490_00586/1091611_DF_251_251BDF0490_00586_RAW.jpg
1014883_RS_386_386RS124739_31341,train,Crack,4091,0,381681,d:/current project/SIH PPts/roadsense_webapp/roadsense_webapp/Cracks-and-Potholes-in-Road-Images-Dataset-master/Cracks-and-Potholes-in-Road-Images-Dataset-master/Dataset/1014883_RS_386_386RS124739_31341/1014883_RS_386_386RS124739_31341_RAW.jpg
1075546_DF_251_251BDF0530_01869,train,Crack,14269,0,347114,d:/current project/SIH PPts/roadsense_webapp/roadsense_webapp/Cracks-and-Potholes-in-Road-Images-Dataset-master/Cracks-and-Potholes-in-Road-Images-Dataset-master/Dataset/1075546_DF_251_251BDF0530_01869/1075546_DF_251_251BDF0530_01869_RAW.jpg
1014715_RS_386_386RS124739_30500,train,Pothole,0,56311,370788,d:/current project/SIH PPts/roadsense_webapp/roadsense_webapp/Cracks-and-Potholes-in-Road-Images-Dataset-master/Cracks-and-Potholes-in-Road-Images-Dataset-master/Dataset/1014715_RS_386_386RS124739_30500/1014715_RS_386_386RS124739_30500_RAW.jpg
1082254_DF_080_080BDF0070_01831,train,Crack,54753,0,329792,d:/current project/SIH PPts/roadsense_webapp/roadsense_webapp/Cracks-and-Potholes-in-Road-Images-Dataset-master/Cracks-and-Potholes-in-Road-Images-Dataset-master/Dataset/1082254_DF_080_080BDF0070_01831/1082254_DF_080_080BDF0070_01831_RAW.jpg
919141_RS_290_290RS294095_29155,train,Crack,3809,0,370653,d:/current project/SIH PPts/roadsense_webapp/roadsense_webapp/Cracks-and-Potholes-in-Road-Images-Dataset-master/Cracks-and-Potholes-in-Road-Images-Dataset-master/Dataset/919141_RS_290_290RS294095_29155/919141_RS_290_290RS294095_29155_RAW.jpg
993029_RS_386_386RS191729_01910,train,Pothole,4647,2444,374267,d:/current project/SIH PPts/roadsense_webapp/roadsense_webapp/Cracks-and-Potholes-in-Road-Images-Dataset-master/Cracks-and-Potholes-in-Road-Images-Dataset-master/Dataset/993029_RS_386_386RS191729_01910/993029_RS_386_386RS191729_01910_RAW.jpg
917556_RS_290_290RS294095_21230,train,Crack,1600,0,347898,d:/current project/SIH PPts/roadsense_webapp/roadsense_webapp/Cracks-and-Potholes-in-Road-Images-Dataset-master/Cracks-and-Potholes-in-Road-Images-Dataset-master/Dataset/917556_RS_290_290RS294095_21230/917556_RS_290_290RS294095_21230_RAW.jpg
1091726_DF_251_251BDF0490_00803,val,Crack,2998,0,348939,d:/current project/SIH PPts/roadsense_webapp/roadsense_webapp/Cracks-and-Potholes-in-Road-Images-Dataset-master/Cracks-and-Potholes-in-Road-Images-Dataset-master/Dataset/1091726_DF_251_251BDF0490_00803/1091726_DF_251_251BDF0490_00803_RAW.jpg
1076333_DF_251_251BDF0530_03323,train,Crack,3320,0,354471,d:/current project/SIH PPts/roadsense_webapp/roadsense_webapp/Cracks-and-Potholes-in-Road-Images-Dataset-master/Cracks-and-Potholes-in-Road-Images-Dataset-master/Dataset/1076333_DF_251_251BDF0530_03323/1076333_DF_251_251BDF0530_03323_RAW.jpg
917468_RS_290_290RS294095_20790,train,Crack,4173,0,346219,d:/current project/SIH PPts/roadsense_webapp/roadsense_webapp/Cracks-and-Potholes-in-Road-Images-Dataset-master/Cracks-and-Potholes-in-Road-Images-Dataset-master/Dataset/917468_RS_290_290RS294095_20790/917468_RS_290_290RS294095_20790_RAW.jpg
1091752_DF_251_251BDF0490_00854,train,Crack,5787,0,351317,d:/current project/SIH PPts/roadsense_webapp/roadsense_webapp/Cracks-and-Potholes-in-Road-Images-Dataset-master/Cracks-and-Potholes-in-Road-Images-Dataset-master/Dataset/1091752_DF_251_251BDF0490_00854/1091752_DF_251_251BDF0490_00854_RAW.jpg
1078404_DF_010_010BDF0030_1_00191,train,Pothole,0,1792,358490,d:/current project/SIH PPts/roadsense_webapp/roadsense_webapp/Cracks-and-Potholes-in-Road-Images-Dataset-master/Cracks-and-Potholes-in-Road-Images-Dataset-master/Dataset/1078404_DF_010_010BDF0030_1_00191/1078404_DF_010_010BDF0030_1_00191_RAW.jpg
1092803_DF_251_251BDF0052_00597,train,Crack,3240,0,347028,d:/current project/SIH PPts/roadsense_webapp/roadsense_webapp/Cracks-and-Potholes-in-Road-Images-Dataset-master/Cracks-and-Potholes-in-Road-Images-Dataset-master/Dataset/1092803_DF_251_251BDF0052_00597/1092803_DF_251_251BDF0052_00597_RAW.jpg
1092548_DF_251_251BDF0052_00157,train,Crack,5608,0,357336,d:/current project/SIH PPts/roadsense_webapp/roadsense_webapp/Cracks-and-Potholes-in-Road-Images-Dataset-master/Cracks-and-Potholes-in-Road-Images-Dataset-master/Dataset/1092548_DF_251_251BDF0052_00157/1092548_DF_251_251BDF0052_00157_RAW.jpg
917224_RS_290_290RS294095_19570,train,Crack,7858,0,367708,d:/current project/SIH PPts/roadsense_webapp/roadsense_webapp/Cracks-and-Potholes-in-Road-Images-Dataset-master/Cracks-and-Potholes-in-Road-Images-Dataset-master/Dataset/917224_RS_290_290RS294095_19570/917224_RS_290_290RS294095_19570_RAW.jpg
1081660_DF_080_080BDF0070_00608,val,Crack,23259,0,322133,d:/current project/SIH PPts/roadsense_webapp/roadsense_webapp/Cracks-and-Potholes-in-Road-Images-Dataset-master/Cracks-and-Potholes-in-Road-Images-Dataset-master/Dataset/1081660_DF_080_080BDF0070_00608/1081660_DF_080_080BDF0070_00608_RAW.jpg
1085450_DF_080_080BDF0090_03642,train,Pothole,6494,3914,344675,d:/current project/SIH PPts/roadsense_webapp/roadsense_webapp/Cracks-and-Potholes-in-Road-Images-Dataset-master/Cracks-and-Potholes-in-Road-Images-Dataset-master/Dataset/1085450_DF_080_080BDF0090_03642/1085450_DF_080_080BDF0090_03642_RAW.jpg
917336_RS_290_290RS294095_20131,train,Crack,6796,0,361146,d:/current project/SIH PPts/roadsense_webapp/roadsense_webapp/Cracks-and-Potholes-in-Road-Images-Dataset-master/Cracks-and-Potholes-in-Road-Images-Dataset-master/Dataset/917336_RS_290_290RS294095_20131/917336_RS_290_290RS294095_20131_RAW.jpg
994519_RS_386_386RS191729_09361,train,Crack,5153,0,344665,d:/current project/SIH PPts/roadsense_webapp/roadsense_webapp/Cracks-and-Potholes-in-Road-Images-Dataset-master/Cracks-and-Potholes-in-Road-Images-Dataset-master/Dataset/994519_RS_386_386RS191729_09361/994519_RS_386_386RS191729_09361_RAW.jpg
917025_RS_290_290RS294095_18576,val,Normal,1488,0,351543,d:/current project/SIH PPts/roadsense_webapp/roadsense_webapp/Cracks-and-Potholes-in-Road-Images-Dataset-master/Cracks-and-Potholes-in-Road-Images-Dataset-master/Dataset/917025_RS_290_290RS294095_18576/917025_RS_290_290RS294095_18576_RAW.jpg
994089_RS_386_386RS191729_07210,val,Crack,14208,0,365849,d:/current project/SIH PPts/roadsense_webapp/roadsense_webapp/Cracks-and-Potholes-in-Road-Images-Dataset-master/Cracks-and-Potholes-in-Road-Images-Dataset-master/Dataset/994089_RS_386_386RS191729_07210/994089_RS_386_386RS191729_07210_RAW.jpg
941803_RS_290_290RS070691_01920,train,Pothole,0,22493,370007,d:/current project/SIH PPts/roadsense_webapp/roadsense_webapp/Cracks-and-Potholes-in-Road-Images-Dataset-master/Cracks-and-Potholes-in-Road-Images-Dataset-master/Dataset/941803_RS_290_290RS070691_01920/941803_RS_290_290RS070691_01920_RAW.jpg
917033_RS_290_290RS294095_18615,train,Normal,855,0,353024,d:/current project/SIH PPts/roadsense_webapp/roadsense_webapp/Cracks-and-Potholes-in-Road-Images-Dataset-master/Cracks-and-Potholes-in-Road-Images-Dataset-master/Dataset/917033_RS_290_290RS294095_18615/917033_RS_290_290RS294095_18615_RAW.jpg
1014894_RS_386_386RS124739_31395,val,Crack,25404,0,372955,d:/current project/SIH PPts/roadsense_webapp/roadsense_webapp/Cracks-and-Potholes-in-Road-Images-Dataset-master/Cracks-and-Potholes-in-Road-Images-Dataset-master/Dataset/1014894_RS_386_386RS124739_31395/1014894_RS_386_386RS124739_31395_RAW.jpg
1014721_RS_386_386RS124739_30530,train,Pothole,0,4624,367351,d:/current project/SIH PPts/roadsense_webapp/roadsense_webapp/Cracks-and-Potholes-in-Road-Images-Dataset-master/Cracks-and-Potholes-in-Road-Images-Dataset-master/Dataset/1014721_RS_386_386RS124739_30530/1014721_RS_386_386RS124739_30530_RAW.jpg
919548_RS_290_290RS294095_31191,train,Crack,15127,0,348326,d:/current project/SIH PPts/roadsense_webapp/roadsense_webapp/Cracks-and-Potholes-in-Road-Images-Dataset-master/Cracks-and-Potholes-in-Road-Images-Dataset-master/Dataset/919548_RS_290_290RS294095_31191/919548_RS_290_290RS294095_31191_RAW.jpg
918213_RS_290_290RS294095_24515,train,Crack,2814,0,359057,d:/current project/SIH PPts/roadsense_webapp/roadsense_webapp/Cracks-and-Potholes-in-Road-Images-Dataset-master/Cracks-and-Potholes-in-Road-Images-Dataset-master/Dataset/918213_RS_290_290RS294095_24515/918213_RS_290_290RS294095_24515_RAW.jpg
1014661_RS_386_386RS124739_30230,train,Crack,9664,0,388486,d:/current project/SIH PPts/roadsense_webapp/roadsense_webapp/Cracks-and-Potholes-in-Road-Images-Dataset-master/Cracks-and-Potholes-in-Road-Images-Dataset-master/Dataset/1014661_RS_386_386RS124739_30230/1014661_RS_386_386RS124739_30230_RAW.jpg
994603_RS_386_386RS191729_09780,train,Crack,14899,0,367617,d:/current project/SIH PPts/roadsense_webapp/roadsense_webapp/Cracks-and-Potholes-in-Road-Images-Dataset-master/Cracks-and-Potholes-in-Road-Images-Dataset-master/Dataset/994603_RS_386_386RS191729_09780/994603_RS_386_386RS191729_09780_RAW.jpg
916338_RS_290_290RS294095_15140,train,Normal,740,0,358918,d:/current project/SIH PPts/roadsense_webapp/roadsense_webapp/Cracks-and-Potholes-in-Road-Images-Dataset-master/Cracks-and-Potholes-in-Road-Images-Dataset-master/Dataset/916338_RS_290_290RS294095_15140/916338_RS_290_290RS294095_15140_RAW.jpg
917113_RS_290_290RS294095_19015,train,Crack,5599,0,352400,d:/current project/SIH PPts/roadsense_webapp/roadsense_webapp/Cracks-and-Potholes-in-Road-Images-Dataset-master/Cracks-and-Potholes-in-Road-Images-Dataset-master/Dataset/917113_RS_290_290RS294095_19015/917113_RS_290_290RS294095_19015_RAW.jpg
917204_RS_290_290RS294095_19470,train,Pothole,32598,1829,371157,d:/current project/SIH PPts/roadsense_webapp/roadsense_webapp/Cracks-and-Potholes-in-Road-Images-Dataset-master/Cracks-and-Potholes-in-Road-Images-Dataset-master/Dataset/917204_RS_290_290RS294095_19470/917204_RS_290_290RS294095_19470_RAW.jpg
1014737_RS_386_386RS124739_30610,train,Crack,7903,0,381380,d:/current project/SIH PPts/roadsense_webapp/roadsense_webapp/Cracks-and-Potholes-in-Road-Images-Dataset-master/Cracks-and-Potholes-in-Road-Images-Dataset-master/Dataset/1014737_RS_386_386RS124739_30610/1014737_RS_386_386RS124739_30610_RAW.jpg
917427_RS_290_290RS294095_20585,train,Pothole,0,46143,354127,d:/current project/SIH PPts/roadsense_webapp/roadsense_webapp/Cracks-and-Potholes-in-Road-Images-Dataset-master/Cracks-and-Potholes-in-Road-Images-Dataset-master/Dataset/917427_RS_290_290RS294095_20585/917427_RS_290_290RS294095_20585_RAW.jpg
917425_RS_290_290RS294095_20576,train,Pothole,0,4765,353891,d:/current project/SIH PPts/roadsense_webapp/roadsense_webapp/Cracks-and-Potholes-in-Road-Images-Dataset-master/Cracks-and-Potholes-in-Road-Images-Dataset-master/Dataset/917425_RS_290_290RS294095_20576/917425_RS_290_290RS294095_20576_RAW.jpg
1025814_RS_386_386RS169832_08810,val,Normal,1260,0,394931,d:/current project/SIH PPts/roadsense_webapp/roadsense_webapp/Cracks-and-Potholes-in-Road-Images-Dataset-master/Cracks-and-Potholes-in-Road-Images-Dataset-master/Dataset/1025814_RS_386_386RS169832_08810/1025814_RS_386_386RS169832_08810_RAW.jpg
1025882_RS_386_386RS169832_09150,train,Crack,4766,0,407042,d:/current project/SIH PPts/roadsense_webapp/roadsense_webapp/Cracks-and-Potholes-in-Road-Images-Dataset-master/Cracks-and-Potholes-in-Road-Images-Dataset-master/Dataset/1025882_RS_386_386RS169832_09150/1025882_RS_386_386RS169832_09150_RAW.jpg
1077179_DF_251_251BDF0530_04900,val,Normal,1239,0,339973,d:/current project/SIH PPts/roadsense_webapp/roadsense_webapp/Cracks-and-Potholes-in-Road-Images-Dataset-master/Cracks-and-Potholes-in-Road-Images-Dataset-master/Dataset/1077179_DF_251_251BDF0530_04900/1077179_DF_251_251BDF0530_04900_RAW.jpg
1092319_DF_251_251BDF0490_01904,train,Pothole,13398,1140,360786,d:/current project/SIH PPts/roadsense_webapp/roadsense_webapp/Cracks-and-Potholes-in-Road-Images-Dataset-master/Cracks-and-Potholes-in-Road-Images-Dataset-master/Dataset/1092319_DF_251_251BDF0490_01904/1092319_DF_251_251BDF0490_01904_RAW.jpg
1092830_DF_251_251BDF0052_00645,train,Crack,14182,0,341092,d:/current project/SIH PPts/roadsense_webapp/roadsense_webapp/Cracks-and-Potholes-in-Road-Images-Dataset-master/Cracks-and-Potholes-in-Road-Images-Dataset-master/Dataset/1092830_DF_251_251BDF0052_00645/1092830_DF_251_251BDF0052_00645_RAW.jpg
1091889_DF_251_251BDF0490_01113,val,Normal,301,0,371691,d:/current project/SIH PPts/roadsense_webapp/roadsense_webapp/Cracks-and-Potholes-in-Road-Images-Dataset-master/Cracks-and-Potholes-in-Road-Images-Dataset-master/Dataset/1091889_DF_251_251BDF0490_01113/1091889_DF_251_251BDF0490_01113_RAW.jpg
1025921_RS_386_386RS169832_09345,train,Normal,1490,0,381257,d:/current project/SIH PPts/roadsense_webapp/roadsense_webapp/Cracks-and-Potholes-in-Road-Images-Dataset-master/Cracks-and-Potholes-in-Road-Images-Dataset-master/Dataset/1025921_RS_386_386RS169832_09345/1025921_RS_386_386RS169832_09345_RAW.jpg
916643_RS_290_290RS294095_16665,train,Crack,5769,0,358991,d:/current project/SIH PPts/roadsense_webapp/roadsense_webapp/Cracks-and-Potholes-in-Road-Images-Dataset-master/Cracks-and-Potholes-in-Road-Images-Dataset-master/Dataset/916643_RS_290_290RS294095_16665/916643_RS_290_290RS294095_16665_RAW.jpg
919769_RS_290_290RS294095_32295,train,Crack,8520,0,371699,d:/current project/SIH PPts/roadsense_webapp/roadsense_webapp/Cracks-and-Potholes-in-Road-Images-Dataset-master/Cracks-and-Potholes-in-Road-Images-Dataset-master/Dataset/919769_RS_290_290RS294095_32295/919769_RS_290_290RS294095_32295_RAW.jpg
1053965_DF_020_020BDF0070_06213,train,Pothole,14246,2606,362420,d:/current project/SIH PPts/roadsense_webapp/roadsense_webapp/Cracks-and-Potholes-in-Road-Images-Dataset-master/Cracks-and-Potholes-in-Road-Images-Dataset-master/Dataset/1053965_DF_020_020BDF0070_06213/1053965_DF_020_020BDF0070_06213_RAW.jpg
1014788_RS_386_386RS124739_30865,train,Pothole,6445,1655,411511,d:/current project/SIH PPts/roadsense_webapp/roadsense_webapp/Cracks-and-Potholes-in-Road-Images-Dataset-master/Cracks-and-Potholes-in-Road-Images-Dataset-master/Dataset/1014788_RS_386_386RS124739_30865/1014788_RS_386_386RS124739_30865_RAW.jpg
919794_RS_290_290RS294095_32420,train,Crack,3366,0,347966,d:/current project/SIH PPts/roadsense_webapp/roadsense_webapp/Cracks-and-Potholes-in-Road-Images-Dataset-master/Cracks-and-Potholes-in-Road-Images-Dataset-master/Dataset/919794_RS_290_290RS294095_32420/919794_RS_290_290RS294095_32420_RAW.jpg
1092802_DF_251_251BDF0052_00595,train,Crack,11106,0,343306,d:/current project/SIH PPts/roadsense_webapp/roadsense_webapp/Cracks-and-Potholes-in-Road-Images-Dataset-master/Cracks-and-Potholes-in-Road-Images-Dataset-master/Dataset/1092802_DF_251_251BDF0052_00595/1092802_DF_251_251BDF0052_00595_RAW.jpg
941907_RS_290_290RS070691_02440,val,Pothole,0,5307,363404,d:/current project/SIH PPts/roadsense_webapp/roadsense_webapp/Cracks-and-Potholes-in-Road-Images-Dataset-master/Cracks-and-Potholes-in-Road-Images-Dataset-master/Dataset/941907_RS_290_290RS070691_02440/941907_RS_290_290RS070691_02440_RAW.jpg
1014613_RS_386_386RS124739_29990,train,Crack,5737,0,385041,d:/current project/SIH PPts/roadsense_webapp/roadsense_webapp/Cracks-and-Potholes-in-Road-Images-Dataset-master/Cracks-and-Potholes-in-Road-Images-Dataset-master/Dataset/1014613_RS_386_386RS124739_29990/1014613_RS_386_386RS124739_29990_RAW.jpg
1077249_DF_251_251BDF0530_05031,train,Crack,2176,0,344940,d:/current project/SIH PPts/roadsense_webapp/roadsense_webapp/Cracks-and-Potholes-in-Road-Images-Dataset-master/Cracks-and-Potholes-in-Road-Images-Dataset-master/Dataset/1077249_DF_251_251BDF0530_05031/1077249_DF_251_251BDF0530_05031_RAW.jpg
765440_ES_259_259ES000000_01300,train,Crack,1658,0,400447,d:/current project/SIH PPts/roadsense_webapp/roadsense_webapp/Cracks-and-Potholes-in-Road-Images-Dataset-master/Cracks-and-Potholes-in-Road-Images-Dataset-master/Dataset/765440_ES_259_259ES000000_01300/765440_ES_259_259ES000000_01300_RAW.jpg
1025800_RS_386_386RS169832_08740,val,Pothole,26882,1609,400591,d:/current project/SIH PPts/roadsense_webapp/roadsense_webapp/Cracks-and-Potholes-in-Road-Images-Dataset-master/Cracks-and-Potholes-in-Road-Images-Dataset-master/Dataset/1025800_RS_386_386RS169832_08740/1025800_RS_386_386RS169832_08740_RAW.jpg
917155_RS_290_290RS294095_19225,train,Crack,8777,0,355861,d:/current project/SIH PPts/roadsense_webapp/roadsense_webapp/Cracks-and-Potholes-in-Road-Images-Dataset-master/Cracks-and-Potholes-in-Road-Images-Dataset-master/Dataset/917155_RS_290_290RS294095_19225/917155_RS_290_290RS294095_19225_RAW.jpg
917212_RS_290_290RS294095_19510,val,Crack,10633,0,366357,d:/current project/SIH PPts/roadsense_webapp/roadsense_webapp/Cracks-and-Potholes-in-Road-Images-Dataset-master/Cracks-and-Potholes-in-Road-Images-Dataset-master/Dataset/917212_RS_290_290RS294095_19510/917212_RS_290_290RS294095_19510_RAW.jpg
1076684_DF_251_251BDF0530_03977,train,Crack,4576,0,356051,d:/current project/SIH PPts/roadsense_webapp/roadsense_webapp/Cracks-and-Potholes-in-Road-Images-Dataset-master/Cracks-and-Potholes-in-Road-Images-Dataset-master/Dataset/1076684_DF_251_251BDF0530_03977/1076684_DF_251_251BDF0530_03977_RAW.jpg
1091888_DF_251_251BDF0490_01111,train,Crack,6530,0,345141,d:/current project/SIH PPts/roadsense_webapp/roadsense_webapp/Cracks-and-Potholes-in-Road-Images-Dataset-master/Cracks-and-Potholes-in-Road-Images-Dataset-master/Dataset/1091888_DF_251_251BDF0490_01111/1091888_DF_251_251BDF0490_01111_RAW.jpg
819783_ES_259_259ES000000_00400,train,Crack,3297,0,336812,d:/current project/SIH PPts/roadsense_webapp/roadsense_webapp/Cracks-and-Potholes-in-Road-Images-Dataset-master/Cracks-and-Potholes-in-Road-Images-Dataset-master/Dataset/819783_ES_259_259ES000000_00400/819783_ES_259_259ES000000_00400_RAW.jpg
883249_RS_290_290RS150131_16975,train,Pothole,0,19838,338837,d:/current project/SIH PPts/roadsense_webapp/roadsense_webapp/Cracks-and-Potholes-in-Road-Images-Dataset-master/Cracks-and-Potholes-in-Road-Images-Dataset-master/Dataset/883249_RS_290_290RS150131_16975/883249_RS_290_290RS150131_16975_RAW.jpg
917236_RS_290_290RS294095_19630,train,Crack,16030,0,361219,d:/current project/SIH PPts/roadsense_webapp/roadsense_webapp/Cracks-and-Potholes-in-Road-Images-Dataset-master/Cracks-and-Potholes-in-Road-Images-Dataset-master/Dataset/917236_RS_290_290RS294095_19630/917236_RS_290_290RS294095_19630_RAW.jpg
1053939_DF_020_020BDF0070_06165,train,Pothole,0,7970,372655,d:/current project/SIH PPts/roadsense_webapp/roadsense_webapp/Cracks-and-Potholes-in-Road-Images-Dataset-master/Cracks-and-Potholes-in-Road-Images-Dataset-master/Dataset/1053939_DF_020_020BDF0070_06165/1053939_DF_020_020BDF0070_06165_RAW.jpg
1014809_RS_386_386RS124739_30970,train,Crack,5399,0,393689,d:/current project/SIH PPts/roadsense_webapp/roadsense_webapp/Cracks-and-Potholes-in-Road-Images-Dataset-master/Cracks-and-Potholes-in-Road-Images-Dataset-master/Dataset/1014809_RS_386_386RS124739_30970/1014809_RS_386_386RS124739_30970_RAW.jpg
918229_RS_290_290RS294095_24595,train,Crack,8960,0,360555,d:/current project/SIH PPts/roadsense_webapp/roadsense_webapp/Cracks-and-Potholes-in-Road-Images-Dataset-master/Cracks-and-Potholes-in-Road-Images-Dataset-master/Dataset/918229_RS_290_290RS294095_24595/918229_RS_290_290RS294095_24595_RAW.jpg
1014824_RS_386_386RS124739_31045,val,Crack,25999,0,396726,d:/current project/SIH PPts/roadsense_webapp/roadsense_webapp/Cracks-and-Potholes-in-Road-Images-Dataset-master/Cracks-and-Potholes-in-Road-Images-Dataset-master/Dataset/1014824_RS_386_386RS124739_31045/1014824_RS_386_386RS124739_31045_RAW.jpg
1014746_RS_386_386RS124739_30655,train,Crack,3790,0,393245,d:/current project/SIH PPts/roadsense_webapp/roadsense_webapp/Cracks-and-Potholes-in-Road-Images-Dataset-master/Cracks-and-Potholes-in-Road-Images-Dataset-master/Dataset/1014746_RS_386_386RS124739_30655/1014746_RS_386_386RS124739_30655_RAW.jpg
1091706_DF_251_251BDF0490_00765,train,Crack,4097,0,359253,d:/current project/SIH PPts/roadsense_webapp/roadsense_webapp/Cracks-and-Potholes-in-Road-Images-Dataset-master/Cracks-and-Potholes-in-Road-Images-Dataset-master/Dataset/1091706_DF_251_251BDF0490_00765/1091706_DF_251_251BDF0490_00765_RAW.jpg
917248_RS_290_290RS294095_19690,train,Crack,52256,0,368878,d:/current project/SIH PPts/roadsense_webapp/roadsense_webapp/Cracks-and-Potholes-in-Road-Images-Dataset-master/Cracks-and-Potholes-in-Road-Images-Dataset-master/Dataset/917248_RS_290_290RS294095_19690/917248_RS_290_290RS294095_19690_RAW.jpg
994526_RS_386_386RS191729_09396,train,Crack,8193,0,362383,d:/current project/SIH PPts/roadsense_webapp/roadsense_webapp/Cracks-and-Potholes-in-Road-Images-Dataset-master/Cracks-and-Potholes-in-Road-Images-Dataset-master/Dataset/994526_RS_386_386RS191729_09396/994526_RS_386_386RS191729_09396_RAW.jpg
1091803_DF_251_251BDF0490_00949,train,Crack,4447,0,357212,d:/current project/SIH PPts/roadsense_webapp/roadsense_webapp/Cracks-and-Potholes-in-Road-Images-Dataset-master/Cracks-and-Potholes-in-Road-Images-Dataset-master/Dataset/1091803_DF_251_251BDF0490_00949/1091803_DF_251_251BDF0490_00949_RAW.jpg
1082223_DF_080_080BDF0070_01734,train,Crack,26132,0,389265,d:/current project/SIH PPts/roadsense_webapp/roadsense_webapp/Cracks-and-Potholes-in-Road-Images-Dataset-master/Cracks-and-Potholes-in-Road-Images-Dataset-master/Dataset/1082223_DF_080_080BDF0070_01734/1082223_DF_080_080BDF0070_01734_RAW.jpg
1051753_DF_020_020BDF0070_01649,train,Pothole,0,2263,385620,d:/current project/SIH PPts/roadsense_webapp/roadsense_webapp/Cracks-and-Potholes-in-Road-Images-Dataset-master/Cracks-and-Potholes-in-Road-Images-Dataset-master/Dataset/1051753_DF_020_020BDF0070_01649/1051753_DF_020_020BDF0070_01649_RAW.jpg
1092853_DF_251_251BDF0052_00685,train,Crack,10285,0,357478,d:/current project/SIH PPts/roadsense_webapp/roadsense_webapp/Cracks-and-Potholes-in-Road-Images-Dataset-master/Cracks-and-Potholes-in-Road-Images-Dataset-master/Dataset/1092853_DF_251_251BDF0052_00685/1092853_DF_251_251BDF0052_00685_RAW.jpg
917470_RS_290_290RS294095_20800,train,Crack,8008,0,349429,d:/current project/SIH PPts/roadsense_webapp/roadsense_webapp/Cracks-and-Potholes-in-Road-Images-Dataset-master/Cracks-and-Potholes-in-Road-Images-Dataset-master/Dataset/917470_RS_290_290RS294095_20800/917470_RS_290_290RS294095_20800_RAW.jpg
994534_RS_386_386RS191729_09435,train,Pothole,1057,863,360728,d:/current project/SIH PPts/roadsense_webapp/roadsense_webapp/Cracks-and-Potholes-in-Road-Images-Dataset-master/Cracks-and-Potholes-in-Road-Images-Dataset-master/Dataset/994534_RS_386_386RS191729_09435/994534_RS_386_386RS191729_09435_RAW.jpg
919528_RS_290_290RS294095_31091,train,Crack,3383,0,346149,d:/current project/SIH PPts/roadsense_webapp/roadsense_webapp/Cracks-and-Potholes-in-Road-Images-Dataset-master/Cracks-and-Potholes-in-Road-Images-Dataset-master/Dataset/919528_RS_290_290RS294095_31091/919528_RS_290_290RS294095_31091_RAW.jpg
1093285_DF_251_251BDF0052_01476,train,Pothole,0,848,366321,d:/current project/SIH PPts/roadsense_webapp/roadsense_webapp/Cracks-and-Potholes-in-Road-Images-Dataset-master/Cracks-and-Potholes-in-Road-Images-Dataset-master/Dataset/1093285_DF_251_251BDF0052_01476/1093285_DF_251_251BDF0052_01476_RAW.jpg
1092847_DF_251_251BDF0052_00674,train,Crack,10498,0,356400,d:/current project/SIH PPts/roadsense_webapp/roadsense_webapp/Cracks-and-Potholes-in-Road-Images-Dataset-master/Cracks-and-Potholes-in-Road-Images-Dataset-master/Dataset/1092847_DF_251_251BDF0052_00674/1092847_DF_251_251BDF0052_00674_RAW.jpg
1081807_DF_080_080BDF0070_00880,train,Crack,14986,0,332474,d:/current project/SIH PPts/roadsense_webapp/roadsense_webapp/Cracks-and-Potholes-in-Road-Images-Dataset-master/Cracks-and-Potholes-in-Road-Images-Dataset-master/Dataset/1081807_DF_080_080BDF0070_00880/1081807_DF_080_080BDF0070_00880_RAW.jpg
1082218_DF_080_080BDF0070_01721,train,Crack,11575,0,362352,d:/current project/SIH PPts/roadsense_webapp/roadsense_webapp/Cracks-and-Potholes-in-Road-Images-Dataset-master/Cracks-and-Potholes-in-Road-Images-Dataset-master/Dataset/1082218_DF_080_080BDF0070_01721/1082218_DF_080_080BDF0070_01721_RAW.jpg
1091095_DF_070_070BDF0050_07372,train,Crack,1700,0,374805,d:/current project/SIH PPts/roadsense_webapp/roadsense_webapp/Cracks-and-Potholes-in-Road-Images-Dataset-master/Cracks-and-Potholes-in-Road-Images-Dataset-master/Dataset/1091095_DF_070_070BDF0050_07372/1091095_DF_070_070BDF0050_07372_RAW.jpg
1025762_RS_386_386RS169832_08550,train,Crack,2120,0,389854,d:/current project/SIH PPts/roadsense_webapp/roadsense_webapp/Cracks-and-Potholes-in-Road-Images-Dataset-master/Cracks-and-Potholes-in-Road-Images-Dataset-master/Dataset/1025762_RS_386_386RS169832_08550/1025762_RS_386_386RS169832_08550_RAW.jpg
1091961_DF_251_251BDF0490_01248,val,Crack,12380,0,369440,d:/current project/SIH PPts/roadsense_webapp/roadsense_webapp/Cracks-and-Potholes-in-Road-Images-Dataset-master/Cracks-and-Potholes-in-Road-Images-Dataset-master/Dataset/1091961_DF_251_251BDF0490_01248/1091961_DF_251_251BDF0490_01248_RAW.jpg
1014629_RS_386_386RS124739_30070,train,Crack,12949,0,385685,d:/current project/SIH PPts/roadsense_webapp/roadsense_webapp/Cracks-and-Potholes-in-Road-Images-Dataset-master/Cracks-and-Potholes-in-Road-Images-Dataset-master/Dataset/1014629_RS_386_386RS124739_30070/1014629_RS_386_386RS124739_30070_RAW.jpg
1092804_DF_251_251BDF0052_00599,train,Crack,6992,0,335879,d:/current project/SIH PPts/roadsense_webapp/roadsense_webapp/Cracks-and-Potholes-in-Road-Images-Dataset-master/Cracks-and-Potholes-in-Road-Images-Dataset-master/Dataset/1092804_DF_251_251BDF0052_00599/1092804_DF_251_251BDF0052_00599_RAW.jpg
941647_RS_290_290RS070691_01140,val,Pothole,0,5717,352380,d:/current project/SIH PPts/roadsense_webapp/roadsense_webapp/Cracks-and-Potholes-in-Road-Images-Dataset-master/Cracks-and-Potholes-in-Road-Images-Dataset-master/Dataset/941647_RS_290_290RS070691_01140/941647_RS_290_290RS070691_01140_RAW.jpg
1014778_RS_386_386RS124739_30816,train,Normal,679,0,402445,d:/current project/SIH PPts/roadsense_webapp/roadsense_webapp/Cracks-and-Potholes-in-Road-Images-Dataset-master/Cracks-and-Potholes-in-Road-Images-Dataset-master/Dataset/1014778_RS_386_386RS124739_30816/1014778_RS_386_386RS124739_30816_RAW.jpg
1014716_RS_386_386RS124739_30505,train,Pothole,0,4482,369992,d:/current project/SIH PPts/roadsense_webapp/roadsense_webapp/Cracks-and-Potholes-in-Road-Images-Dataset-master/Cracks-and-Potholes-in-Road-Images-Dataset-master/Dataset/1014716_RS_386_386RS124739_30505/1014716_RS_386_386RS124739_30505_RAW.jpg
1090501_DF_070_070BDF0050_06235,train,Normal,654,0,346073,d:/current project/SIH PPts/roadsense_webapp/roadsense_webapp/Cracks-and-Potholes-in-Road-Images-Dataset-master/Cracks-and-Potholes-in-Road-Images-Dataset-master/Dataset/1090501_DF_070_070BDF0050_06235/1090501_DF_070_070BDF0050_06235_RAW.jpg
1077234_DF_251_251BDF0530_05003,train,Crack,4061,0,353211,d:/current project/SIH PPts/roadsense_webapp/roadsense_webapp/Cracks-and-Potholes-in-Road-Images-Dataset-master/Cracks-and-Potholes-in-Road-Images-Dataset-master/Dataset/1077234_DF_251_251BDF0530_05003/1077234_DF_251_251BDF0530_05003_RAW.jpg
917908_RS_290_290RS294095_22990,train,Crack,2215,0,364771,d:/current project/SIH PPts/roadsense_webapp/roadsense_webapp/Cracks-and-Potholes-in-Road-Images-Dataset-master/Cracks-and-Potholes-in-Road-Images-Dataset-master/Dataset/917908_RS_290_290RS294095_22990/917908_RS_290_290RS294095_22990_RAW.jpg
1092529_DF_251_251BDF0052_00122,val,Crack,4950,0,364631,d:/current project/SIH PPts/roadsense_webapp/roadsense_webapp/Cracks-and-Potholes-in-Road-Images-Dataset-master/Cracks-and-Potholes-in-Road-Images-Dataset-master/Dataset/1092529_DF_251_251BDF0052_00122/1092529_DF_251_251BDF0052_00122_RAW.jpg
1077277_DF_251_251BDF0530_05079,train,Crack,2472,0,350185,d:/current project/SIH PPts/roadsense_webapp/roadsense_webapp/Cracks-and-Potholes-in-Road-Images-Dataset-master/Cracks-and-Potholes-in-Road-Images-Dataset-master/Dataset/1077277_DF_251_251BDF0530_05079/1077277_DF_251_251BDF0530_05079_RAW.jpg
1084314_DF_080_080BDF0090_01448,train,Crack,3357,0,333398,d:/current project/SIH PPts/roadsense_webapp/roadsense_webapp/Cracks-and-Potholes-in-Road-Images-Dataset-master/Cracks-and-Potholes-in-Road-Images-Dataset-master/Dataset/1084314_DF_080_080BDF0090_01448/1084314_DF_080_080BDF0090_01448_RAW.jpg
1091984_DF_251_251BDF0490_01290,train,Crack,6721,0,356105,d:/current project/SIH PPts/roadsense_webapp/roadsense_webapp/Cracks-and-Potholes-in-Road-Images-Dataset-master/Cracks-and-Potholes-in-Road-Images-Dataset-master/Dataset/1091984_DF_251_251BDF0490_01290/1091984_DF_251_251BDF0490_01290_RAW.jpg
1085386_DF_080_080BDF0090_03519,train,Normal,444,0,357776,d:/current project/SIH PPts/roadsense_webapp/roadsense_webapp/Cracks-and-Potholes-in-Road-Images-Dataset-master/Cracks-and-Potholes-in-Road-Images-Dataset-master/Dataset/1085386_DF_080_080BDF0090_03519/1085386_DF_080_080BDF0090_03519_RAW.jpg
1092819_DF_251_251BDF0052_00625,train,Crack,17608,0,351221,d:/current project/SIH PPts/roadsense_webapp/roadsense_webapp/Cracks-and-Potholes-in-Road-Images-Dataset-master/Cracks-and-Potholes-in-Road-Images-Dataset-master/Dataset/1092819_DF_251_251BDF0052_00625/1092819_DF_251_251BDF0052_00625_RAW.jpg
917381_RS_290_290RS294095_20355,train,Crack,1785,0,348042,d:/current project/SIH PPts/roadsense_webapp/roadsense_webapp/Cracks-and-Potholes-in-Road-Images-Dataset-master/Cracks-and-Potholes-in-Road-Images-Dataset-master/Dataset/917381_RS_290_290RS294095_20355/917381_RS_290_290RS294095_20355_RAW.jpg
1014616_RS_386_386RS124739_30005,train,Crack,1862,0,394201,d:/current project/SIH PPts/roadsense_webapp/roadsense_webapp/Cracks-and-Potholes-in-Road-Images-Dataset-master/Cracks-and-Potholes-in-Road-Images-Dataset-master/Dataset/1014616_RS_386_386RS124739_30005/1014616_RS_386_386RS124739_30005_RAW.jpg
994589_RS_386_386RS191729_09710,train,Crack,10960,0,355904,d:/current project/SIH PPts/roadsense_webapp/roadsense_webapp/Cracks-and-Potholes-in-Road-Images-Dataset-master/Cracks-and-Potholes-in-Road-Images-Dataset-master/Dataset/994589_RS_386_386RS191729_09710/994589_RS_386_386RS191729_09710_RAW.jpg
1014738_RS_386_386RS124739_30615,val,Crack,1954,0,386395,d:/current project/SIH PPts/roadsense_webapp/roadsense_webapp/Cracks-and-Potholes-in-Road-Images-Dataset-master/Cracks-and-Potholes-in-Road-Images-Dataset-master/Dataset/1014738_RS_386_386RS124739_30615/1014738_RS_386_386RS124739_30615_RAW.jpg
1014786_RS_386_386RS124739_30856,train,Pothole,8297,28849,389943,d:/current project/SIH PPts/roadsense_webapp/roadsense_webapp/Cracks-and-Potholes-in-Road-Images-Dataset-master/Cracks-and-Potholes-in-Road-Images-Dataset-master/Dataset/1014786_RS_386_386RS124739_30856/1014786_RS_386_386RS124739_30856_RAW.jpg
917901_RS_290_290RS294095_22955,train,Crack,7139,0,365155,d:/current project/SIH PPts/roadsense_webapp/roadsense_webapp/Cracks-and-Potholes-in-Road-Images-Dataset-master/Cracks-and-Potholes-in-Road-Images-Dataset-master/Dataset/917901_RS_290_290RS294095_22955/917901_RS_290_290RS294095_22955_RAW.jpg
918220_RS_290_290RS294095_24551,train,Crack,7716,0,357867,d:/current project/SIH PPts/roadsense_webapp/roadsense_webapp/Cracks-and-Potholes-in-Road-Images-Dataset-master/Cracks-and-Potholes-in-Road-Images-Dataset-master/Dataset/918220_RS_290_290RS294095_24551/918220_RS_290_290RS294095_24551_RAW.jpg
1091718_DF_251_251BDF0490_00788,train,Crack,5735,0,340614,d:/current project/SIH PPts/roadsense_webapp/roadsense_webapp/Cracks-and-Potholes-in-Road-Images-Dataset-master/Cracks-and-Potholes-in-Road-Images-Dataset-master/Dataset/1091718_DF_251_251BDF0490_00788/1091718_DF_251_251BDF0490_00788_RAW.jpg
1091746_DF_251_251BDF0490_00842,train,Crack,3279,0,351659,d:/current project/SIH PPts/roadsense_webapp/roadsense_webapp/Cracks-and-Potholes-in-Road-Images-Dataset-master/Cracks-and-Potholes-in-Road-Images-Dataset-master/Dataset/1091746_DF_251_251BDF0490_00842/1091746_DF_251_251BDF0490_00842_RAW.jpg
1081487_DF_080_080BDF0070_00291,train,Crack,6516,0,335019,d:/current project/SIH PPts/roadsense_webapp/roadsense_webapp/Cracks-and-Potholes-in-Road-Images-Dataset-master/Cracks-and-Potholes-in-Road-Images-Dataset-master/Dataset/1081487_DF_080_080BDF0070_00291/1081487_DF_080_080BDF0070_00291_RAW.jpg
1014698_RS_386_386RS124739_30415,train,Crack,2166,0,387754,d:/current project/SIH PPts/roadsense_webapp/roadsense_webapp/Cracks-and-Potholes-in-Road-Images-Dataset-master/Cracks-and-Potholes-in-Road-Images-Dataset-master/Dataset/1014698_RS_386_386RS124739_30415/1014698_RS_386_386RS124739_30415_RAW.jpg
1092062_DF_251_251BDF0490_01434,train,Crack,3559,0,374352,d:/current project/SIH PPts/roadsense_webapp/roadsense_webapp/Cracks-and-Potholes-in-Road-Images-Dataset-master/Cracks-and-Potholes-in-Road-Images-Dataset-master/Dataset/1092062_DF_251_251BDF0490_01434/1092062_DF_251_251BDF0490_01434_RAW.jpg
1093340_DF_251_251BDF0052_01600,val,Crack,2798,0,340687,d:/current project/SIH PPts/roadsense_webapp/roadsense_webapp/Cracks-and-Potholes-in-Road-Images-Dataset-master/Cracks-and-Potholes-in-Road-Images-Dataset-master/Dataset/1093340_DF_251_251BDF0052_01600/1093340_DF_251_251BDF0052_01600_RAW.jpg
917306_RS_290_290RS294095_19980,val,Crack,4176,0,353642,d:/current project/SIH PPts/roadsense_webapp/roadsense_webapp/Cracks-and-Potholes-in-Road-Images-Dataset-master/Cracks-and-Potholes-in-Road-Images-Dataset-master/Dataset/917306_RS_290_290RS294095_19980/917306_RS_290_290RS294095_19980_RAW.jpg
1081771_DF_080_080BDF0070_00811,train,Pothole,13105,2817,348077,d:/current project/SIH PPts/roadsense_webapp/roadsense_webapp/Cracks-and-Potholes-in-Road-Images-Dataset-master/Cracks-and-Potholes-in-Road-Images-Dataset-master/Dataset/1081771_DF_080_080BDF0070_00811/1081771_DF_080_080BDF0070_00811_RAW.jpg
919525_RS_290_290RS294095_31075,train,Crack,23591,0,346760,d:/current project/SIH PPts/roadsense_webapp/roadsense_webapp/Cracks-and-Potholes-in-Road-Images-Dataset-master/Cracks-and-Potholes-in-Road-Images-Dataset-master/Dataset/919525_RS_290_290RS294095_31075/919525_RS_290_290RS294095_31075_RAW.jpg
917253_RS_290_290RS294095_19715,train,Crack,31155,0,370377,d:/current project/SIH PPts/roadsense_webapp/roadsense_webapp/Cracks-and-Potholes-in-Road-Images-Dataset-master/Cracks-and-Potholes-in-Road-Images-Dataset-master/Dataset/917253_RS_290_290RS294095_19715/917253_RS_290_290RS294095_19715_RAW.jpg
1093597_DF_251_251BDF0052_02037,train,Normal,666,0,374853,d:/current project/SIH PPts/roadsense_webapp/roadsense_webapp/Cracks-and-Potholes-in-Road-Images-Dataset-master/Cracks-and-Potholes-in-Road-Images-Dataset-master/Dataset/1093597_DF_251_251BDF0052_02037/1093597_DF_251_251BDF0052_02037_RAW.jpg
1092556_DF_251_251BDF0052_00170,train,Crack,8509,0,357354,d:/current project/SIH PPts/roadsense_webapp/roadsense_webapp/Cracks-and-Potholes-in-Road-Images-Dataset-master/Cracks-and-Potholes-in-Road-Images-Dataset-master/Dataset/1092556_DF_251_251BDF0052_00170/1092556_DF_251_251BDF0052_00170_RAW.jpg
941559_RS_290_290RS070691_00700,val,Pothole,0,6857,352747,d:/current project/SIH PPts/roadsense_webapp/roadsense_webapp/Cracks-and-Potholes-in-Road-Images-Dataset-master/Cracks-and-Potholes-in-Road-Images-Dataset-master/Dataset/941559_RS_290_290RS070691_00700/941559_RS_290_290RS070691_00700_RAW.jpg
1081459_DF_080_080BDF0070_00240,train,Crack,3875,0,343104,d:/current project/SIH PPts/roadsense_webapp/roadsense_webapp/Cracks-and-Potholes-in-Road-Images-Dataset-master/Cracks-and-Potholes-in-Road-Images-Dataset-master/Dataset/1081459_DF_080_080BDF0070_00240/1081459_DF_080_080BDF0070_00240_RAW.jpg
1051790_DF_020_020BDF0070_01724,train,Pothole,0,2267,392945,d:/current project/SIH PPts/roadsense_webapp/roadsense_webapp/Cracks-and-Potholes-in-Road-Images-Dataset-master/Cracks-and-Potholes-in-Road-Images-Dataset-master/Dataset/1051790_DF_020_020BDF0070_01724/1051790_DF_020_020BDF0070_01724_RAW.jpg
917233_RS_290_290RS294095_19615,train,Crack,13660,0,357530,d:/current project/SIH PPts/roadsense_webapp/roadsense_webapp/Cracks-and-Potholes-in-Road-Images-Dataset-master/Cracks-and-Potholes-in-Road-Images-Dataset-master/Dataset/917233_RS_290_290RS294095_19615/917233_RS_290_290RS294095_19615_RAW.jpg
915964_RS_290_290RS294095_13270,val,Crack,1608,0,369900,d:/current project/SIH PPts/roadsense_webapp/roadsense_webapp/Cracks-and-Potholes-in-Road-Images-Dataset-master/Cracks-and-Potholes-in-Road-Images-Dataset-master/Dataset/915964_RS_290_290RS294095_13270/915964_RS_290_290RS294095_13270_RAW.jpg
917284_RS_290_290RS294095_19871,train,Crack,2881,0,364032,d:/current project/SIH PPts/roadsense_webapp/roadsense_webapp/Cracks-and-Potholes-in-Road-Images-Dataset-master/Cracks-and-Potholes-in-Road-Images-Dataset-master/Dataset/917284_RS_290_290RS294095_19871/917284_RS_290_290RS294095_19871_RAW.jpg
918179_RS_290_290RS294095_24346,train,Crack,2252,0,358428,d:/current project/SIH PPts/roadsense_webapp/roadsense_webapp/Cracks-and-Potholes-in-Road-Images-Dataset-master/Cracks-and-Potholes-in-Road-Images-Dataset-master/Dataset/918179_RS_290_290RS294095_24346/918179_RS_290_290RS294095_24346_RAW.jpg
1014748_RS_386_386RS124739_30665,train,Normal,518,0,384220,d:/current project/SIH PPts/roadsense_webapp/roadsense_webapp/Cracks-and-Potholes-in-Road-Images-Dataset-master/Cracks-and-Potholes-in-Road-Images-Dataset-master/Dataset/1014748_RS_386_386RS124739_30665/1014748_RS_386_386RS124739_30665_RAW.jpg
1068045_DF_010_010BDF0018_04239,train,Pothole,0,1245,372153,d:/current project/SIH PPts/roadsense_webapp/roadsense_webapp/Cracks-and-Potholes-in-Road-Images-Dataset-master/Cracks-and-Potholes-in-Road-Images-Dataset-master/Dataset/1068045_DF_010_010BDF0018_04239/1068045_DF_010_010BDF0018_04239_RAW.jpg
1025913_RS_386_386RS169832_09305,train,Crack,12115,0,379985,d:/current project/SIH PPts/roadsense_webapp/roadsense_webapp/Cracks-and-Potholes-in-Road-Images-Dataset-master/Cracks-and-Potholes-in-Road-Images-Dataset-master/Dataset/1025913_RS_386_386RS169832_09305/1025913_RS_386_386RS169832_09305_RAW.jpg
1093927_DF_251_251BDF0052_02620,train,Pothole,3351,224,348281,d:/current project/SIH PPts/roadsense_webapp/roadsense_webapp/Cracks-and-Potholes-in-Road-Images-Dataset-master/Cracks-and-Potholes-in-Road-Images-Dataset-master/Dataset/1093927_DF_251_251BDF0052_02620/1093927_DF_251_251BDF0052_02620_RAW.jpg
1053997_DF_020_020BDF0070_06275,train,Pothole,10959,1507,342223,d:/current project/SIH PPts/roadsense_webapp/roadsense_webapp/Cracks-and-Potholes-in-Road-Images-Dataset-master/Cracks-and-Potholes-in-Road-Images-Dataset-master/Dataset/1053997_DF_020_020BDF0070_06275/1053997_DF_020_020BDF0070_06275_RAW.jpg
774080_ES_259_259ES000000_44500,train,Normal,471,0,418647,d:/current project/SIH PPts/roadsense_webapp/roadsense_webapp/Cracks-and-Potholes-in-Road-Images-Dataset-master/Cracks-and-Potholes-in-Road-Images-Dataset-master/Dataset/774080_ES_259_259ES000000_44500/774080_ES_259_259ES000000_44500_RAW.jpg
1092761_DF_251_251BDF0052_00524,train,Crack,9555,0,340867,d:/current project/SIH PPts/roadsense_webapp/roadsense_webapp/Cracks-and-Potholes-in-Road-Images-Dataset-master/Cracks-and-Potholes-in-Road-Images-Dataset-master/Dataset/1092761_DF_251_251BDF0052_00524/1092761_DF_251_251BDF0052_00524_RAW.jpg
1081728_DF_080_080BDF0070_00731,train,Crack,7576,0,333110,d:/current project/SIH PPts/roadsense_webapp/roadsense_webapp/Cracks-and-Potholes-in-Road-Images-Dataset-master/Cracks-and-Potholes-in-Road-Images-Dataset-master/Dataset/1081728_DF_080_080BDF0070_00731/1081728_DF_080_080BDF0070_00731_RAW.jpg
1092961_DF_251_251BDF0052_00876,val,Crack,6827,0,350379,d:/current project/SIH PPts/roadsense_webapp/roadsense_webapp/Cracks-and-Potholes-in-Road-Images-Dataset-master/Cracks-and-Potholes-in-Road-Images-Dataset-master/Dataset/1092961_DF_251_251BDF0052_00876/1092961_DF_251_251BDF0052_00876_RAW.jpg
919154_RS_290_290RS294095_29220,train,Crack,9940,0,365978,d:/current project/SIH PPts/roadsense_webapp/roadsense_webapp/Cracks-and-Potholes-in-Road-Images-Dataset-master/Cracks-and-Potholes-in-Road-Images-Dataset-master/Dataset/919154_RS_290_290RS294095_29220/919154_RS_290_290RS294095_29220_RAW.jpg
941598_RS_290_290RS070691_00895,val,Pothole,0,53515,362687,d:/current project/SIH PPts/roadsense_webapp/roadsense_webapp/Cracks-and-Potholes-in-Road-Images-Dataset-master/Cracks-and-Potholes-in-Road-Images-Dataset-master/Dataset/941598_RS_290_290RS070691_00895/941598_RS_290_290RS070691_00895_RAW.jpg
1093020_DF_251_251BDF0052_00980,val,Crack,19085,0,360791,d:/current project/SIH PPts/roadsense_webapp/roadsense_webapp/Cracks-and-Potholes-in-Road-Images-Dataset-master/Cracks-and-Potholes-in-Road-Images-Dataset-master/Dataset/1093020_DF_251_251BDF0052_00980/1093020_DF_251_251BDF0052_00980_RAW.jpg
1014869_RS_386_386RS124739_31270,train,Normal,863,0,385906,d:/current project/SIH PPts/roadsense_webapp/roadsense_webapp/Cracks-and-Potholes-in-Road-Images-Dataset-master/Cracks-and-Potholes-in-Road-Images-Dataset-master/Dataset/1014869_RS_386_386RS124739_31270/1014869_RS_386_386RS124739_31270_RAW.jpg
1084257_DF_080_080BDF0090_01340,train,Crack,1873,0,321484,d:/current project/SIH PPts/roadsense_webapp/roadsense_webapp/Cracks-and-Potholes-in-Road-Images-Dataset-master/Cracks-and-Potholes-in-Road-Images-Dataset-master/Dataset/1084257_DF_080_080BDF0090_01340/1084257_DF_080_080BDF0090_01340_RAW.jpg
919526_RS_290_290RS294095_31080,val,Crack,10142,0,343515,d:/current project/SIH PPts/roadsense_webapp/roadsense_webapp/Cracks-and-Potholes-in-Road-Images-Dataset-master/Cracks-and-Potholes-in-Road-Images-Dataset-master/Dataset/919526_RS_290_290RS294095_31080/919526_RS_290_290RS294095_31080_RAW.jpg
1053888_DF_020_020BDF0070_06075,train,Pothole,0,1474,378131,d:/current project/SIH PPts/roadsense_webapp/roadsense_webapp/Cracks-and-Potholes-in-Road-Images-Dataset-master/Cracks-and-Potholes-in-Road-Images-Dataset-master/Dataset/1053888_DF_020_020BDF0070_06075/1053888_DF_020_020BDF0070_06075_RAW.jpg
994470_RS_386_386RS191729_09115,train,Crack,3136,0,355152,d:/current project/SIH PPts/roadsense_webapp/roadsense_webapp/Cracks-and-Potholes-in-Road-Images-Dataset-master/Cracks-and-Potholes-in-Road-Images-Dataset-master/Dataset/994470_RS_386_386RS191729_09115/994470_RS_386_386RS191729_09115_RAW.jpg
1091094_DF_070_070BDF0050_07370,train,Normal,0,0,376047,d:/current project/SIH PPts/roadsense_webapp/roadsense_webapp/Cracks-and-Potholes-in-Road-Images-Dataset-master/Cracks-and-Potholes-in-Road-Images-Dataset-master/Dataset/1091094_DF_070_070BDF0050_07370/1091094_DF_070_070BDF0050_07370_RAW.jpg
1076999_DF_251_251BDF0530_04555,train,Normal,465,0,341947,d:/current project/SIH PPts/roadsense_webapp/roadsense_webapp/Cracks-and-Potholes-in-Road-Images-Dataset-master/Cracks-and-Potholes-in-Road-Images-Dataset-master/Dataset/1076999_DF_251_251BDF0530_04555/1076999_DF_251_251BDF0530_04555_RAW.jpg
1091912_DF_251_251BDF0490_01156,train,Crack,3139,0,350931,d:/current project/SIH PPts/roadsense_webapp/roadsense_webapp/Cracks-and-Potholes-in-Road-Images-Dataset-master/Cracks-and-Potholes-in-Road-Images-Dataset-master/Dataset/1091912_DF_251_251BDF0490_01156/1091912_DF_251_251BDF0490_01156_RAW.jpg
1082300_DF_080_080BDF0070_01927,train,Crack,32129,0,341048,d:/current project/SIH PPts/roadsense_webapp/roadsense_webapp/Cracks-and-Potholes-in-Road-Images-Dataset-master/Cracks-and-Potholes-in-Road-Images-Dataset-master/Dataset/1082300_DF_080_080BDF0070_01927/1082300_DF_080_080BDF0070_01927_RAW.jpg
1093014_DF_251_251BDF0052_00970,train,Crack,10074,0,367558,d:/current project/SIH PPts/roadsense_webapp/roadsense_webapp/Cracks-and-Potholes-in-Road-Images-Dataset-master/Cracks-and-Potholes-in-Road-Images-Dataset-master/Dataset/1093014_DF_251_251BDF0052_00970/1093014_DF_251_251BDF0052_00970_RAW.jpg
1091872_DF_251_251BDF0490_01080,train,Normal,1129,0,356983,d:/current project/SIH PPts/roadsense_webapp/roadsense_webapp/Cracks-and-Potholes-in-Road-Images-Dataset-master/Cracks-and-Potholes-in-Road-Images-Dataset-master/Dataset/1091872_DF_251_251BDF0490_01080/1091872_DF_251_251BDF0490_01080_RAW.jpg
917205_RS_290_290RS294095_19475,train,Crack,21061,0,364661,d:/current project/SIH PPts/roadsense_webapp/roadsense_webapp/Cracks-and-Potholes-in-Road-Images-Dataset-master/Cracks-and-Potholes-in-Road-Images-Dataset-master/Dataset/917205_RS_290_290RS294095_19475/917205_RS_290_290RS294095_19475_RAW.jpg
1014848_RS_386_386RS124739_31165,train,Crack,6591,0,382331,d:/current project/SIH PPts/roadsense_webapp/roadsense_webapp/Cracks-and-Potholes-in-Road-Images-Dataset-master/Cracks-and-Potholes-in-Road-Images-Dataset-master/Dataset/1014848_RS_386_386RS124739_31165/1014848_RS_386_386RS124739_31165_RAW.jpg
1014612_RS_386_386RS124739_29985,train,Crack,5673,0,387958,d:/current project/SIH PPts/roadsense_webapp/roadsense_webapp/Cracks-and-Potholes-in-Road-Images-Dataset-master/Cracks-and-Potholes-in-Road-Images-Dataset-master/Dataset/1014612_RS_386_386RS124739_29985/1014612_RS_386_386RS124739_29985_RAW.jpg
1092899_DF_251_251BDF0052_00766,train,Pothole,969,2657,359925,d:/current project/SIH PPts/roadsense_webapp/roadsense_webapp/Cracks-and-Potholes-in-Road-Images-Dataset-master/Cracks-and-Potholes-in-Road-Images-Dataset-master/Dataset/1092899_DF_251_251BDF0052_00766/1092899_DF_251_251BDF0052_00766_RAW.jpg
994510_RS_386_386RS191729_09315,val,Crack,1649,0,349201,d:/current project/SIH PPts/roadsense_webapp/roadsense_webapp/Cracks-and-Potholes-in-Road-Images-Dataset-master/Cracks-and-Potholes-in-Road-Images-Dataset-master/Dataset/994510_RS_386_386RS191729_09315/994510_RS_386_386RS191729_09315_RAW.jpg
1014640_RS_386_386RS124739_30127,train,Pothole,1019,450,389702,d:/current project/SIH PPts/roadsense_webapp/roadsense_webapp/Cracks-and-Potholes-in-Road-Images-Dataset-master/Cracks-and-Potholes-in-Road-Images-Dataset-master/Dataset/1014640_RS_386_386RS124739_30127/1014640_RS_386_386RS124739_30127_RAW.jpg
1081519_DF_080_080BDF0070_00351,train,Crack,12614,0,344696,d:/current project/SIH PPts/roadsense_webapp/roadsense_webapp/Cracks-and-Potholes-in-Road-Images-Dataset-master/Cracks-and-Potholes-in-Road-Images-Dataset-master/Dataset/1081519_DF_080_080BDF0070_00351/1081519_DF_080_080BDF0070_00351_RAW.jpg
941558_RS_290_290RS070691_00695,train,Pothole,0,45448,352110,d:/current project/SIH PPts/roadsense_webapp/roadsense_webapp/Cracks-and-Potholes-in-Road-Images-Dataset-master/Cracks-and-Potholes-in-Road-Images-Dataset-master/Dataset/941558_RS_290_290RS070691_00695/941558_RS_290_290RS070691_00695_RAW.jpg
917161_RS_290_290RS294095_19255,train,Crack,4908,0,364581,d:/current project/SIH PPts/roadsense_webapp/roadsense_webapp/Cracks-and-Potholes-in-Road-Images-Dataset-master/Cracks-and-Potholes-in-Road-Images-Dataset-master/Dataset/917161_RS_290_290RS294095_19255/917161_RS_290_290RS294095_19255_RAW.jpg
883240_RS_290_290RS150131_16930,train,Pothole,0,43338,342896,d:/current project/SIH PPts/roadsense_webapp/roadsense_webapp/Cracks-and-Potholes-in-Road-Images-Dataset-master/Cracks-and-Potholes-in-Road-Images-Dataset-master/Dataset/883240_RS_290_290RS150131_16930/883240_RS_290_290RS150131_16930_RAW.jpg
1084345_DF_080_080BDF0090_01501,train,Crack,4435,0,320979,d:/current project/SIH PPts/roadsense_webapp/roadsense_webapp/Cracks-and-Potholes-in-Road-Images-Dataset-master/Cracks-and-Potholes-in-Road-Images-Dataset-master/Dataset/1084345_DF_080_080BDF0090_01501/1084345_DF_080_080BDF0090_01501_RAW.jpg
918389_RS_290_290RS294095_25395,train,Crack,2948,0,349673,d:/current project/SIH PPts/roadsense_webapp/roadsense_webapp/Cracks-and-Potholes-in-Road-Images-Dataset-master/Cracks-and-Potholes-in-Road-Images-Dataset-master/Dataset/918389_RS_290_290RS294095_25395/918389_RS_290_290RS294095_25395_RAW.jpg
883270_RS_290_290RS150131_17080,train,Pothole,0,58388,343960,d:/current project/SIH PPts/roadsense_webapp/roadsense_webapp/Cracks-and-Potholes-in-Road-Images-Dataset-master/Cracks-and-Potholes-in-Road-Images-Dataset-master/Dataset/883270_RS_290_290RS150131_17080/883270_RS_290_290RS150131_17080_RAW.jpg
1084279_DF_080_080BDF0090_01382,train,Pothole,16903,888,318405,d:/current project/SIH PPts/roadsense_webapp/roadsense_webapp/Cracks-and-Potholes-in-Road-Images-Dataset-master/Cracks-and-Potholes-in-Road-Images-Dataset-master/Dataset/1084279_DF_080_080BDF0090_01382/1084279_DF_080_080BDF0090_01382_RAW.jpg
1074973_DF_251_251BDF0530_00800,val,Normal,1112,0,368676,d:/current project/SIH PPts/roadsense_webapp/roadsense_webapp/Cracks-and-Potholes-in-Road-Images-Dataset-master/Cracks-and-Potholes-in-Road-Images-Dataset-master/Dataset/1074973_DF_251_251BDF0530_00800/1074973_DF_251_251BDF0530_00800_RAW.jpg
941511_RS_290_290RS070691_00461,train,Pothole,0,22508,354275,d:/current project/SIH PPts/roadsense_webapp/roadsense_webapp/Cracks-and-Potholes-in-Road-Images-Dataset-master/Cracks-and-Potholes-in-Road-Images-Dataset-master/Dataset/941511_RS_290_290RS070691_00461/941511_RS_290_290RS070691_00461_RAW.jpg
917401_RS_290_290RS294095_20455,train,Crack,8370,0,345080,d:/current project/SIH PPts/roadsense_webapp/roadsense_webapp/Cracks-and-Potholes-in-Road-Images-Dataset-master/Cracks-and-Potholes-in-Road-Images-Dataset-master/Dataset/917401_RS_290_290RS294095_20455/917401_RS_290_290RS294095_20455_RAW.jpg
919718_RS_290_290RS294095_32040,train,Crack,1764,0,368637,d:/current project/SIH PPts/roadsense_webapp/roadsense_webapp/Cracks-and-Potholes-in-Road-Images-Dataset-master/Cracks-and-Potholes-in-Road-Images-Dataset-master/Dataset/919718_RS_290_290RS294095_32040/919718_RS_290_290RS294095_32040_RAW.jpg
917390_RS_290_290RS294095_20400,train,Crack,3059,0,347623,d:/current project/SIH PPts/roadsense_webapp/roadsense_webapp/Cracks-and-Potholes-in-Road-Images-Dataset-master/Cracks-and-Potholes-in-Road-Images-Dataset-master/Dataset/917390_RS_290_290RS294095_20400/917390_RS_290_290RS294095_20400_RAW.jpg
917219_RS_290_290RS294095_19545,train,Crack,15944,0,367061,d:/current project/SIH PPts/roadsense_webapp/roadsense_webapp/Cracks-and-Potholes-in-Road-Images-Dataset-master/Cracks-and-Potholes-in-Road-Images-Dataset-master/Dataset/917219_RS_290_290RS294095_19545/917219_RS_290_290RS294095_19545_RAW.jpg
883232_RS_290_290RS150131_16890,train,Pothole,0,29385,364560,d:/current project/SIH PPts/roadsense_webapp/roadsense_webapp/Cracks-and-Potholes-in-Road-Images-Dataset-master/Cracks-and-Potholes-in-Road-Images-Dataset-master/Dataset/883232_RS_290_290RS150131_16890/883232_RS_290_290RS150131_16890_RAW.jpg
917397_RS_290_290RS294095_20435,val,Crack,16053,0,346324,d:/current project/SIH PPts/roadsense_webapp/roadsense_webapp/Cracks-and-Potholes-in-Road-Images-Dataset-master/Cracks-and-Potholes-in-Road-Images-Dataset-master/Dataset/917397_RS_290_290RS294095_20435/917397_RS_290_290RS294095_20435_RAW.jpg
1091813_DF_251_251BDF0490_00968,train,Crack,13228,0,356968,d:/current project/SIH PPts/roadsense_webapp/roadsense_webapp/Cracks-and-Potholes-in-Road-Images-Dataset-master/Cracks-and-Potholes-in-Road-Images-Dataset-master/Dataset/1091813_DF_251_251BDF0490_00968/1091813_DF_251_251BDF0490_00968_RAW.jpg
917255_RS_290_290RS294095_19725,train,Crack,16014,0,362020,d:/current project/SIH PPts/roadsense_webapp/roadsense_webapp/Cracks-and-Potholes-in-Road-Images-Dataset-master/Cracks-and-Potholes-in-Road-Images-Dataset-master/Dataset/917255_RS_290_290RS294095_19725/917255_RS_290_290RS294095_19725_RAW.jpg
1068310_DF_010_010BDF0018_04817,train,Pothole,0,1533,377001,d:/current project/SIH PPts/roadsense_webapp/roadsense_webapp/Cracks-and-Potholes-in-Road-Images-Dataset-master/Cracks-and-Potholes-in-Road-Images-Dataset-master/Dataset/1068310_DF_010_010BDF0018_04817/1068310_DF_010_010BDF0018_04817_RAW.jpg
941638_RS_290_290RS070691_01095,train,Pothole,0,5233,351788,d:/current project/SIH PPts/roadsense_webapp/roadsense_webapp/Cracks-and-Potholes-in-Road-Images-Dataset-master/Cracks-and-Potholes-in-Road-Images-Dataset-master/Dataset/941638_RS_290_290RS070691_01095/941638_RS_290_290RS070691_01095_RAW.jpg
1014764_RS_386_386RS124739_30745,train,Crack,22835,0,389581,d:/current project/SIH PPts/roadsense_webapp/roadsense_webapp/Cracks-and-Potholes-in-Road-Images-Dataset-master/Cracks-and-Potholes-in-Road-Images-Dataset-master/Dataset/1014764_RS_386_386RS124739_30745/1014764_RS_386_386RS124739_30745_RAW.jpg
1091901_DF_251_251BDF0490_01135,train,Crack,4140,0,353708,d:/current project/SIH PPts/roadsense_webapp/roadsense_webapp/Cracks-and-Potholes-in-Road-Images-Dataset-master/Cracks-and-Potholes-in-Road-Images-Dataset-master/Dataset/1091901_DF_251_251BDF0490_01135/1091901_DF_251_251BDF0490_01135_RAW.jpg
1091917_DF_251_251BDF0490_01166,train,Normal,1218,0,351089,d:/current project/SIH PPts/roadsense_webapp/roadsense_webapp/Cracks-and-Potholes-in-Road-Images-Dataset-master/Cracks-and-Potholes-in-Road-Images-Dataset-master/Dataset/1091917_DF_251_251BDF0490_01166/1091917_DF_251_251BDF0490_01166_RAW.jpg
1091885_DF_251_251BDF0490_01105,train,Crack,3351,0,352544,d:/current project/SIH PPts/roadsense_webapp/roadsense_webapp/Cracks-and-Potholes-in-Road-Images-Dataset-master/Cracks-and-Potholes-in-Road-Images-Dataset-master/Dataset/1091885_DF_251_251BDF0490_01105/1091885_DF_251_251BDF0490_01105_RAW.jpg
994203_RS_386_386RS191729_07783,train,Pothole,2721,1562,381300,d:/current project/SIH PPts/roadsense_webapp/roadsense_webapp/Cracks-and-Potholes-in-Road-Images-Dataset-master/Cracks-and-Potholes-in-Road-Images-Dataset-master/Dataset/994203_RS_386_386RS191729_07783/994203_RS_386_386RS191729_07783_RAW.jpg
883083_RS_290_290RS150131_16145,train,Pothole,0,58600,346616,d:/current project/SIH PPts/roadsense_webapp/roadsense_webapp/Cracks-and-Potholes-in-Road-Images-Dataset-master/Cracks-and-Potholes-in-Road-Images-Dataset-master/Dataset/883083_RS_290_290RS150131_16145/883083_RS_290_290RS150131_16145_RAW.jpg
941573_RS_290_290RS070691_00770,val,Pothole,0,59853,354921,d:/current project/SIH PPts/roadsense_webapp/roadsense_webapp/Cracks-and-Potholes-in-Road-Images-Dataset-master/Cracks-and-Potholes-in-Road-Images-Dataset-master/Dataset/941573_RS_290_290RS070691_00770/941573_RS_290_290RS070691_00770_RAW.jpg
1081792_DF_080_080BDF0070_00850,train,Crack,5053,0,350542,d:/current project/SIH PPts/roadsense_webapp/roadsense_webapp/Cracks-and-Potholes-in-Road-Images-Dataset-master/Cracks-and-Potholes-in-Road-Images-Dataset-master/Dataset/1081792_DF_080_080BDF0070_00850/1081792_DF_080_080BDF0070_00850_RAW.jpg
1091614_DF_251_251BDF0490_00592,train,Crack,6708,0,362765,d:/current project/SIH PPts/roadsense_webapp/roadsense_webapp/Cracks-and-Potholes-in-Road-Images-Dataset-master/Cracks-and-Potholes-in-Road-Images-Dataset-master/Dataset/1091614_DF_251_251BDF0490_00592/1091614_DF_251_251BDF0490_00592_RAW.jpg
1053829_DF_020_020BDF0070_05975,train,Pothole,0,2379,383374,d:/current project/SIH PPts/roadsense_webapp/roadsense_webapp/Cracks-and-Potholes-in-Road-Images-Dataset-master/Cracks-and-Potholes-in-Road-Images-Dataset-master/Dataset/1053829_DF_020_020BDF0070_05975/1053829_DF_020_020BDF0070_05975_RAW.jpg
994179_RS_386_386RS191729_07660,train,Pothole,0,27736,389049,d:/current project/SIH PPts/roadsense_webapp/roadsense_webapp/Cracks-and-Potholes-in-Road-Images-Dataset-master/Cracks-and-Potholes-in-Road-Images-Dataset-master/Dataset/994179_RS_386_386RS191729_07660/994179_RS_386_386RS191729_07660_RAW.jpg
915946_RS_290_290RS294095_13181,train,Crack,3805,0,365678,d:/current project/SIH PPts/roadsense_webapp/roadsense_webapp/Cracks-and-Potholes-in-Road-Images-Dataset-master/Cracks-and-Potholes-in-Road-Images-Dataset-master/Dataset/915946_RS_290_290RS294095_13181/915946_RS_290_290RS294095_13181_RAW.jpg
917903_RS_290_290RS294095_22965,train,Crack,6452,0,367146,d:/current project/SIH PPts/roadsense_webapp/roadsense_webapp/Cracks-and-Potholes-in-Road-Images-Dataset-master/Cracks-and-Potholes-in-Road-Images-Dataset-master/Dataset/917903_RS_290_290RS294095_22965/917903_RS_290_290RS294095_22965_RAW.jpg
1092659_DF_251_251BDF0052_00347,train,Crack,7379,0,365285,d:/current project/SIH PPts/roadsense_webapp/roadsense_webapp/Cracks-and-Potholes-in-Road-Images-Dataset-master/Cracks-and-Potholes-in-Road-Images-Dataset-master/Dataset/1092659_DF_251_251BDF0052_00347/1092659_DF_251_251BDF0052_00347_RAW.jpg
1092485_DF_251_251BDF0052_00038,train,Crack,17137,0,400676,d:/current project/SIH PPts/roadsense_webapp/roadsense_webapp/Cracks-and-Potholes-in-Road-Images-Dataset-master/Cracks-and-Potholes-in-Road-Images-Dataset-master/Dataset/1092485_DF_251_251BDF0052_00038/1092485_DF_251_251BDF0052_00038_RAW.jpg
1067841_DF_010_010BDF0018_03817,train,Pothole,0,4277,384408,d:/current project/SIH PPts/roadsense_webapp/roadsense_webapp/Cracks-and-Potholes-in-Road-Images-Dataset-master/Cracks-and-Potholes-in-Road-Images-Dataset-master/Dataset/1067841_DF_010_010BDF0018_03817/1067841_DF_010_010BDF0018_03817_RAW.jpg
994598_RS_386_386RS191729_09755,train,Crack,26421,0,359517,d:/current project/SIH PPts/roadsense_webapp/roadsense_webapp/Cracks-and-Potholes-in-Road-Images-Dataset-master/Cracks-and-Potholes-in-Road-Images-Dataset-master/Dataset/994598_RS_386_386RS191729_09755/994598_RS_386_386RS191729_09755_RAW.jpg
915957_RS_290_290RS294095_13235,train,Crack,2625,0,368383,d:/current project/SIH PPts/roadsense_webapp/roadsense_webapp/Cracks-and-Potholes-in-Road-Images-Dataset-master/Cracks-and-Potholes-in-Road-Images-Dataset-master/Dataset/915957_RS_290_290RS294095_13235/915957_RS_290_290RS294095_13235_RAW.jpg
919090_RS_290_290RS294095_28900,train,Normal,1434,0,346882,d:/current project/SIH PPts/roadsense_webapp/roadsense_webapp/Cracks-and-Potholes-in-Road-Images-Dataset-master/Cracks-and-Potholes-in-Road-Images-Dataset-master/Dataset/919090_RS_290_290RS294095_28900/919090_RS_290_290RS294095_28900_RAW.jpg
919533_RS_290_290RS294095_31115,train,Normal,1024,0,343740,d:/current project/SIH PPts/roadsense_webapp/roadsense_webapp/Cracks-and-Potholes-in-Road-Images-Dataset-master/Cracks-and-Potholes-in-Road-Images-Dataset-master/Dataset/919533_RS_290_290RS294095_31115/919533_RS_290_290RS294095_31115_RAW.jpg
1094288_DF_251_251BDF0052_03291,train,Crack,3953,0,364385,d:/current project/SIH PPts/roadsense_webapp/roadsense_webapp/Cracks-and-Potholes-in-Road-Images-Dataset-master/Cracks-and-Potholes-in-Road-Images-Dataset-master/Dataset/1094288_DF_251_251BDF0052_03291/1094288_DF_251_251BDF0052_03291_RAW.jpg
919140_RS_290_290RS294095_29150,train,Crack,7936,0,365207,d:/current project/SIH PPts/roadsense_webapp/roadsense_webapp/Cracks-and-Potholes-in-Road-Images-Dataset-master/Cracks-and-Potholes-in-Road-Images-Dataset-master/Dataset/919140_RS_290_290RS294095_29150/919140_RS_290_290RS294095_29150_RAW.jpg
917069_RS_290_290RS294095_18795,train,Normal,1156,0,345122,d:/current project/SIH PPts/roadsense_webapp/roadsense_webapp/Cracks-and-Potholes-in-Road-Images-Dataset-master/Cracks-and-Potholes-in-Road-Images-Dataset-master/Dataset/917069_RS_290_290RS294095_18795/917069_RS_290_290RS294095_18795_RAW.jpg
1077522_DF_251_251BDF0530_05541,train,Pothole,0,734,359973,d:/current project/SIH PPts/roadsense_webapp/roadsense_webapp/Cracks-and-Potholes-in-Road-Images-Dataset-master/Cracks-and-Potholes-in-Road-Images-Dataset-master/Dataset/1077522_DF_251_251BDF0530_05541/1077522_DF_251_251BDF0530_05541_RAW.jpg
1014710_RS_386_386RS124739_30475,train,Crack,2029,0,382084,d:/current project/SIH PPts/roadsense_webapp/roadsense_webapp/Cracks-and-Potholes-in-Road-Images-Dataset-master/Cracks-and-Potholes-in-Road-Images-Dataset-master/Dataset/1014710_RS_386_386RS124739_30475/1014710_RS_386_386RS124739_30475_RAW.jpg
1091863_DF_251_251BDF0490_01063,train,Normal,315,0,356171,d:/current project/SIH PPts/roadsense_webapp/roadsense_webapp/Cracks-and-Potholes-in-Road-Images-Dataset-master/Cracks-and-Potholes-in-Road-Images-Dataset-master/Dataset/1091863_DF_251_251BDF0490_01063/1091863_DF_251_251BDF0490_01063_RAW.jpg
1092840_DF_251_251BDF0052_00662,val,Crack,14024,0,358973,d:/current project/SIH PPts/roadsense_webapp/roadsense_webapp/Cracks-and-Potholes-in-Road-Images-Dataset-master/Cracks-and-Potholes-in-Road-Images-Dataset-master/Dataset/1092840_DF_251_251BDF0052_00662/1092840_DF_251_251BDF0052_00662_RAW.jpg
1091815_DF_251_251BDF0490_00971,train,Crack,7617,0,359540,d:/current project/SIH PPts/roadsense_webapp/roadsense_webapp/Cracks-and-Potholes-in-Road-Images-Dataset-master/Cracks-and-Potholes-in-Road-Images-Dataset-master/Dataset/1091815_DF_251_251BDF0490_00971/1091815_DF_251_251BDF0490_00971_RAW.jpg
918356_RS_290_290RS294095_25230,val,Crack,2505,0,353500,d:/current project/SIH PPts/roadsense_webapp/roadsense_webapp/Cracks-and-Potholes-in-Road-Images-Dataset-master/Cracks-and-Potholes-in-Road-Images-Dataset-master/Dataset/918356_RS_290_290RS294095_25230/918356_RS_290_290RS294095_25230_RAW.jpg
1092806_DF_251_251BDF0052_00602,val,Crack,7368,0,353790,d:/current project/SIH PPts/roadsense_webapp/roadsense_webapp/Cracks-and-Potholes-in-Road-Images-Dataset-master/Cracks-and-Potholes-in-Road-Images-Dataset-master/Dataset/1092806_DF_251_251BDF0052_00602/1092806_DF_251_251BDF0052_00602_RAW.jpg
1093596_DF_251_251BDF0052_02035,train,Normal,395,0,373310,d:/current project/SIH PPts/roadsense_webapp/roadsense_webapp/Cracks-and-Potholes-in-Road-Images-Dataset-master/Cracks-and-Potholes-in-Road-Images-Dataset-master/Dataset/1093596_DF_251_251BDF0052_02035/1093596_DF_251_251BDF0052_02035_RAW.jpg
994601_RS_386_386RS191729_09770,train,Crack,29051,0,362740,d:/current project/SIH PPts/roadsense_webapp/roadsense_webapp/Cracks-and-Potholes-in-Road-Images-Dataset-master/Cracks-and-Potholes-in-Road-Images-Dataset-master/Dataset/994601_RS_386_386RS191729_09770/994601_RS_386_386RS191729_09770_RAW.jpg
1092898_DF_251_251BDF0052_00764,train,Pothole,0,846,345083,d:/current project/SIH PPts/roadsense_webapp/roadsense_webapp/Cracks-and-Potholes-in-Road-Images-Dataset-master/Cracks-and-Potholes-in-Road-Images-Dataset-master/Dataset/1092898_DF_251_251BDF0052_00764/1092898_DF_251_251BDF0052_00764_RAW.jpg
917093_RS_290_290RS294095_18915,val,Crack,8705,0,360200,d:/current project/SIH PPts/roadsense_webapp/roadsense_webapp/Cracks-and-Potholes-in-Road-Images-Dataset-master/Cracks-and-Potholes-in-Road-Images-Dataset-master/Dataset/917093_RS_290_290RS294095_18915/917093_RS_290_290RS294095_18915_RAW.jpg
1091731_DF_251_251BDF0490_00813,train,Crack,3635,0,360788,d:/current project/SIH PPts/roadsense_webapp/roadsense_webapp/Cracks-and-Potholes-in-Road-Images-Dataset-master/Cracks-and-Potholes-in-Road-Images-Dataset-master/Dataset/1091731_DF_251_251BDF0490_00813/1091731_DF_251_251BDF0490_00813_RAW.jpg
1091615_DF_251_251BDF0490_00594,val,Crack,7115,0,360058,d:/current project/SIH PPts/roadsense_webapp/roadsense_webapp/Cracks-and-Potholes-in-Road-Images-Dataset-master/Cracks-and-Potholes-in-Road-Images-Dataset-master/Dataset/1091615_DF_251_251BDF0490_00594/1091615_DF_251_251BDF0490_00594_RAW.jpg
1055970_DF_010_010BDF0010_00128,val,Pothole,3730,1384,378560,d:/current project/SIH PPts/roadsense_webapp/roadsense_webapp/Cracks-and-Potholes-in-Road-Images-Dataset-master/Cracks-and-Potholes-in-Road-Images-Dataset-master/Dataset/1055970_DF_010_010BDF0010_00128/1055970_DF_010_010BDF0010_00128_RAW.jpg
1077336_DF_251_251BDF0530_05189,train,Crack,5784,0,350875,d:/current project/SIH PPts/roadsense_webapp/roadsense_webapp/Cracks-and-Potholes-in-Road-Images-Dataset-master/Cracks-and-Potholes-in-Road-Images-Dataset-master/Dataset/1077336_DF_251_251BDF0530_05189/1077336_DF_251_251BDF0530_05189_RAW.jpg
1081703_DF_080_080BDF0070_00686,train,Crack,19952,0,328054,d:/current project/SIH PPts/roadsense_webapp/roadsense_webapp/Cracks-and-Potholes-in-Road-Images-Dataset-master/Cracks-and-Potholes-in-Road-Images-Dataset-master/Dataset/1081703_DF_080_080BDF0070_00686/1081703_DF_080_080BDF0070_00686_RAW.jpg
1014758_RS_386_386RS124739_30715,train,Crack,13952,0,391917,d:/current project/SIH PPts/roadsense_webapp/roadsense_webapp/Cracks-and-Potholes-in-Road-Images-Dataset-master/Cracks-and-Potholes-in-Road-Images-Dataset-master/Dataset/1014758_RS_386_386RS124739_30715/1014758_RS_386_386RS124739_30715_RAW.jpg
1091864_DF_251_251BDF0490_01064,train,Normal,1101,0,354842,d:/current project/SIH PPts/roadsense_webapp/roadsense_webapp/Cracks-and-Potholes-in-Road-Images-Dataset-master/Cracks-and-Potholes-in-Road-Images-Dataset-master/Dataset/1091864_DF_251_251BDF0490_01064/1091864_DF_251_251BDF0490_01064_RAW.jpg
1092815_DF_251_251BDF0052_00618,train,Crack,2270,0,341729,d:/current project/SIH PPts/roadsense_webapp/roadsense_webapp/Cracks-and-Potholes-in-Road-Images-Dataset-master/Cracks-and-Potholes-in-Road-Images-Dataset-master/Dataset/1092815_DF_251_251BDF0052_00618/1092815_DF_251_251BDF0052_00618_RAW.jpg
1092843_DF_251_251BDF0052_00667,train,Crack,13980,0,363943,d:/current project/SIH PPts/roadsense_webapp/roadsense_webapp/Cracks-and-Potholes-in-Road-Images-Dataset-master/Cracks-and-Potholes-in-Road-Images-Dataset-master/Dataset/1092843_DF_251_251BDF0052_00667/1092843_DF_251_251BDF0052_00667_RAW.jpg
1091744_DF_251_251BDF0490_00838,train,Crack,10338,0,364094,d:/current project/SIH PPts/roadsense_webapp/roadsense_webapp/Cracks-and-Potholes-in-Road-Images-Dataset-master/Cracks-and-Potholes-in-Road-Images-Dataset-master/Dataset/1091744_DF_251_251BDF0490_00838/1091744_DF_251_251BDF0490_00838_RAW.jpg
1092989_DF_251_251BDF0052_00925,train,Crack,7955,0,364275,d:/current project/SIH PPts/roadsense_webapp/roadsense_webapp/Cracks-and-Potholes-in-Road-Images-Dataset-master/Cracks-and-Potholes-in-Road-Images-Dataset-master/Dataset/1092989_DF_251_251BDF0052_00925/1092989_DF_251_251BDF0052_00925_RAW.jpg
1091777_DF_251_251BDF0490_00899,val,Crack,3235,0,352835,d:/current project/SIH PPts/roadsense_webapp/roadsense_webapp/Cracks-and-Potholes-in-Road-Images-Dataset-master/Cracks-and-Potholes-in-Road-Images-Dataset-master/Dataset/1091777_DF_251_251BDF0490_00899/1091777_DF_251_251BDF0490_00899_RAW.jpg
1092962_DF_251_251BDF0052_00877,train,Crack,10736,0,357505,d:/current project/SIH PPts/roadsense_webapp/roadsense_webapp/Cracks-and-Potholes-in-Road-Images-Dataset-master/Cracks-and-Potholes-in-Road-Images-Dataset-master/Dataset/1092962_DF_251_251BDF0052_00877/1092962_DF_251_251BDF0052_00877_RAW.jpg
917045_RS_290_290RS294095_18675,train,Pothole,0,1327,360441,d:/current project/SIH PPts/roadsense_webapp/roadsense_webapp/Cracks-and-Potholes-in-Road-Images-Dataset-master/Cracks-and-Potholes-in-Road-Images-Dataset-master/Dataset/917045_RS_290_290RS294095_18675/917045_RS_290_290RS294095_18675_RAW.jpg
1075638_DF_251_251BDF0530_02032,val,Crack,9746,0,359061,d:/current project/SIH PPts/roadsense_webapp/roadsense_webapp/Cracks-and-Potholes-in-Road-Images-Dataset-master/Cracks-and-Potholes-in-Road-Images-Dataset-master/Dataset/1075638_DF_251_251BDF0530_02032/1075638_DF_251_251BDF0530_02032_RAW.jpg
1026150_RS_386_386RS169832_10490,train,Pothole,372,866,383032,d:/current project/SIH PPts/roadsense_webapp/roadsense_webapp/Cracks-and-Potholes-in-Road-Images-Dataset-master/Cracks-and-Potholes-in-Road-Images-Dataset-master/Dataset/1026150_RS_386_386RS169832_10490/1026150_RS_386_386RS169832_10490_RAW.jpg
1061101_DF_251_251BDF0525_00655,val,Pothole,0,1517,397614,d:/current project/SIH PPts/roadsense_webapp/roadsense_webapp/Cracks-and-Potholes-in-Road-Images-Dataset-master/Cracks-and-Potholes-in-Road-Images-Dataset-master/Dataset/1061101_DF_251_251BDF0525_00655/1061101_DF_251_251BDF0525_00655_RAW.jpg
1092483_DF_251_251BDF0052_00033,train,Pothole,16917,2508,396174,d:/current project/SIH PPts/roadsense_webapp/roadsense_webapp/Cracks-and-Potholes-in-Road-Images-Dataset-master/Cracks-and-Potholes-in-Road-Images-Dataset-master/Dataset/1092483_DF_251_251BDF0052_00033/1092483_DF_251_251BDF0052_00033_RAW.jpg
1014861_RS_386_386RS124739_31231,train,Crack,16241,0,381490,d:/current project/SIH PPts/roadsense_webapp/roadsense_webapp/Cracks-and-Potholes-in-Road-Images-Dataset-master/Cracks-and-Potholes-in-Road-Images-Dataset-master/Dataset/1014861_RS_386_386RS124739_31231/1014861_RS_386_386RS124739_31231_RAW.jpg
918230_RS_290_290RS294095_24600,val,Crack,6587,0,352960,d:/current project/SIH PPts/roadsense_webapp/roadsense_webapp/Cracks-and-Potholes-in-Road-Images-Dataset-master/Cracks-and-Potholes-in-Road-Images-Dataset-master/Dataset/918230_RS_290_290RS294095_24600/918230_RS_290_290RS294095_24600_RAW.jpg
994596_RS_386_386RS191729_09745,train,Crack,6251,0,360624,d:/current project/SIH PPts/roadsense_webapp/roadsense_webapp/Cracks-and-Potholes-in-Road-Images-Dataset-master/Cracks-and-Potholes-in-Road-Images-Dataset-master/Dataset/994596_RS_386_386RS191729_09745/994596_RS_386_386RS191729_09745_RAW.jpg
919289_RS_290_290RS294095_29895,train,Crack,6704,0,341915,d:/current project/SIH PPts/roadsense_webapp/roadsense_webapp/Cracks-and-Potholes-in-Road-Images-Dataset-master/Cracks-and-Potholes-in-Road-Images-Dataset-master/Dataset/919289_RS_290_290RS294095_29895/919289_RS_290_290RS294095_29895_RAW.jpg
1084281_DF_080_080BDF0090_01385,train,Pothole,18285,1066,324889,d:/current project/SIH PPts/roadsense_webapp/roadsense_webapp/Cracks-and-Potholes-in-Road-Images-Dataset-master/Cracks-and-Potholes-in-Road-Images-Dataset-master/Dataset/1084281_DF_080_080BDF0090_01385/1084281_DF_080_080BDF0090_01385_RAW.jpg
917295_RS_290_290RS294095_19925,val,Crack,5665,0,353172,d:/current project/SIH PPts/roadsense_webapp/roadsense_webapp/Cracks-and-Potholes-in-Road-Images-Dataset-master/Cracks-and-Potholes-in-Road-Images-Dataset-master/Dataset/917295_RS_290_290RS294095_19925/917295_RS_290_290RS294095_19925_RAW.jpg
1091619_DF_251_251BDF0490_00601,train,Crack,10974,0,358297,d:/current project/SIH PPts/roadsense_webapp/roadsense_webapp/Cracks-and-Potholes-in-Road-Images-Dataset-master/Cracks-and-Potholes-in-Road-Images-Dataset-master/Dataset/1091619_DF_251_251BDF0490_00601/1091619_DF_251_251BDF0490_00601_RAW.jpg
1014754_RS_386_386RS124739_30695,val,Crack,8217,0,389837,d:/current project/SIH PPts/roadsense_webapp/roadsense_webapp/Cracks-and-Potholes-in-Road-Images-Dataset-master/Cracks-and-Potholes-in-Road-Images-Dataset-master/Dataset/1014754_RS_386_386RS124739_30695/1014754_RS_386_386RS124739_30695_RAW.jpg
917558_RS_290_290RS294095_21240,train,Crack,3520,0,356231,d:/current project/SIH PPts/roadsense_webapp/roadsense_webapp/Cracks-and-Potholes-in-Road-Images-Dataset-master/Cracks-and-Potholes-in-Road-Images-Dataset-master/Dataset/917558_RS_290_290RS294095_21240/917558_RS_290_290RS294095_21240_RAW.jpg
918388_RS_290_290RS294095_25390,train,Crack,8471,0,350419,d:/current project/SIH PPts/roadsense_webapp/roadsense_webapp/Cracks-and-Potholes-in-Road-Images-Dataset-master/Cracks-and-Potholes-in-Road-Images-Dataset-master/Dataset/918388_RS_290_290RS294095_25390/918388_RS_290_290RS294095_25390_RAW.jpg
1090502_DF_070_070BDF0050_06236,val,Crack,5215,0,342207,d:/current project/SIH PPts/roadsense_webapp/roadsense_webapp/Cracks-and-Potholes-in-Road-Images-Dataset-master/Cracks-and-Potholes-in-Road-Images-Dataset-master/Dataset/1090502_DF_070_070BDF0050_06236/1090502_DF_070_070BDF0050_06236_RAW.jpg
1014860_RS_386_386RS124739_31225,val,Crack,16888,0,397437,d:/current project/SIH PPts/roadsense_webapp/roadsense_webapp/Cracks-and-Potholes-in-Road-Images-Dataset-master/Cracks-and-Potholes-in-Road-Images-Dataset-master/Dataset/1014860_RS_386_386RS124739_31225/1014860_RS_386_386RS124739_31225_RAW.jpg
1091711_DF_251_251BDF0490_00774,train,Crack,3991,0,362217,d:/current project/SIH PPts/roadsense_webapp/roadsense_webapp/Cracks-and-Potholes-in-Road-Images-Dataset-master/Cracks-and-Potholes-in-Road-Images-Dataset-master/Dataset/1091711_DF_251_251BDF0490_00774/1091711_DF_251_251BDF0490_00774_RAW.jpg
1084514_DF_080_080BDF0090_01799,train,Normal,0,0,344514,d:/current project/SIH PPts/roadsense_webapp/roadsense_webapp/Cracks-and-Potholes-in-Road-Images-Dataset-master/Cracks-and-Potholes-in-Road-Images-Dataset-master/Dataset/1084514_DF_080_080BDF0090_01799/1084514_DF_080_080BDF0090_01799_RAW.jpg
919290_RS_290_290RS294095_29900,train,Crack,11136,0,344073,d:/current project/SIH PPts/roadsense_webapp/roadsense_webapp/Cracks-and-Potholes-in-Road-Images-Dataset-master/Cracks-and-Potholes-in-Road-Images-Dataset-master/Dataset/919290_RS_290_290RS294095_29900/919290_RS_290_290RS294095_29900_RAW.jpg
883044_RS_290_290RS150131_15951,train,Pothole,0,4717,352964,d:/current project/SIH PPts/roadsense_webapp/roadsense_webapp/Cracks-and-Potholes-in-Road-Images-Dataset-master/Cracks-and-Potholes-in-Road-Images-Dataset-master/Dataset/883044_RS_290_290RS150131_15951/883044_RS_290_290RS150131_15951_RAW.jpg
1025902_RS_386_386RS169832_09250,train,Crack,3586,0,392607,d:/current project/SIH PPts/roadsense_webapp/roadsense_webapp/Cracks-and-Potholes-in-Road-Images-Dataset-master/Cracks-and-Potholes-in-Road-Images-Dataset-master/Dataset/1025902_RS_386_386RS169832_09250/1025902_RS_386_386RS169832_09250_RAW.jpg
1092834_DF_251_251BDF0052_00651,train,Crack,11527,0,355250,d:/current project/SIH PPts/roadsense_webapp/roadsense_webapp/Cracks-and-Potholes-in-Road-Images-Dataset-master/Cracks-and-Potholes-in-Road-Images-Dataset-master/Dataset/1092834_DF_251_251BDF0052_00651/1092834_DF_251_251BDF0052_00651_RAW.jpg
1091936_DF_251_251BDF0490_01202,val,Crack,2725,0,355270,d:/current project/SIH PPts/roadsense_webapp/roadsense_webapp/Cracks-and-Potholes-in-Road-Images-Dataset-master/Cracks-and-Potholes-in-Road-Images-Dataset-master/Dataset/1091936_DF_251_251BDF0490_01202/1091936_DF_251_251BDF0490_01202_RAW.jpg
1084517_DF_080_080BDF0090_01804,train,Crack,5733,0,337476,d:/current project/SIH PPts/roadsense_webapp/roadsense_webapp/Cracks-and-Potholes-in-Road-Images-Dataset-master/Cracks-and-Potholes-in-Road-Images-Dataset-master/Dataset/1084517_DF_080_080BDF0090_01804/1084517_DF_080_080BDF0090_01804_RAW.jpg
1091763_DF_251_251BDF0490_00874,train,Crack,3233,0,352706,d:/current project/SIH PPts/roadsense_webapp/roadsense_webapp/Cracks-and-Potholes-in-Road-Images-Dataset-master/Cracks-and-Potholes-in-Road-Images-Dataset-master/Dataset/1091763_DF_251_251BDF0490_00874/1091763_DF_251_251BDF0490_00874_RAW.jpg
919240_RS_290_290RS294095_29650,train,Crack,5087,0,362883,d:/current project/SIH PPts/roadsense_webapp/roadsense_webapp/Cracks-and-Potholes-in-Road-Images-Dataset-master/Cracks-and-Potholes-in-Road-Images-Dataset-master/Dataset/919240_RS_290_290RS294095_29650/919240_RS_290_290RS294095_29650_RAW.jpg
919215_RS_290_290RS294095_29525,train,Crack,18892,0,362191,d:/current project/SIH PPts/roadsense_webapp/roadsense_webapp/Cracks-and-Potholes-in-Road-Images-Dataset-master/Cracks-and-Potholes-in-Road-Images-Dataset-master/Dataset/919215_RS_290_290RS294095_29525/919215_RS_290_290RS294095_29525_RAW.jpg
1091971_DF_251_251BDF0490_01265,train,Normal,943,0,357598,d:/current project/SIH PPts/roadsense_webapp/roadsense_webapp/Cracks-and-Potholes-in-Road-Images-Dataset-master/Cracks-and-Potholes-in-Road-Images-Dataset-master/Dataset/1091971_DF_251_251BDF0490_01265/1091971_DF_251_251BDF0490_01265_RAW.jpg
919561_RS_290_290RS294095_31255,train,Crack,17944,0,348626,d:/current project/SIH PPts/roadsense_webapp/roadsense_webapp/Cracks-and-Potholes-in-Road-Images-Dataset-master/Cracks-and-Potholes-in-Road-Images-Dataset-master/Dataset/919561_RS_290_290RS294095_31255/919561_RS_290_290RS294095_31255_RAW.jpg
919530_RS_290_290RS294095_31101,train,Crack,19389,0,348802,d:/current project/SIH PPts/roadsense_webapp/roadsense_webapp/Cracks-and-Potholes-in-Road-Images-Dataset-master/Cracks-and-Potholes-in-Road-Images-Dataset-master/Dataset/919530_RS_290_290RS294095_31101/919530_RS_290_290RS294095_31101_RAW.jpg
1055969_DF_010_010BDF0010_00127,train,Crack,4228,0,357900,d:/current project/SIH PPts/roadsense_webapp/roadsense_webapp/Cracks-and-Potholes-in-Road-Images-Dataset-master/Cracks-and-Potholes-in-Road-Images-Dataset-master/Dataset/1055969_DF_010_010BDF0010_00127/1055969_DF_010_010BDF0010_00127_RAW.jpg
1084530_DF_080_080BDF0090_01828,train,Pothole,3390,1533,335576,d:/current project/SIH PPts/roadsense_webapp/roadsense_webapp/Cracks-and-Potholes-in-Road-Images-Dataset-master/Cracks-and-Potholes-in-Road-Images-Dataset-master/Dataset/1084530_DF_080_080BDF0090_01828/1084530_DF_080_080BDF0090_01828_RAW.jpg
917311_RS_290_290RS294095_20005,train,Pothole,2455,1552,354845,d:/current project/SIH PPts/roadsense_webapp/roadsense_webapp/Cracks-and-Potholes-in-Road-Images-Dataset-master/Cracks-and-Potholes-in-Road-Images-Dataset-master/Dataset/917311_RS_290_290RS294095_20005/917311_RS_290_290RS294095_20005_RAW.jpg
915967_RS_290_290RS294095_13285,train,Crack,1840,0,366187,d:/current project/SIH PPts/roadsense_webapp/roadsense_webapp/Cracks-and-Potholes-in-Road-Images-Dataset-master/Cracks-and-Potholes-in-Road-Images-Dataset-master/Dataset/915967_RS_290_290RS294095_13285/915967_RS_290_290RS294095_13285_RAW.jpg
1014790_RS_386_386RS124739_30875,train,Pothole,4268,3225,405513,d:/current project/SIH PPts/roadsense_webapp/roadsense_webapp/Cracks-and-Potholes-in-Road-Images-Dataset-master/Cracks-and-Potholes-in-Road-Images-Dataset-master/Dataset/1014790_RS_386_386RS124739_30875/1014790_RS_386_386RS124739_30875_RAW.jpg
1025786_RS_386_386RS169832_08670,train,Crack,7607,0,392056,d:/current project/SIH PPts/roadsense_webapp/roadsense_webapp/Cracks-and-Potholes-in-Road-Images-Dataset-master/Cracks-and-Potholes-in-Road-Images-Dataset-master/Dataset/1025786_RS_386_386RS169832_08670/1025786_RS_386_386RS169832_08670_RAW.jpg
1097248_DF_070_070BDF0010_04158,val,Pothole,2725,2010,376736,d:/current project/SIH PPts/roadsense_webapp/roadsense_webapp/Cracks-and-Potholes-in-Road-Images-Dataset-master/Cracks-and-Potholes-in-Road-Images-Dataset-master/Dataset/1097248_DF_070_070BDF0010_04158/1097248_DF_070_070BDF0010_04158_RAW.jpg
917495_RS_290_290RS294095_20925,train,Pothole,2247,3198,348920,d:/current project/SIH PPts/roadsense_webapp/roadsense_webapp/Cracks-and-Potholes-in-Road-Images-Dataset-master/Cracks-and-Potholes-in-Road-Images-Dataset-master/Dataset/917495_RS_290_290RS294095_20925/917495_RS_290_290RS294095_20925_RAW.jpg
1094256_DF_251_251BDF0052_03232,train,Crack,2154,0,352019,d:/current project/SIH PPts/roadsense_webapp/roadsense_webapp/Cracks-and-Potholes-in-Road-Images-Dataset-master/Cracks-and-Potholes-in-Road-Images-Dataset-master/Dataset/1094256_DF_251_251BDF0052_03232/1094256_DF_251_251BDF0052_03232_RAW.jpg
1091835_DF_251_251BDF0490_01010,val,Crack,10618,0,365631,d:/current project/SIH PPts/roadsense_webapp/roadsense_webapp/Cracks-and-Potholes-in-Road-Images-Dataset-master/Cracks-and-Potholes-in-Road-Images-Dataset-master/Dataset/1091835_DF_251_251BDF0490_01010/1091835_DF_251_251BDF0490_01010_RAW.jpg
941501_RS_290_290RS070691_00410,train,Pothole,0,1100,352653,d:/current project/SIH PPts/roadsense_webapp/roadsense_webapp/Cracks-and-Potholes-in-Road-Images-Dataset-master/Cracks-and-Potholes-in-Road-Images-Dataset-master/Dataset/941501_RS_290_290RS070691_00410/941501_RS_290_290RS070691_00410_RAW.jpg
916151_RS_290_290RS294095_14205,train,Normal,478,0,351777,d:/current project/SIH PPts/roadsense_webapp/roadsense_webapp/Cracks-and-Potholes-in-Road-Images-Dataset-master/Cracks-and-Potholes-in-Road-Images-Dataset-master/Dataset/916151_RS_290_290RS294095_14205/916151_RS_290_290RS294095_14205_RAW.jpg
1092954_DF_251_251BDF0052_00863,train,Normal,1460,0,366348,d:/current project/SIH PPts/roadsense_webapp/roadsense_webapp/Cracks-and-Potholes-in-Road-Images-Dataset-master/Cracks-and-Potholes-in-Road-Images-Dataset-master/Dataset/1092954_DF_251_251BDF0052_00863/1092954_DF_251_251BDF0052_00863_RAW.jpg
1091646_DF_251_251BDF0490_00650,train,Normal,688,0,359035,d:/current project/SIH PPts/roadsense_webapp/roadsense_webapp/Cracks-and-Potholes-in-Road-Images-Dataset-master/Cracks-and-Potholes-in-Road-Images-Dataset-master/Dataset/1091646_DF_251_251BDF0490_00650/1091646_DF_251_251BDF0490_00650_RAW.jpg
1014867_RS_386_386RS124739_31260,train,Crack,3728,0,388037,d:/current project/SIH PPts/roadsense_webapp/roadsense_webapp/Cracks-and-Potholes-in-Road-Images-Dataset-master/Cracks-and-Potholes-in-Road-Images-Dataset-master/Dataset/1014867_RS_386_386RS124739_31260/1014867_RS_386_386RS124739_31260_RAW.jpg
1068447_DF_010_010BDF0018_05110,train,Pothole,0,994,377589,d:/current project/SIH PPts/roadsense_webapp/roadsense_webapp/Cracks-and-Potholes-in-Road-Images-Dataset-master/Cracks-and-Potholes-in-Road-Images-Dataset-master/Dataset/1068447_DF_010_010BDF0018_05110/1068447_DF_010_010BDF0018_05110_RAW.jpg
1075545_DF_251_251BDF0530_01868,train,Crack,19035,0,341936,d:/current project/SIH PPts/roadsense_webapp/roadsense_webapp/Cracks-and-Potholes-in-Road-Images-Dataset-master/Cracks-and-Potholes-in-Road-Images-Dataset-master/Dataset/1075545_DF_251_251BDF0530_01868/1075545_DF_251_251BDF0530_01868_RAW.jpg
1092811_DF_251_251BDF0052_00611,train,Crack,10304,0,345633,d:/current project/SIH PPts/roadsense_webapp/roadsense_webapp/Cracks-and-Potholes-in-Road-Images-Dataset-master/Cracks-and-Potholes-in-Road-Images-Dataset-master/Dataset/1092811_DF_251_251BDF0052_00611/1092811_DF_251_251BDF0052_00611_RAW.jpg
917872_RS_290_290RS294095_22810,train,Crack,2778,0,363606,d:/current project/SIH PPts/roadsense_webapp/roadsense_webapp/Cracks-and-Potholes-in-Road-Images-Dataset-master/Cracks-and-Potholes-in-Road-Images-Dataset-master/Dataset/917872_RS_290_290RS294095_22810/917872_RS_290_290RS294095_22810_RAW.jpg
884076_RS_290_290RS150131_21110,train,Pothole,0,11567,371746,d:/current project/SIH PPts/roadsense_webapp/roadsense_webapp/Cracks-and-Potholes-in-Road-Images-Dataset-master/Cracks-and-Potholes-in-Road-Images-Dataset-master/Dataset/884076_RS_290_290RS150131_21110/884076_RS_290_290RS150131_21110_RAW.jpg
919564_RS_290_290RS294095_31271,train,Crack,13712,0,358079,d:/current project/SIH PPts/roadsense_webapp/roadsense_webapp/Cracks-and-Potholes-in-Road-Images-Dataset-master/Cracks-and-Potholes-in-Road-Images-Dataset-master/Dataset/919564_RS_290_290RS294095_31271/919564_RS_290_290RS294095_31271_RAW.jpg
1091750_DF_251_251BDF0490_00850,train,Crack,5230,0,360123,d:/current project/SIH PPts/roadsense_webapp/roadsense_webapp/Cracks-and-Potholes-in-Road-Images-Dataset-master/Cracks-and-Potholes-in-Road-Images-Dataset-master/Dataset/1091750_DF_251_251BDF0490_00850/1091750_DF_251_251BDF0490_00850_RAW.jpg
917296_RS_290_290RS294095_19930,train,Crack,1753,0,353566,d:/current project/SIH PPts/roadsense_webapp/roadsense_webapp/Cracks-and-Potholes-in-Road-Images-Dataset-master/Cracks-and-Potholes-in-Road-Images-Dataset-master/Dataset/917296_RS_290_290RS294095_19930/917296_RS_290_290RS294095_19930_RAW.jpg
1096057_DF_070_070BDF0010_02023,train,Pothole,749,1088,391482,d:/current project/SIH PPts/roadsense_webapp/roadsense_webapp/Cracks-and-Potholes-in-Road-Images-Dataset-master/Cracks-and-Potholes-in-Road-Images-Dataset-master/Dataset/1096057_DF_070_070BDF0010_02023/1096057_DF_070_070BDF0010_02023_RAW.jpg
1014762_RS_386_386RS124739_30735,val,Crack,7960,0,388051,d:/current project/SIH PPts/roadsense_webapp/roadsense_webapp/Cracks-and-Potholes-in-Road-Images-Dataset-master/Cracks-and-Potholes-in-Road-Images-Dataset-master/Dataset/1014762_RS_386_386RS124739_30735/1014762_RS_386_386RS124739_30735_RAW.jpg
941509_RS_290_290RS070691_00450,val,Pothole,0,5462,349937,d:/current project/SIH PPts/roadsense_webapp/roadsense_webapp/Cracks-and-Potholes-in-Road-Images-Dataset-master/Cracks-and-Potholes-in-Road-Images-Dataset-master/Dataset/941509_RS_290_290RS070691_00450/941509_RS_290_290RS070691_00450_RAW.jpg
1054939_DF_020_020BDF0070_08022,train,Pothole,4797,976,387966,d:/current project/SIH PPts/roadsense_webapp/roadsense_webapp/Cracks-and-Potholes-in-Road-Images-Dataset-master/Cracks-and-Potholes-in-Road-Images-Dataset-master/Dataset/1054939_DF_020_020BDF0070_08022/1054939_DF_020_020BDF0070_08022_RAW.jpg
1014704_RS_386_386RS124739_30445,train,Crack,18511,0,379387,d:/current project/SIH PPts/roadsense_webapp/roadsense_webapp/Cracks-and-Potholes-in-Road-Images-Dataset-master/Cracks-and-Potholes-in-Road-Images-Dataset-master/Dataset/1014704_RS_386_386RS124739_30445/1014704_RS_386_386RS124739_30445_RAW.jpg
1014810_RS_386_386RS124739_30975,train,Crack,2158,0,396033,d:/current project/SIH PPts/roadsense_webapp/roadsense_webapp/Cracks-and-Potholes-in-Road-Images-Dataset-master/Cracks-and-Potholes-in-Road-Images-Dataset-master/Dataset/1014810_RS_386_386RS124739_30975/1014810_RS_386_386RS124739_30975_RAW.jpg
1053958_DF_020_020BDF0070_06201,train,Crack,1872,0,357242,d:/current project/SIH PPts/roadsense_webapp/roadsense_webapp/Cracks-and-Potholes-in-Road-Images-Dataset-master/Cracks-and-Potholes-in-Road-Images-Dataset-master/Dataset/1053958_DF_020_020BDF0070_06201/1053958_DF_020_020BDF0070_06201_RAW.jpg
917243_RS_290_290RS294095_19665,train,Crack,4399,0,361548,d:/current project/SIH PPts/roadsense_webapp/roadsense_webapp/Cracks-and-Potholes-in-Road-Images-Dataset-master/Cracks-and-Potholes-in-Road-Images-Dataset-master/Dataset/917243_RS_290_290RS294095_19665/917243_RS_290_290RS294095_19665_RAW.jpg
919531_RS_290_290RS294095_31105,train,Crack,22721,0,348763,d:/current project/SIH PPts/roadsense_webapp/roadsense_webapp/Cracks-and-Potholes-in-Road-Images-Dataset-master/Cracks-and-Potholes-in-Road-Images-Dataset-master/Dataset/919531_RS_290_290RS294095_31105/919531_RS_290_290RS294095_31105_RAW.jpg
1077333_DF_251_251BDF0530_05183,train,Normal,1217,0,346320,d:/current project/SIH PPts/roadsense_webapp/roadsense_webapp/Cracks-and-Potholes-in-Road-Images-Dataset-master/Cracks-and-Potholes-in-Road-Images-Dataset-master/Dataset/1077333_DF_251_251BDF0530_05183/1077333_DF_251_251BDF0530_05183_RAW.jpg
919744_RS_290_290RS294095_32170,train,Normal,1249,0,365497,d:/current project/SIH PPts/roadsense_webapp/roadsense_webapp/Cracks-and-Potholes-in-Road-Images-Dataset-master/Cracks-and-Potholes-in-Road-Images-Dataset-master/Dataset/919744_RS_290_290RS294095_32170/919744_RS_290_290RS294095_32170_RAW.jpg
994414_RS_386_386RS191729_08835,train,Crack,30035,0,378247,d:/current project/SIH PPts/roadsense_webapp/roadsense_webapp/Cracks-and-Potholes-in-Road-Images-Dataset-master/Cracks-and-Potholes-in-Road-Images-Dataset-master/Dataset/994414_RS_386_386RS191729_08835/994414_RS_386_386RS191729_08835_RAW.jpg
917620_RS_290_290RS294095_21550,train,Pothole,0,2725,355043,d:/current project/SIH PPts/roadsense_webapp/roadsense_webapp/Cracks-and-Potholes-in-Road-Images-Dataset-master/Cracks-and-Potholes-in-Road-Images-Dataset-master/Dataset/917620_RS_290_290RS294095_21550/917620_RS_290_290RS294095_21550_RAW.jpg
1081923_DF_080_080BDF0070_01095,train,Normal,1300,0,330685,d:/current project/SIH PPts/roadsense_webapp/roadsense_webapp/Cracks-and-Potholes-in-Road-Images-Dataset-master/Cracks-and-Potholes-in-Road-Images-Dataset-master/Dataset/1081923_DF_080_080BDF0070_01095/1081923_DF_080_080BDF0070_01095_RAW.jpg
819788_ES_259_259ES000000_00425,train,Crack,10892,0,337123,d:/current project/SIH PPts/roadsense_webapp/roadsense_webapp/Cracks-and-Potholes-in-Road-Images-Dataset-master/Cracks-and-Potholes-in-Road-Images-Dataset-master/Dataset/819788_ES_259_259ES000000_00425/819788_ES_259_259ES000000_00425_RAW.jpg
1082821_DF_080_080BDF0070_02915,train,Crack,3422,0,352544,d:/current project/SIH PPts/roadsense_webapp/roadsense_webapp/Cracks-and-Potholes-in-Road-Images-Dataset-master/Cracks-and-Potholes-in-Road-Images-Dataset-master/Dataset/1082821_DF_080_080BDF0070_02915/1082821_DF_080_080BDF0070_02915_RAW.jpg
917900_RS_290_290RS294095_22950,val,Crack,3275,0,360517,d:/current project/SIH PPts/roadsense_webapp/roadsense_webapp/Cracks-and-Potholes-in-Road-Images-Dataset-master/Cracks-and-Potholes-in-Road-Images-Dataset-master/Dataset/917900_RS_290_290RS294095_22950/917900_RS_290_290RS294095_22950_RAW.jpg
1092482_DF_251_251BDF0052_00031,train,Crack,45378,0,405815,d:/current project/SIH PPts/roadsense_webapp/roadsense_webapp/Cracks-and-Potholes-in-Road-Images-Dataset-master/Cracks-and-Potholes-in-Road-Images-Dataset-master/Dataset/1092482_DF_251_251BDF0052_00031/1092482_DF_251_251BDF0052_00031_RAW.jpg
1084371_DF_080_080BDF0090_01543,train,Normal,486,0,315432,d:/current project/SIH PPts/roadsense_webapp/roadsense_webapp/Cracks-and-Potholes-in-Road-Images-Dataset-master/Cracks-and-Potholes-in-Road-Images-Dataset-master/Dataset/1084371_DF_080_080BDF0090_01543/1084371_DF_080_080BDF0090_01543_RAW.jpg
994093_RS_386_386RS191729_07230,val,Crack,10581,0,365184,d:/current project/SIH PPts/roadsense_webapp/roadsense_webapp/Cracks-and-Potholes-in-Road-Images-Dataset-master/Cracks-and-Potholes-in-Road-Images-Dataset-master/Dataset/994093_RS_386_386RS191729_07230/994093_RS_386_386RS191729_07230_RAW.jpg
820316_ES_259_259ES000000_03065,val,Pothole,0,4635,454571,d:/current project/SIH PPts/roadsense_webapp/roadsense_webapp/Cracks-and-Potholes-in-Road-Images-Dataset-master/Cracks-and-Potholes-in-Road-Images-Dataset-master/Dataset/820316_ES_259_259ES000000_03065/820316_ES_259_259ES000000_03065_RAW.jpg
1075938_DF_251_251BDF0530_02579,train,Crack,13542,0,318823,d:/current project/SIH PPts/roadsense_webapp/roadsense_webapp/Cracks-and-Potholes-in-Road-Images-Dataset-master/Cracks-and-Potholes-in-Road-Images-Dataset-master/Dataset/1075938_DF_251_251BDF0530_02579/1075938_DF_251_251BDF0530_02579_RAW.jpg
917622_RS_290_290RS294095_21560,train,Pothole,0,2993,355363,d:/current project/SIH PPts/roadsense_webapp/roadsense_webapp/Cracks-and-Potholes-in-Road-Images-Dataset-master/Cracks-and-Potholes-in-Road-Images-Dataset-master/Dataset/917622_RS_290_290RS294095_21560/917622_RS_290_290RS294095_21560_RAW.jpg
917930_RS_290_290RS294095_23100,train,Normal,891,0,357164,d:/current project/SIH PPts/roadsense_webapp/roadsense_webapp/Cracks-and-Potholes-in-Road-Images-Dataset-master/Cracks-and-Potholes-in-Road-Images-Dataset-master/Dataset/917930_RS_290_290RS294095_23100/917930_RS_290_290RS294095_23100_RAW.jpg
1025885_RS_386_386RS169832_09165,train,Crack,5743,0,400187,d:/current project/SIH PPts/roadsense_webapp/roadsense_webapp/Cracks-and-Potholes-in-Road-Images-Dataset-master/Cracks-and-Potholes-in-Road-Images-Dataset-master/Dataset/1025885_RS_386_386RS169832_09165/1025885_RS_386_386RS169832_09165_RAW.jpg
941580_RS_290_290RS070691_00805,val,Pothole,0,4572,354913,d:/current project/SIH PPts/roadsense_webapp/roadsense_webapp/Cracks-and-Potholes-in-Road-Images-Dataset-master/Cracks-and-Potholes-in-Road-Images-Dataset-master/Dataset/941580_RS_290_290RS070691_00805/941580_RS_290_290RS070691_00805_RAW.jpg
1014757_RS_386_386RS124739_30710,train,Crack,2202,0,382360,d:/current project/SIH PPts/roadsense_webapp/roadsense_webapp/Cracks-and-Potholes-in-Road-Images-Dataset-master/Cracks-and-Potholes-in-Road-Images-Dataset-master/Dataset/1014757_RS_386_386RS124739_30710/1014757_RS_386_386RS124739_30710_RAW.jpg
918994_RS_290_290RS294095_28420,train,Crack,11494,0,348340,d:/current project/SIH PPts/roadsense_webapp/roadsense_webapp/Cracks-and-Potholes-in-Road-Images-Dataset-master/Cracks-and-Potholes-in-Road-Images-Dataset-master/Dataset/918994_RS_290_290RS294095_28420/918994_RS_290_290RS294095_28420_RAW.jpg
1093006_DF_251_251BDF0052_00955,train,Crack,4442,0,355090,d:/current project/SIH PPts/roadsense_webapp/roadsense_webapp/Cracks-and-Potholes-in-Road-Images-Dataset-master/Cracks-and-Potholes-in-Road-Images-Dataset-master/Dataset/1093006_DF_251_251BDF0052_00955/1093006_DF_251_251BDF0052_00955_RAW.jpg
1014688_RS_386_386RS124739_30365,train,Normal,272,0,386808,d:/current project/SIH PPts/roadsense_webapp/roadsense_webapp/Cracks-and-Potholes-in-Road-Images-Dataset-master/Cracks-and-Potholes-in-Road-Images-Dataset-master/Dataset/1014688_RS_386_386RS124739_30365/1014688_RS_386_386RS124739_30365_RAW.jpg
1091965_DF_251_251BDF0490_01255,train,Crack,13423,0,370868,d:/current project/SIH PPts/roadsense_webapp/roadsense_webapp/Cracks-and-Potholes-in-Road-Images-Dataset-master/Cracks-and-Potholes-in-Road-Images-Dataset-master/Dataset/1091965_DF_251_251BDF0490_01255/1091965_DF_251_251BDF0490_01255_RAW.jpg
1014654_RS_386_386RS124739_30195,train,Crack,7615,0,389710,d:/current project/SIH PPts/roadsense_webapp/roadsense_webapp/Cracks-and-Potholes-in-Road-Images-Dataset-master/Cracks-and-Potholes-in-Road-Images-Dataset-master/Dataset/1014654_RS_386_386RS124739_30195/1014654_RS_386_386RS124739_30195_RAW.jpg
917288_RS_290_290RS294095_19891,train,Crack,3552,0,362251,d:/current project/SIH PPts/roadsense_webapp/roadsense_webapp/Cracks-and-Potholes-in-Road-Images-Dataset-master/Cracks-and-Potholes-in-Road-Images-Dataset-master/Dataset/917288_RS_290_290RS294095_19891/917288_RS_290_290RS294095_19891_RAW.jpg
1014729_RS_386_386RS124739_30570,train,Pothole,3065,3073,368272,d:/current project/SIH PPts/roadsense_webapp/roadsense_webapp/Cracks-and-Potholes-in-Road-Images-Dataset-master/Cracks-and-Potholes-in-Road-Images-Dataset-master/Dataset/1014729_RS_386_386RS124739_30570/1014729_RS_386_386RS124739_30570_RAW.jpg
917195_RS_290_290RS294095_19426,train,Crack,4898,0,366310,d:/current project/SIH PPts/roadsense_webapp/roadsense_webapp/Cracks-and-Potholes-in-Road-Images-Dataset-master/Cracks-and-Potholes-in-Road-Images-Dataset-master/Dataset/917195_RS_290_290RS294095_19426/917195_RS_290_290RS294095_19426_RAW.jpg
1054937_DF_020_020BDF0070_08018,train,Pothole,8031,4455,388269,d:/current project/SIH PPts/roadsense_webapp/roadsense_webapp/Cracks-and-Potholes-in-Road-Images-Dataset-master/Cracks-and-Potholes-in-Road-Images-Dataset-master/Dataset/1054937_DF_020_020BDF0070_08018/1054937_DF_020_020BDF0070_08018_RAW.jpg
883078_RS_290_290RS150131_16121,train,Pothole,0,63037,357352,d:/current project/SIH PPts/roadsense_webapp/roadsense_webapp/Cracks-and-Potholes-in-Road-Images-Dataset-master/Cracks-and-Potholes-in-Road-Images-Dataset-master/Dataset/883078_RS_290_290RS150131_16121/883078_RS_290_290RS150131_16121_RAW.jpg
1014856_RS_386_386RS124739_31205,val,Crack,10645,0,381723,d:/current project/SIH PPts/roadsense_webapp/roadsense_webapp/Cracks-and-Potholes-in-Road-Images-Dataset-master/Cracks-and-Potholes-in-Road-Images-Dataset-master/Dataset/1014856_RS_386_386RS124739_31205/1014856_RS_386_386RS124739_31205_RAW.jpg
941637_RS_290_290RS070691_01090,train,Pothole,0,2640,351062,d:/current project/SIH PPts/roadsense_webapp/roadsense_webapp/Cracks-and-Potholes-in-Road-Images-Dataset-master/Cracks-and-Potholes-in-Road-Images-Dataset-master/Dataset/941637_RS_290_290RS070691_01090/941637_RS_290_290RS070691_01090_RAW.jpg
917518_RS_290_290RS294095_21040,train,Normal,1032,0,349725,d:/current project/SIH PPts/roadsense_webapp/roadsense_webapp/Cracks-and-Potholes-in-Road-Images-Dataset-master/Cracks-and-Potholes-in-Road-Images-Dataset-master/Dataset/917518_RS_290_290RS294095_21040/917518_RS_290_290RS294095_21040_RAW.jpg
1051771_DF_020_020BDF0070_01684,train,Pothole,0,4072,388571,d:/current project/SIH PPts/roadsense_webapp/roadsense_webapp/Cracks-and-Potholes-in-Road-Images-Dataset-master/Cracks-and-Potholes-in-Road-Images-Dataset-master/Dataset/1051771_DF_020_020BDF0070_01684/1051771_DF_020_020BDF0070_01684_RAW.jpg
1059088_DF_010_010BDF0010_06677,train,Crack,1770,0,372228,d:/current project/SIH PPts/roadsense_webapp/roadsense_webapp/Cracks-and-Potholes-in-Road-Images-Dataset-master/Cracks-and-Potholes-in-Road-Images-Dataset-master/Dataset/1059088_DF_010_010BDF0010_06677/1059088_DF_010_010BDF0010_06677_RAW.jpg
917222_RS_290_290RS294095_19560,train,Crack,3848,0,369744,d:/current project/SIH PPts/roadsense_webapp/roadsense_webapp/Cracks-and-Potholes-in-Road-Images-Dataset-master/Cracks-and-Potholes-in-Road-Images-Dataset-master/Dataset/917222_RS_290_290RS294095_19560/917222_RS_290_290RS294095_19560_RAW.jpg
1075547_DF_251_251BDF0530_01871,train,Crack,2915,0,347574,d:/current project/SIH PPts/roadsense_webapp/roadsense_webapp/Cracks-and-Potholes-in-Road-Images-Dataset-master/Cracks-and-Potholes-in-Road-Images-Dataset-master/Dataset/1075547_DF_251_251BDF0530_01871/1075547_DF_251_251BDF0530_01871_RAW.jpg
919560_RS_290_290RS294095_31250,train,Pothole,39602,399,345488,d:/current project/SIH PPts/roadsense_webapp/roadsense_webapp/Cracks-and-Potholes-in-Road-Images-Dataset-master/Cracks-and-Potholes-in-Road-Images-Dataset-master/Dataset/919560_RS_290_290RS294095_31250/919560_RS_290_290RS294095_31250_RAW.jpg
919823_RS_290_290RS294095_32565,train,Crack,4832,0,345788,d:/current project/SIH PPts/roadsense_webapp/roadsense_webapp/Cracks-and-Potholes-in-Road-Images-Dataset-master/Cracks-and-Potholes-in-Road-Images-Dataset-master/Dataset/919823_RS_290_290RS294095_32565/919823_RS_290_290RS294095_32565_RAW.jpg
1091819_DF_251_251BDF0490_00979,train,Crack,12778,0,360096,d:/current project/SIH PPts/roadsense_webapp/roadsense_webapp/Cracks-and-Potholes-in-Road-Images-Dataset-master/Cracks-and-Potholes-in-Road-Images-Dataset-master/Dataset/1091819_DF_251_251BDF0490_00979/1091819_DF_251_251BDF0490_00979_RAW.jpg
1092865_DF_251_251BDF0052_00706,train,Normal,888,0,364648,d:/current project/SIH PPts/roadsense_webapp/roadsense_webapp/Cracks-and-Potholes-in-Road-Images-Dataset-master/Cracks-and-Potholes-in-Road-Images-Dataset-master/Dataset/1092865_DF_251_251BDF0052_00706/1092865_DF_251_251BDF0052_00706_RAW.jpg
919142_RS_290_290RS294095_29160,train,Crack,2156,0,364256,d:/current project/SIH PPts/roadsense_webapp/roadsense_webapp/Cracks-and-Potholes-in-Road-Images-Dataset-master/Cracks-and-Potholes-in-Road-Images-Dataset-master/Dataset/919142_RS_290_290RS294095_29160/919142_RS_290_290RS294095_29160_RAW.jpg
1053828_DF_020_020BDF0070_05973,train,Pothole,0,1316,377355,d:/current project/SIH PPts/roadsense_webapp/roadsense_webapp/Cracks-and-Potholes-in-Road-Images-Dataset-master/Cracks-and-Potholes-in-Road-Images-Dataset-master/Dataset/1053828_DF_020_020BDF0070_05973/1053828_DF_020_020BDF0070_05973_RAW.jpg
1091755_DF_251_251BDF0490_00859,train,Normal,1417,0,336342,d:/current project/SIH PPts/roadsense_webapp/roadsense_webapp/Cracks-and-Potholes-in-Road-Images-Dataset-master/Cracks-and-Potholes-in-Road-Images-Dataset-master/Dataset/1091755_DF_251_251BDF0490_00859/1091755_DF_251_251BDF0490_00859_RAW.jpg
916438_RS_290_290RS294095_15640,train,Normal,739,0,341384,d:/current project/SIH PPts/roadsense_webapp/roadsense_webapp/Cracks-and-Potholes-in-Road-Images-Dataset-master/Cracks-and-Potholes-in-Road-Images-Dataset-master/Dataset/916438_RS_290_290RS294095_15640/916438_RS_290_290RS294095_15640_RAW.jpg
1054963_DF_020_020BDF0070_08065,train,Pothole,3223,5267,376555,d:/current project/SIH PPts/roadsense_webapp/roadsense_webapp/Cracks-and-Potholes-in-Road-Images-Dataset-master/Cracks-and-Potholes-in-Road-Images-Dataset-master/Dataset/1054963_DF_020_020BDF0070_08065/1054963_DF_020_020BDF0070_08065_RAW.jpg
941640_RS_290_290RS070691_01105,train,Pothole,0,41074,348661,d:/current project/SIH PPts/roadsense_webapp/roadsense_webapp/Cracks-and-Potholes-in-Road-Images-Dataset-master/Cracks-and-Potholes-in-Road-Images-Dataset-master/Dataset/941640_RS_290_290RS070691_01105/941640_RS_290_290RS070691_01105_RAW.jpg
994106_RS_386_386RS191729_07295,val,Crack,4676,0,363303,d:/current project/SIH PPts/roadsense_webapp/roadsense_webapp/Cracks-and-Potholes-in-Road-Images-Dataset-master/Cracks-and-Potholes-in-Road-Images-Dataset-master/Dataset/994106_RS_386_386RS191729_07295/994106_RS_386_386RS191729_07295_RAW.jpg
1076696_DF_251_251BDF0530_03999,train,Crack,2212,0,350688,d:/current project/SIH PPts/roadsense_webapp/roadsense_webapp/Cracks-and-Potholes-in-Road-Images-Dataset-master/Cracks-and-Potholes-in-Road-Images-Dataset-master/Dataset/1076696_DF_251_251BDF0530_03999/1076696_DF_251_251BDF0530_03999_RAW.jpg
919165_RS_290_290RS294095_29275,val,Crack,3765,0,364716,d:/current project/SIH PPts/roadsense_webapp/roadsense_webapp/Cracks-and-Potholes-in-Road-Images-Dataset-master/Cracks-and-Potholes-in-Road-Images-Dataset-master/Dataset/919165_RS_290_290RS294095_29275/919165_RS_290_290RS294095_29275_RAW.jpg
1053993_DF_020_020BDF0070_06268,train,Pothole,13263,2003,371661,d:/current project/SIH PPts/roadsense_webapp/roadsense_webapp/Cracks-and-Potholes-in-Road-Images-Dataset-master/Cracks-and-Potholes-in-Road-Images-Dataset-master/Dataset/1053993_DF_020_020BDF0070_06268/1053993_DF_020_020BDF0070_06268_RAW.jpg
1091812_DF_251_251BDF0490_00966,train,Crack,19430,0,358321,d:/current project/SIH PPts/roadsense_webapp/roadsense_webapp/Cracks-and-Potholes-in-Road-Images-Dataset-master/Cracks-and-Potholes-in-Road-Images-Dataset-master/Dataset/1091812_DF_251_251BDF0490_00966/1091812_DF_251_251BDF0490_00966_RAW.jpg
1092959_DF_251_251BDF0052_00872,train,Crack,9885,0,357690,d:/current project/SIH PPts/roadsense_webapp/roadsense_webapp/Cracks-and-Potholes-in-Road-Images-Dataset-master/Cracks-and-Potholes-in-Road-Images-Dataset-master/Dataset/1092959_DF_251_251BDF0052_00872/1092959_DF_251_251BDF0052_00872_RAW.jpg
1092958_DF_251_251BDF0052_00870,val,Crack,2466,0,353641,d:/current project/SIH PPts/roadsense_webapp/roadsense_webapp/Cracks-and-Potholes-in-Road-Images-Dataset-master/Cracks-and-Potholes-in-Road-Images-Dataset-master/Dataset/1092958_DF_251_251BDF0052_00870/1092958_DF_251_251BDF0052_00870_RAW.jpg
1055782_DF_020_020BDF0070_09588,train,Pothole,9956,1503,371329,d:/current project/SIH PPts/roadsense_webapp/roadsense_webapp/Cracks-and-Potholes-in-Road-Images-Dataset-master/Cracks-and-Potholes-in-Road-Images-Dataset-master/Dataset/1055782_DF_020_020BDF0070_09588/1055782_DF_020_020BDF0070_09588_RAW.jpg
1081599_DF_080_080BDF0070_00498,train,Crack,7925,0,343547,d:/current project/SIH PPts/roadsense_webapp/roadsense_webapp/Cracks-and-Potholes-in-Road-Images-Dataset-master/Cracks-and-Potholes-in-Road-Images-Dataset-master/Dataset/1081599_DF_080_080BDF0070_00498/1081599_DF_080_080BDF0070_00498_RAW.jpg
883234_RS_290_290RS150131_16900,val,Pothole,0,24836,348622,d:/current project/SIH PPts/roadsense_webapp/roadsense_webapp/Cracks-and-Potholes-in-Road-Images-Dataset-master/Cracks-and-Potholes-in-Road-Images-Dataset-master/Dataset/883234_RS_290_290RS150131_16900/883234_RS_290_290RS150131_16900_RAW.jpg
774885_ES_259_259ES000000_48525,train,Pothole,0,10788,400138,d:/current project/SIH PPts/roadsense_webapp/roadsense_webapp/Cracks-and-Potholes-in-Road-Images-Dataset-master/Cracks-and-Potholes-in-Road-Images-Dataset-master/Dataset/774885_ES_259_259ES000000_48525/774885_ES_259_259ES000000_48525_RAW.jpg
1025777_RS_386_386RS169832_08625,train,Crack,8216,0,390023,d:/current project/SIH PPts/roadsense_webapp/roadsense_webapp/Cracks-and-Potholes-in-Road-Images-Dataset-master/Cracks-and-Potholes-in-Road-Images-Dataset-master/Dataset/1025777_RS_386_386RS169832_08625/1025777_RS_386_386RS169832_08625_RAW.jpg
919267_RS_290_290RS294095_29785,train,Crack,5968,0,347877,d:/current project/SIH PPts/roadsense_webapp/roadsense_webapp/Cracks-and-Potholes-in-Road-Images-Dataset-master/Cracks-and-Potholes-in-Road-Images-Dataset-master/Dataset/919267_RS_290_290RS294095_29785/919267_RS_290_290RS294095_29785_RAW.jpg
941632_RS_290_290RS070691_01065,train,Pothole,0,15036,358579,d:/current project/SIH PPts/roadsense_webapp/roadsense_webapp/Cracks-and-Potholes-in-Road-Images-Dataset-master/Cracks-and-Potholes-in-Road-Images-Dataset-master/Dataset/941632_RS_290_290RS070691_01065/941632_RS_290_290RS070691_01065_RAW.jpg
1090287_DF_070_070BDF0050_05837,train,Crack,3836,0,345199,d:/current project/SIH PPts/roadsense_webapp/roadsense_webapp/Cracks-and-Potholes-in-Road-Images-Dataset-master/Cracks-and-Potholes-in-Road-Images-Dataset-master/Dataset/1090287_DF_070_070BDF0050_05837/1090287_DF_070_070BDF0050_05837_RAW.jpg
1083821_DF_080_080BDF0090_00423,train,Normal,545,0,330260,d:/current project/SIH PPts/roadsense_webapp/roadsense_webapp/Cracks-and-Potholes-in-Road-Images-Dataset-master/Cracks-and-Potholes-in-Road-Images-Dataset-master/Dataset/1083821_DF_080_080BDF0090_00423/1083821_DF_080_080BDF0090_00423_RAW.jpg
1081794_DF_080_080BDF0070_00855,train,Crack,5426,0,359467,d:/current project/SIH PPts/roadsense_webapp/roadsense_webapp/Cracks-and-Potholes-in-Road-Images-Dataset-master/Cracks-and-Potholes-in-Road-Images-Dataset-master/Dataset/1081794_DF_080_080BDF0070_00855/1081794_DF_080_080BDF0070_00855_RAW.jpg
919563_RS_290_290RS294095_31266,train,Crack,21417,0,344185,d:/current project/SIH PPts/roadsense_webapp/roadsense_webapp/Cracks-and-Potholes-in-Road-Images-Dataset-master/Cracks-and-Potholes-in-Road-Images-Dataset-master/Dataset/919563_RS_290_290RS294095_31266/919563_RS_290_290RS294095_31266_RAW.jpg
1014906_RS_386_386RS124739_31456,train,Crack,10370,0,365783,d:/current project/SIH PPts/roadsense_webapp/roadsense_webapp/Cracks-and-Potholes-in-Road-Images-Dataset-master/Cracks-and-Potholes-in-Road-Images-Dataset-master/Dataset/1014906_RS_386_386RS124739_31456/1014906_RS_386_386RS124739_31456_RAW.jpg
917170_RS_290_290RS294095_19300,train,Crack,5743,0,366888,d:/current project/SIH PPts/roadsense_webapp/roadsense_webapp/Cracks-and-Potholes-in-Road-Images-Dataset-master/Cracks-and-Potholes-in-Road-Images-Dataset-master/Dataset/917170_RS_290_290RS294095_19300/917170_RS_290_290RS294095_19300_RAW.jpg
1014817_RS_386_386RS124739_31010,train,Crack,6683,0,397899,d:/current project/SIH PPts/roadsense_webapp/roadsense_webapp/Cracks-and-Potholes-in-Road-Images-Dataset-master/Cracks-and-Potholes-in-Road-Images-Dataset-master/Dataset/1014817_RS_386_386RS124739_31010/1014817_RS_386_386RS124739_31010_RAW.jpg
916873_RS_290_290RS294095_17815,val,Pothole,3378,3178,364468,d:/current project/SIH PPts/roadsense_webapp/roadsense_webapp/Cracks-and-Potholes-in-Road-Images-Dataset-master/Cracks-and-Potholes-in-Road-Images-Dataset-master/Dataset/916873_RS_290_290RS294095_17815/916873_RS_290_290RS294095_17815_RAW.jpg
941906_RS_290_290RS070691_02436,train,Pothole,0,1904,359993,d:/current project/SIH PPts/roadsense_webapp/roadsense_webapp/Cracks-and-Potholes-in-Road-Images-Dataset-master/Cracks-and-Potholes-in-Road-Images-Dataset-master/Dataset/941906_RS_290_290RS070691_02436/941906_RS_290_290RS070691_02436_RAW.jpg
1077341_DF_251_251BDF0530_05200,train,Normal,541,0,339804,d:/current project/SIH PPts/roadsense_webapp/roadsense_webapp/Cracks-and-Potholes-in-Road-Images-Dataset-master/Cracks-and-Potholes-in-Road-Images-Dataset-master/Dataset/1077341_DF_251_251BDF0530_05200/1077341_DF_251_251BDF0530_05200_RAW.jpg
1014635_RS_386_386RS124739_30100,val,Crack,13494,0,396918,d:/current project/SIH PPts/roadsense_webapp/roadsense_webapp/Cracks-and-Potholes-in-Road-Images-Dataset-master/Cracks-and-Potholes-in-Road-Images-Dataset-master/Dataset/1014635_RS_386_386RS124739_30100/1014635_RS_386_386RS124739_30100_RAW.jpg
1014915_RS_386_386RS124739_31500,val,Pothole,0,2929,376121,d:/current project/SIH PPts/roadsense_webapp/roadsense_webapp/Cracks-and-Potholes-in-Road-Images-Dataset-master/Cracks-and-Potholes-in-Road-Images-Dataset-master/Dataset/1014915_RS_386_386RS124739_31500/1014915_RS_386_386RS124739_31500_RAW.jpg
1075537_DF_251_251BDF0530_01853,train,Crack,13586,0,354076,d:/current project/SIH PPts/roadsense_webapp/roadsense_webapp/Cracks-and-Potholes-in-Road-Images-Dataset-master/Cracks-and-Potholes-in-Road-Images-Dataset-master/Dataset/1075537_DF_251_251BDF0530_01853/1075537_DF_251_251BDF0530_01853_RAW.jpg
1091707_DF_251_251BDF0490_00767,train,Normal,865,0,364880,d:/current project/SIH PPts/roadsense_webapp/roadsense_webapp/Cracks-and-Potholes-in-Road-Images-Dataset-master/Cracks-and-Potholes-in-Road-Images-Dataset-master/Dataset/1091707_DF_251_251BDF0490_00767/1091707_DF_251_251BDF0490_00767_RAW.jpg
919492_RS_290_290RS294095_30910,val,Pothole,591,1793,349776,d:/current project/SIH PPts/roadsense_webapp/roadsense_webapp/Cracks-and-Potholes-in-Road-Images-Dataset-master/Cracks-and-Potholes-in-Road-Images-Dataset-master/Dataset/919492_RS_290_290RS294095_30910/919492_RS_290_290RS294095_30910_RAW.jpg
917042_RS_290_290RS294095_18660,train,Pothole,944,8548,346432,d:/current project/SIH PPts/roadsense_webapp/roadsense_webapp/Cracks-and-Potholes-in-Road-Images-Dataset-master/Cracks-and-Potholes-in-Road-Images-Dataset-master/Dataset/917042_RS_290_290RS294095_18660/917042_RS_290_290RS294095_18660_RAW.jpg
884191_RS_290_290RS150131_21685,val,Pothole,0,11666,366558,d:/current project/SIH PPts/roadsense_webapp/roadsense_webapp/Cracks-and-Potholes-in-Road-Images-Dataset-master/Cracks-and-Potholes-in-Road-Images-Dataset-master/Dataset/884191_RS_290_290RS150131_21685/884191_RS_290_290RS150131_21685_RAW.jpg
1014652_RS_386_386RS124739_30185,train,Crack,3853,0,380592,d:/current project/SIH PPts/roadsense_webapp/roadsense_webapp/Cracks-and-Potholes-in-Road-Images-Dataset-master/Cracks-and-Potholes-in-Road-Images-Dataset-master/Dataset/1014652_RS_386_386RS124739_30185/1014652_RS_386_386RS124739_30185_RAW.jpg
1094543_DF_251_251BDF0052_03762,train,Normal,863,0,343068,d:/current project/SIH PPts/roadsense_webapp/roadsense_webapp/Cracks-and-Potholes-in-Road-Images-Dataset-master/Cracks-and-Potholes-in-Road-Images-Dataset-master/Dataset/1094543_DF_251_251BDF0052_03762/1094543_DF_251_251BDF0052_03762_RAW.jpg
1014630_RS_386_386RS124739_30075,train,Pothole,12382,1971,389391,d:/current project/SIH PPts/roadsense_webapp/roadsense_webapp/Cracks-and-Potholes-in-Road-Images-Dataset-master/Cracks-and-Potholes-in-Road-Images-Dataset-master/Dataset/1014630_RS_386_386RS124739_30075/1014630_RS_386_386RS124739_30075_RAW.jpg
883085_RS_290_290RS150131_16155,train,Pothole,0,44891,349514,d:/current project/SIH PPts/roadsense_webapp/roadsense_webapp/Cracks-and-Potholes-in-Road-Images-Dataset-master/Cracks-and-Potholes-in-Road-Images-Dataset-master/Dataset/883085_RS_290_290RS150131_16155/883085_RS_290_290RS150131_16155_RAW.jpg
1014919_RS_386_386RS124739_31520,val,Normal,604,0,369572,d:/current project/SIH PPts/roadsense_webapp/roadsense_webapp/Cracks-and-Potholes-in-Road-Images-Dataset-master/Cracks-and-Potholes-in-Road-Images-Dataset-master/Dataset/1014919_RS_386_386RS124739_31520/1014919_RS_386_386RS124739_31520_RAW.jpg
917247_RS_290_290RS294095_19685,train,Crack,22268,0,362027,d:/current project/SIH PPts/roadsense_webapp/roadsense_webapp/Cracks-and-Potholes-in-Road-Images-Dataset-master/Cracks-and-Potholes-in-Road-Images-Dataset-master/Dataset/917247_RS_290_290RS294095_19685/917247_RS_290_290RS294095_19685_RAW.jpg
917958_RS_290_290RS294095_23240,train,Crack,8471,0,357701,d:/current project/SIH PPts/roadsense_webapp/roadsense_webapp/Cracks-and-Potholes-in-Road-Images-Dataset-master/Cracks-and-Potholes-in-Road-Images-Dataset-master/Dataset/917958_RS_290_290RS294095_23240/917958_RS_290_290RS294095_23240_RAW.jpg
994198_RS_386_386RS191729_07755,val,Crack,3303,0,379277,d:/current project/SIH PPts/roadsense_webapp/roadsense_webapp/Cracks-and-Potholes-in-Road-Images-Dataset-master/Cracks-and-Potholes-in-Road-Images-Dataset-master/Dataset/994198_RS_386_386RS191729_07755/994198_RS_386_386RS191729_07755_RAW.jpg
1091908_DF_251_251BDF0490_01148,train,Normal,288,0,356601,d:/current project/SIH PPts/roadsense_webapp/roadsense_webapp/Cracks-and-Potholes-in-Road-Images-Dataset-master/Cracks-and-Potholes-in-Road-Images-Dataset-master/Dataset/1091908_DF_251_251BDF0490_01148/1091908_DF_251_251BDF0490_01148_RAW.jpg
1085406_DF_080_080BDF0090_03556,val,Normal,875,0,347489,d:/current project/SIH PPts/roadsense_webapp/roadsense_webapp/Cracks-and-Potholes-in-Road-Images-Dataset-master/Cracks-and-Potholes-in-Road-Images-Dataset-master/Dataset/1085406_DF_080_080BDF0090_03556/1085406_DF_080_080BDF0090_03556_RAW.jpg
1083252_DF_080_080BDF0070_03824,train,Pothole,3983,1015,311636,d:/current project/SIH PPts/roadsense_webapp/roadsense_webapp/Cracks-and-Potholes-in-Road-Images-Dataset-master/Cracks-and-Potholes-in-Road-Images-Dataset-master/Dataset/1083252_DF_080_080BDF0070_03824/1083252_DF_080_080BDF0070_03824_RAW.jpg
1083231_DF_080_080BDF0070_03759,train,Crack,3405,0,365412,d:/current project/SIH PPts/roadsense_webapp/roadsense_webapp/Cracks-and-Potholes-in-Road-Images-Dataset-master/Cracks-and-Potholes-in-Road-Images-Dataset-master/Dataset/1083231_DF_080_080BDF0070_03759/1083231_DF_080_080BDF0070_03759_RAW.jpg
919398_RS_290_290RS294095_30440,train,Crack,3462,0,345064,d:/current project/SIH PPts/roadsense_webapp/roadsense_webapp/Cracks-and-Potholes-in-Road-Images-Dataset-master/Cracks-and-Potholes-in-Road-Images-Dataset-master/Dataset/919398_RS_290_290RS294095_30440/919398_RS_290_290RS294095_30440_RAW.jpg
774863_ES_259_259ES000000_48415,train,Normal,759,0,406753,d:/current project/SIH PPts/roadsense_webapp/roadsense_webapp/Cracks-and-Potholes-in-Road-Images-Dataset-master/Cracks-and-Potholes-in-Road-Images-Dataset-master/Dataset/774863_ES_259_259ES000000_48415/774863_ES_259_259ES000000_48415_RAW.jpg
1092008_DF_251_251BDF0490_01335,train,Normal,1059,0,364675,d:/current project/SIH PPts/roadsense_webapp/roadsense_webapp/Cracks-and-Potholes-in-Road-Images-Dataset-master/Cracks-and-Potholes-in-Road-Images-Dataset-master/Dataset/1092008_DF_251_251BDF0490_01335/1092008_DF_251_251BDF0490_01335_RAW.jpg
918101_RS_290_290RS294095_23956,train,Normal,897,0,364909,d:/current project/SIH PPts/roadsense_webapp/roadsense_webapp/Cracks-and-Potholes-in-Road-Images-Dataset-master/Cracks-and-Potholes-in-Road-Images-Dataset-master/Dataset/918101_RS_290_290RS294095_23956/918101_RS_290_290RS294095_23956_RAW.jpg
992835_RS_386_386RS191729_00940,train,Pothole,1577,7323,372398,d:/current project/SIH PPts/roadsense_webapp/roadsense_webapp/Cracks-and-Potholes-in-Road-Images-Dataset-master/Cracks-and-Potholes-in-Road-Images-Dataset-master/Dataset/992835_RS_386_386RS191729_00940/992835_RS_386_386RS191729_00940_RAW.jpg
1092981_DF_251_251BDF0052_00911,val,Crack,12384,0,358924,d:/current project/SIH PPts/roadsense_webapp/roadsense_webapp/Cracks-and-Potholes-in-Road-Images-Dataset-master/Cracks-and-Potholes-in-Road-Images-Dataset-master/Dataset/1092981_DF_251_251BDF0052_00911/1092981_DF_251_251BDF0052_00911_RAW.jpg
917256_RS_290_290RS294095_19730,train,Crack,15604,0,356729,d:/current project/SIH PPts/roadsense_webapp/roadsense_webapp/Cracks-and-Potholes-in-Road-Images-Dataset-master/Cracks-and-Potholes-in-Road-Images-Dataset-master/Dataset/917256_RS_290_290RS294095_19730/917256_RS_290_290RS294095_19730_RAW.jpg
919723_RS_290_290RS294095_32066,train,Crack,15172,0,371654,d:/current project/SIH PPts/roadsense_webapp/roadsense_webapp/Cracks-and-Potholes-in-Road-Images-Dataset-master/Cracks-and-Potholes-in-Road-Images-Dataset-master/Dataset/919723_RS_290_290RS294095_32066/919723_RS_290_290RS294095_32066_RAW.jpg
1025763_RS_386_386RS169832_08555,train,Crack,12751,0,381469,d:/current project/SIH PPts/roadsense_webapp/roadsense_webapp/Cracks-and-Potholes-in-Road-Images-Dataset-master/Cracks-and-Potholes-in-Road-Images-Dataset-master/Dataset/1025763_RS_386_386RS169832_08555/1025763_RS_386_386RS169832_08555_RAW.jpg
1092871_DF_251_251BDF0052_00716,train,Crack,7402,0,355463,d:/current project/SIH PPts/roadsense_webapp/roadsense_webapp/Cracks-and-Potholes-in-Road-Images-Dataset-master/Cracks-and-Potholes-in-Road-Images-Dataset-master/Dataset/1092871_DF_251_251BDF0052_00716/1092871_DF_251_251BDF0052_00716_RAW.jpg
1014804_RS_386_386RS124739_30945,train,Crack,33382,0,383777,d:/current project/SIH PPts/roadsense_webapp/roadsense_webapp/Cracks-and-Potholes-in-Road-Images-Dataset-master/Cracks-and-Potholes-in-Road-Images-Dataset-master/Dataset/1014804_RS_386_386RS124739_30945/1014804_RS_386_386RS124739_30945_RAW.jpg
941948_RS_290_290RS070691_02645,train,Pothole,0,2819,367202,d:/current project/SIH PPts/roadsense_webapp/roadsense_webapp/Cracks-and-Potholes-in-Road-Images-Dataset-master/Cracks-and-Potholes-in-Road-Images-Dataset-master/Dataset/941948_RS_290_290RS070691_02645/941948_RS_290_290RS070691_02645_RAW.jpg
1014711_RS_386_386RS124739_30480,train,Normal,1430,0,377757,d:/current project/SIH PPts/roadsense_webapp/roadsense_webapp/Cracks-and-Potholes-in-Road-Images-Dataset-master/Cracks-and-Potholes-in-Road-Images-Dataset-master/Dataset/1014711_RS_386_386RS124739_30480/1014711_RS_386_386RS124739_30480_RAW.jpg
917490_RS_290_290RS294095_20900,train,Pothole,2141,4670,350776,d:/current project/SIH PPts/roadsense_webapp/roadsense_webapp/Cracks-and-Potholes-in-Road-Images-Dataset-master/Cracks-and-Potholes-in-Road-Images-Dataset-master/Dataset/917490_RS_290_290RS294095_20900/917490_RS_290_290RS294095_20900_RAW.jpg
917570_RS_290_290RS294095_21300,train,Crack,22320,0,348338,d:/current project/SIH PPts/roadsense_webapp/roadsense_webapp/Cracks-and-Potholes-in-Road-Images-Dataset-master/Cracks-and-Potholes-in-Road-Images-Dataset-master/Dataset/917570_RS_290_290RS294095_21300/917570_RS_290_290RS294095_21300_RAW.jpg
1025912_RS_386_386RS169832_09301,train,Crack,4915,0,376586,d:/current project/SIH PPts/roadsense_webapp/roadsense_webapp/Cracks-and-Potholes-in-Road-Images-Dataset-master/Cracks-and-Potholes-in-Road-Images-Dataset-master/Dataset/1025912_RS_386_386RS169832_09301/1025912_RS_386_386RS169832_09301_RAW.jpg
917290_RS_290_290RS294095_19900,val,Normal,1268,0,352394,d:/current project/SIH PPts/roadsense_webapp/roadsense_webapp/Cracks-and-Potholes-in-Road-Images-Dataset-master/Cracks-and-Potholes-in-Road-Images-Dataset-master/Dataset/917290_RS_290_290RS294095_19900/917290_RS_290_290RS294095_19900_RAW.jpg
1092030_DF_251_251BDF0490_01376,train,Crack,2831,0,367930,d:/current project/SIH PPts/roadsense_webapp/roadsense_webapp/Cracks-and-Potholes-in-Road-Images-Dataset-master/Cracks-and-Potholes-in-Road-Images-Dataset-master/Dataset/1092030_DF_251_251BDF0490_01376/1092030_DF_251_251BDF0490_01376_RAW.jpg
919143_RS_290_290RS294095_29165,train,Crack,10533,0,364997,d:/current project/SIH PPts/roadsense_webapp/roadsense_webapp/Cracks-and-Potholes-in-Road-Images-Dataset-master/Cracks-and-Potholes-in-Road-Images-Dataset-master/Dataset/919143_RS_290_290RS294095_29165/919143_RS_290_290RS294095_29165_RAW.jpg
1067606_DF_010_010BDF0018_03300,train,Pothole,0,604,380743,d:/current project/SIH PPts/roadsense_webapp/roadsense_webapp/Cracks-and-Potholes-in-Road-Images-Dataset-master/Cracks-and-Potholes-in-Road-Images-Dataset-master/Dataset/1067606_DF_010_010BDF0018_03300/1067606_DF_010_010BDF0018_03300_RAW.jpg
1014696_RS_386_386RS124739_30405,val,Crack,4658,0,376972,d:/current project/SIH PPts/roadsense_webapp/roadsense_webapp/Cracks-and-Potholes-in-Road-Images-Dataset-master/Cracks-and-Potholes-in-Road-Images-Dataset-master/Dataset/1014696_RS_386_386RS124739_30405/1014696_RS_386_386RS124739_30405_RAW.jpg
917542_RS_290_290RS294095_21160,train,Pothole,3675,783,348288,d:/current project/SIH PPts/roadsense_webapp/roadsense_webapp/Cracks-and-Potholes-in-Road-Images-Dataset-master/Cracks-and-Potholes-in-Road-Images-Dataset-master/Dataset/917542_RS_290_290RS294095_21160/917542_RS_290_290RS294095_21160_RAW.jpg
1026151_RS_386_386RS169832_10495,train,Pothole,1459,3273,380882,d:/current project/SIH PPts/roadsense_webapp/roadsense_webapp/Cracks-and-Potholes-in-Road-Images-Dataset-master/Cracks-and-Potholes-in-Road-Images-Dataset-master/Dataset/1026151_RS_386_386RS169832_10495/1026151_RS_386_386RS169832_10495_RAW.jpg
917489_RS_290_290RS294095_20895,train,Pothole,1020,1505,343393,d:/current project/SIH PPts/roadsense_webapp/roadsense_webapp/Cracks-and-Potholes-in-Road-Images-Dataset-master/Cracks-and-Potholes-in-Road-Images-Dataset-master/Dataset/917489_RS_290_290RS294095_20895/917489_RS_290_290RS294095_20895_RAW.jpg
917350_RS_290_290RS294095_20200,train,Crack,2084,0,346843,d:/current project/SIH PPts/roadsense_webapp/roadsense_webapp/Cracks-and-Potholes-in-Road-Images-Dataset-master/Cracks-and-Potholes-in-Road-Images-Dataset-master/Dataset/917350_RS_290_290RS294095_20200/917350_RS_290_290RS294095_20200_RAW.jpg
1091705_DF_251_251BDF0490_00764,train,Crack,13297,0,362757,d:/current project/SIH PPts/roadsense_webapp/roadsense_webapp/Cracks-and-Potholes-in-Road-Images-Dataset-master/Cracks-and-Potholes-in-Road-Images-Dataset-master/Dataset/1091705_DF_251_251BDF0490_00764/1091705_DF_251_251BDF0490_00764_RAW.jpg
1081565_DF_080_080BDF0070_00435,train,Crack,5056,0,338241,d:/current project/SIH PPts/roadsense_webapp/roadsense_webapp/Cracks-and-Potholes-in-Road-Images-Dataset-master/Cracks-and-Potholes-in-Road-Images-Dataset-master/Dataset/1081565_DF_080_080BDF0070_00435/1081565_DF_080_080BDF0070_00435_RAW.jpg
1076888_DF_251_251BDF0530_04351,train,Crack,3189,0,350367,d:/current project/SIH PPts/roadsense_webapp/roadsense_webapp/Cracks-and-Potholes-in-Road-Images-Dataset-master/Cracks-and-Potholes-in-Road-Images-Dataset-master/Dataset/1076888_DF_251_251BDF0530_04351/1076888_DF_251_251BDF0530_04351_RAW.jpg
917194_RS_290_290RS294095_19420,train,Pothole,2363,2319,367510,d:/current project/SIH PPts/roadsense_webapp/roadsense_webapp/Cracks-and-Potholes-in-Road-Images-Dataset-master/Cracks-and-Potholes-in-Road-Images-Dataset-master/Dataset/917194_RS_290_290RS294095_19420/917194_RS_290_290RS294095_19420_RAW.jpg
919277_RS_290_290RS294095_29836,train,Crack,5437,0,345004,d:/current project/SIH PPts/roadsense_webapp/roadsense_webapp/Cracks-and-Potholes-in-Road-Images-Dataset-master/Cracks-and-Potholes-in-Road-Images-Dataset-master/Dataset/919277_RS_290_290RS294095_29836/919277_RS_290_290RS294095_29836_RAW.jpg
1082215_DF_080_080BDF0070_01712,train,Crack,11395,0,352825,d:/current project/SIH PPts/roadsense_webapp/roadsense_webapp/Cracks-and-Potholes-in-Road-Images-Dataset-master/Cracks-and-Potholes-in-Road-Images-Dataset-master/Dataset/1082215_DF_080_080BDF0070_01712/1082215_DF_080_080BDF0070_01712_RAW.jpg
1025772_RS_386_386RS169832_08600,train,Crack,15401,0,394475,d:/current project/SIH PPts/roadsense_webapp/roadsense_webapp/Cracks-and-Potholes-in-Road-Images-Dataset-master/Cracks-and-Potholes-in-Road-Images-Dataset-master/Dataset/1025772_RS_386_386RS169832_08600/1025772_RS_386_386RS169832_08600_RAW.jpg
1081492_DF_080_080BDF0070_00299,train,Crack,3620,0,337792,d:/current project/SIH PPts/roadsense_webapp/roadsense_webapp/Cracks-and-Potholes-in-Road-Images-Dataset-master/Cracks-and-Potholes-in-Road-Images-Dataset-master/Dataset/1081492_DF_080_080BDF0070_00299/1081492_DF_080_080BDF0070_00299_RAW.jpg
994518_RS_386_386RS191729_09355,train,Crack,4867,0,341161,d:/current project/SIH PPts/roadsense_webapp/roadsense_webapp/Cracks-and-Potholes-in-Road-Images-Dataset-master/Cracks-and-Potholes-in-Road-Images-Dataset-master/Dataset/994518_RS_386_386RS191729_09355/994518_RS_386_386RS191729_09355_RAW.jpg
918483_RS_290_290RS294095_25865,train,Crack,1643,0,357529,d:/current project/SIH PPts/roadsense_webapp/roadsense_webapp/Cracks-and-Potholes-in-Road-Images-Dataset-master/Cracks-and-Potholes-in-Road-Images-Dataset-master/Dataset/918483_RS_290_290RS294095_25865/918483_RS_290_290RS294095_25865_RAW.jpg
1014683_RS_386_386RS124739_30340,train,Crack,8983,0,394991,d:/current project/SIH PPts/roadsense_webapp/roadsense_webapp/Cracks-and-Potholes-in-Road-Images-Dataset-master/Cracks-and-Potholes-in-Road-Images-Dataset-master/Dataset/1014683_RS_386_386RS124739_30340/1014683_RS_386_386RS124739_30340_RAW.jpg
1092100_DF_251_251BDF0490_01502,train,Crack,5427,0,362098,d:/current project/SIH PPts/roadsense_webapp/roadsense_webapp/Cracks-and-Potholes-in-Road-Images-Dataset-master/Cracks-and-Potholes-in-Road-Images-Dataset-master/Dataset/1092100_DF_251_251BDF0490_01502/1092100_DF_251_251BDF0490_01502_RAW.jpg
941508_RS_290_290RS070691_00445,val,Pothole,0,14055,358870,d:/current project/SIH PPts/roadsense_webapp/roadsense_webapp/Cracks-and-Potholes-in-Road-Images-Dataset-master/Cracks-and-Potholes-in-Road-Images-Dataset-master/Dataset/941508_RS_290_290RS070691_00445/941508_RS_290_290RS070691_00445_RAW.jpg
918386_RS_290_290RS294095_25380,train,Crack,3873,0,354515,d:/current project/SIH PPts/roadsense_webapp/roadsense_webapp/Cracks-and-Potholes-in-Road-Images-Dataset-master/Cracks-and-Potholes-in-Road-Images-Dataset-master/Dataset/918386_RS_290_290RS294095_25380/918386_RS_290_290RS294095_25380_RAW.jpg
1076436_DF_251_251BDF0530_03509,val,Crack,12891,0,343852,d:/current project/SIH PPts/roadsense_webapp/roadsense_webapp/Cracks-and-Potholes-in-Road-Images-Dataset-master/Cracks-and-Potholes-in-Road-Images-Dataset-master/Dataset/1076436_DF_251_251BDF0530_03509/1076436_DF_251_251BDF0530_03509_RAW.jpg
1076488_DF_251_251BDF0530_03605,train,Crack,11619,0,332871,d:/current project/SIH PPts/roadsense_webapp/roadsense_webapp/Cracks-and-Potholes-in-Road-Images-Dataset-master/Cracks-and-Potholes-in-Road-Images-Dataset-master/Dataset/1076488_DF_251_251BDF0530_03605/1076488_DF_251_251BDF0530_03605_RAW.jpg
917251_RS_290_290RS294095_19705,train,Crack,46545,0,369046,d:/current project/SIH PPts/roadsense_webapp/roadsense_webapp/Cracks-and-Potholes-in-Road-Images-Dataset-master/Cracks-and-Potholes-in-Road-Images-Dataset-master/Dataset/917251_RS_290_290RS294095_19705/917251_RS_290_290RS294095_19705_RAW.jpg
1014643_RS_386_386RS124739_30140,train,Normal,212,0,366992,d:/current project/SIH PPts/roadsense_webapp/roadsense_webapp/Cracks-and-Potholes-in-Road-Images-Dataset-master/Cracks-and-Potholes-in-Road-Images-Dataset-master/Dataset/1014643_RS_386_386RS124739_30140/1014643_RS_386_386RS124739_30140_RAW.jpg
1014782_RS_386_386RS124739_30835,train,Crack,3081,0,392689,d:/current project/SIH PPts/roadsense_webapp/roadsense_webapp/Cracks-and-Potholes-in-Road-Images-Dataset-master/Cracks-and-Potholes-in-Road-Images-Dataset-master/Dataset/1014782_RS_386_386RS124739_30835/1014782_RS_386_386RS124739_30835_RAW.jpg
1014725_RS_386_386RS124739_30550,train,Crack,10591,0,367266,d:/current project/SIH PPts/roadsense_webapp/roadsense_webapp/Cracks-and-Potholes-in-Road-Images-Dataset-master/Cracks-and-Potholes-in-Road-Images-Dataset-master/Dataset/1014725_RS_386_386RS124739_30550/1014725_RS_386_386RS124739_30550_RAW.jpg
1092813_DF_251_251BDF0052_00615,val,Crack,8616,0,343752,d:/current project/SIH PPts/roadsense_webapp/roadsense_webapp/Cracks-and-Potholes-in-Road-Images-Dataset-master/Cracks-and-Potholes-in-Road-Images-Dataset-master/Dataset/1092813_DF_251_251BDF0052_00615/1092813_DF_251_251BDF0052_00615_RAW.jpg
916887_RS_290_290RS294095_17885,train,Pothole,0,4617,358094,d:/current project/SIH PPts/roadsense_webapp/roadsense_webapp/Cracks-and-Potholes-in-Road-Images-Dataset-master/Cracks-and-Potholes-in-Road-Images-Dataset-master/Dataset/916887_RS_290_290RS294095_17885/916887_RS_290_290RS294095_17885_RAW.jpg
917280_RS_290_290RS294095_19850,train,Crack,14843,0,366027,d:/current project/SIH PPts/roadsense_webapp/roadsense_webapp/Cracks-and-Potholes-in-Road-Images-Dataset-master/Cracks-and-Potholes-in-Road-Images-Dataset-master/Dataset/917280_RS_290_290RS294095_19850/917280_RS_290_290RS294095_19850_RAW.jpg
918129_RS_290_290RS294095_24095,train,Crack,4285,0,365630,d:/current project/SIH PPts/roadsense_webapp/roadsense_webapp/Cracks-and-Potholes-in-Road-Images-Dataset-master/Cracks-and-Potholes-in-Road-Images-Dataset-master/Dataset/918129_RS_290_290RS294095_24095/918129_RS_290_290RS294095_24095_RAW.jpg
1067608_DF_010_010BDF0018_03303,train,Pothole,0,3507,380565,d:/current project/SIH PPts/roadsense_webapp/roadsense_webapp/Cracks-and-Potholes-in-Road-Images-Dataset-master/Cracks-and-Potholes-in-Road-Images-Dataset-master/Dataset/1067608_DF_010_010BDF0018_03303/1067608_DF_010_010BDF0018_03303_RAW.jpg
994595_RS_386_386RS191729_09740,val,Crack,11424,0,359827,d:/current project/SIH PPts/roadsense_webapp/roadsense_webapp/Cracks-and-Potholes-in-Road-Images-Dataset-master/Cracks-and-Potholes-in-Road-Images-Dataset-master/Dataset/994595_RS_386_386RS191729_09740/994595_RS_386_386RS191729_09740_RAW.jpg
1014684_RS_386_386RS124739_30345,train,Crack,6454,0,399975,d:/current project/SIH PPts/roadsense_webapp/roadsense_webapp/Cracks-and-Potholes-in-Road-Images-Dataset-master/Cracks-and-Potholes-in-Road-Images-Dataset-master/Dataset/1014684_RS_386_386RS124739_30345/1014684_RS_386_386RS124739_30345_RAW.jpg
883076_RS_290_290RS150131_16110,train,Pothole,0,94554,351049,d:/current project/SIH PPts/roadsense_webapp/roadsense_webapp/Cracks-and-Potholes-in-Road-Images-Dataset-master/Cracks-and-Potholes-in-Road-Images-Dataset-master/Dataset/883076_RS_290_290RS150131_16110/883076_RS_290_290RS150131_16110_RAW.jpg
1092978_DF_251_251BDF0052_00905,train,Crack,1723,0,356346,d:/current project/SIH PPts/roadsense_webapp/roadsense_webapp/Cracks-and-Potholes-in-Road-Images-Dataset-master/Cracks-and-Potholes-in-Road-Images-Dataset-master/Dataset/1092978_DF_251_251BDF0052_00905/1092978_DF_251_251BDF0052_00905_RAW.jpg
919773_RS_290_290RS294095_32315,val,Crack,4006,0,358738,d:/current project/SIH PPts/roadsense_webapp/roadsense_webapp/Cracks-and-Potholes-in-Road-Images-Dataset-master/Cracks-and-Potholes-in-Road-Images-Dataset-master/Dataset/919773_RS_290_290RS294095_32315/919773_RS_290_290RS294095_32315_RAW.jpg
917227_RS_290_290RS294095_19585,train,Crack,5758,0,367852,d:/current project/SIH PPts/roadsense_webapp/roadsense_webapp/Cracks-and-Potholes-in-Road-Images-Dataset-master/Cracks-and-Potholes-in-Road-Images-Dataset-master/Dataset/917227_RS_290_290RS294095_19585/917227_RS_290_290RS294095_19585_RAW.jpg
1092980_DF_251_251BDF0052_00909,val,Crack,9646,0,367825,d:/current project/SIH PPts/roadsense_webapp/roadsense_webapp/Cracks-and-Potholes-in-Road-Images-Dataset-master/Cracks-and-Potholes-in-Road-Images-Dataset-master/Dataset/1092980_DF_251_251BDF0052_00909/1092980_DF_251_251BDF0052_00909_RAW.jpg
1014907_RS_386_386RS124739_31460,val,Crack,9505,0,374991,d:/current project/SIH PPts/roadsense_webapp/roadsense_webapp/Cracks-and-Potholes-in-Road-Images-Dataset-master/Cracks-and-Potholes-in-Road-Images-Dataset-master/Dataset/1014907_RS_386_386RS124739_31460/1014907_RS_386_386RS124739_31460_RAW.jpg
1091608_DF_251_251BDF0490_00581,train,Crack,1768,0,369362,d:/current project/SIH PPts/roadsense_webapp/roadsense_webapp/Cracks-and-Potholes-in-Road-Images-Dataset-master/Cracks-and-Potholes-in-Road-Images-Dataset-master/Dataset/1091608_DF_251_251BDF0490_00581/1091608_DF_251_251BDF0490_00581_RAW.jpg
1081477_DF_080_080BDF0070_00272,val,Crack,6452,0,338314,d:/current project/SIH PPts/roadsense_webapp/roadsense_webapp/Cracks-and-Potholes-in-Road-Images-Dataset-master/Cracks-and-Potholes-in-Road-Images-Dataset-master/Dataset/1081477_DF_080_080BDF0070_00272/1081477_DF_080_080BDF0070_00272_RAW.jpg
941500_RS_290_290RS070691_00406,train,Pothole,0,782,352301,d:/current project/SIH PPts/roadsense_webapp/roadsense_webapp/Cracks-and-Potholes-in-Road-Images-Dataset-master/Cracks-and-Potholes-in-Road-Images-Dataset-master/Dataset/941500_RS_290_290RS070691_00406/941500_RS_290_290RS070691_00406_RAW.jpg
1093083_DF_251_251BDF0052_01091,val,Crack,25665,0,362288,d:/current project/SIH PPts/roadsense_webapp/roadsense_webapp/Cracks-and-Potholes-in-Road-Images-Dataset-master/Cracks-and-Potholes-in-Road-Images-Dataset-master/Dataset/1093083_DF_251_251BDF0052_01091/1093083_DF_251_251BDF0052_01091_RAW.jpg
1054938_DF_020_020BDF0070_08020,train,Pothole,9515,1547,387484,d:/current project/SIH PPts/roadsense_webapp/roadsense_webapp/Cracks-and-Potholes-in-Road-Images-Dataset-master/Cracks-and-Potholes-in-Road-Images-Dataset-master/Dataset/1054938_DF_020_020BDF0070_08020/1054938_DF_020_020BDF0070_08020_RAW.jpg
1098964_DF_070_070BDF0010_07294,train,Pothole,415,877,384721,d:/current project/SIH PPts/roadsense_webapp/roadsense_webapp/Cracks-and-Potholes-in-Road-Images-Dataset-master/Cracks-and-Potholes-in-Road-Images-Dataset-master/Dataset/1098964_DF_070_070BDF0010_07294/1098964_DF_070_070BDF0010_07294_RAW.jpg
1081496_DF_080_080BDF0070_00307,train,Crack,19815,0,333382,d:/current project/SIH PPts/roadsense_webapp/roadsense_webapp/Cracks-and-Potholes-in-Road-Images-Dataset-master/Cracks-and-Potholes-in-Road-Images-Dataset-master/Dataset/1081496_DF_080_080BDF0070_00307/1081496_DF_080_080BDF0070_00307_RAW.jpg
765272_ES_259_259ES000000_00460,train,Crack,3964,0,402918,d:/current project/SIH PPts/roadsense_webapp/roadsense_webapp/Cracks-and-Potholes-in-Road-Images-Dataset-master/Cracks-and-Potholes-in-Road-Images-Dataset-master/Dataset/765272_ES_259_259ES000000_00460/765272_ES_259_259ES000000_00460_RAW.jpg
1094702_DF_251_251BDF0052_04058,train,Crack,1972,0,374860,d:/current project/SIH PPts/roadsense_webapp/roadsense_webapp/Cracks-and-Potholes-in-Road-Images-Dataset-master/Cracks-and-Potholes-in-Road-Images-Dataset-master/Dataset/1094702_DF_251_251BDF0052_04058/1094702_DF_251_251BDF0052_04058_RAW.jpg
916647_RS_290_290RS294095_16685,train,Crack,5469,0,350742,d:/current project/SIH PPts/roadsense_webapp/roadsense_webapp/Cracks-and-Potholes-in-Road-Images-Dataset-master/Cracks-and-Potholes-in-Road-Images-Dataset-master/Dataset/916647_RS_290_290RS294095_16685/916647_RS_290_290RS294095_16685_RAW.jpg
1093001_DF_251_251BDF0052_00947,train,Crack,3266,0,362075,d:/current project/SIH PPts/roadsense_webapp/roadsense_webapp/Cracks-and-Potholes-in-Road-Images-Dataset-master/Cracks-and-Potholes-in-Road-Images-Dataset-master/Dataset/1093001_DF_251_251BDF0052_00947/1093001_DF_251_251BDF0052_00947_RAW.jpg
1091781_DF_251_251BDF0490_00907,train,Crack,9634,0,352560,d:/current project/SIH PPts/roadsense_webapp/roadsense_webapp/Cracks-and-Potholes-in-Road-Images-Dataset-master/Cracks-and-Potholes-in-Road-Images-Dataset-master/Dataset/1091781_DF_251_251BDF0490_00907/1091781_DF_251_251BDF0490_00907_RAW.jpg
917904_RS_290_290RS294095_22970,train,Crack,6400,0,368547,d:/current project/SIH PPts/roadsense_webapp/roadsense_webapp/Cracks-and-Potholes-in-Road-Images-Dataset-master/Cracks-and-Potholes-in-Road-Images-Dataset-master/Dataset/917904_RS_290_290RS294095_22970/917904_RS_290_290RS294095_22970_RAW.jpg
1092755_DF_251_251BDF0052_00515,train,Crack,8617,0,339270,d:/current project/SIH PPts/roadsense_webapp/roadsense_webapp/Cracks-and-Potholes-in-Road-Images-Dataset-master/Cracks-and-Potholes-in-Road-Images-Dataset-master/Dataset/1092755_DF_251_251BDF0052_00515/1092755_DF_251_251BDF0052_00515_RAW.jpg
917252_RS_290_290RS294095_19710,train,Crack,35302,0,360318,d:/current project/SIH PPts/roadsense_webapp/roadsense_webapp/Cracks-and-Potholes-in-Road-Images-Dataset-master/Cracks-and-Potholes-in-Road-Images-Dataset-master/Dataset/917252_RS_290_290RS294095_19710/917252_RS_290_290RS294095_19710_RAW.jpg
1014803_RS_386_386RS124739_30940,train,Pothole,25788,6572,393070,d:/current project/SIH PPts/roadsense_webapp/roadsense_webapp/Cracks-and-Potholes-in-Road-Images-Dataset-master/Cracks-and-Potholes-in-Road-Images-Dataset-master/Dataset/1014803_RS_386_386RS124739_30940/1014803_RS_386_386RS124739_30940_RAW.jpg
1091727_DF_251_251BDF0490_00805,train,Crack,13017,0,348196,d:/current project/SIH PPts/roadsense_webapp/roadsense_webapp/Cracks-and-Potholes-in-Road-Images-Dataset-master/Cracks-and-Potholes-in-Road-Images-Dataset-master/Dataset/1091727_DF_251_251BDF0490_00805/1091727_DF_251_251BDF0490_00805_RAW.jpg
1093251_DF_251_251BDF0052_01417,train,Crack,5168,0,354101,d:/current project/SIH PPts/roadsense_webapp/roadsense_webapp/Cracks-and-Potholes-in-Road-Images-Dataset-master/Cracks-and-Potholes-in-Road-Images-Dataset-master/Dataset/1093251_DF_251_251BDF0052_01417/1093251_DF_251_251BDF0052_01417_RAW.jpg
1077335_DF_251_251BDF0530_05188,train,Crack,10518,0,345922,d:/current project/SIH PPts/roadsense_webapp/roadsense_webapp/Cracks-and-Potholes-in-Road-Images-Dataset-master/Cracks-and-Potholes-in-Road-Images-Dataset-master/Dataset/1077335_DF_251_251BDF0530_05188/1077335_DF_251_251BDF0530_05188_RAW.jpg
917724_RS_290_290RS294095_22070,train,Pothole,1087,425,364726,d:/current project/SIH PPts/roadsense_webapp/roadsense_webapp/Cracks-and-Potholes-in-Road-Images-Dataset-master/Cracks-and-Potholes-in-Road-Images-Dataset-master/Dataset/917724_RS_290_290RS294095_22070/917724_RS_290_290RS294095_22070_RAW.jpg
1094285_DF_251_251BDF0052_03285,train,Crack,6715,0,357975,d:/current project/SIH PPts/roadsense_webapp/roadsense_webapp/Cracks-and-Potholes-in-Road-Images-Dataset-master/Cracks-and-Potholes-in-Road-Images-Dataset-master/Dataset/1094285_DF_251_251BDF0052_03285/1094285_DF_251_251BDF0052_03285_RAW.jpg
1092826_DF_251_251BDF0052_00638,val,Crack,19520,0,343220,d:/current project/SIH PPts/roadsense_webapp/roadsense_webapp/Cracks-and-Potholes-in-Road-Images-Dataset-master/Cracks-and-Potholes-in-Road-Images-Dataset-master/Dataset/1092826_DF_251_251BDF0052_00638/1092826_DF_251_251BDF0052_00638_RAW.jpg
1014845_RS_386_386RS124739_31150,train,Pothole,25071,955,379458,d:/current project/SIH PPts/roadsense_webapp/roadsense_webapp/Cracks-and-Potholes-in-Road-Images-Dataset-master/Cracks-and-Potholes-in-Road-Images-Dataset-master/Dataset/1014845_RS_386_386RS124739_31150/1014845_RS_386_386RS124739_31150_RAW.jpg
1053938_DF_020_020BDF0070_06163,train,Pothole,1169,4214,371362,d:/current project/SIH PPts/roadsense_webapp/roadsense_webapp/Cracks-and-Potholes-in-Road-Images-Dataset-master/Cracks-and-Potholes-in-Road-Images-Dataset-master/Dataset/1053938_DF_020_020BDF0070_06163/1053938_DF_020_020BDF0070_06163_RAW.jpg
883244_RS_290_290RS150131_16950,val,Pothole,0,21566,337203,d:/current project/SIH PPts/roadsense_webapp/roadsense_webapp/Cracks-and-Potholes-in-Road-Images-Dataset-master/Cracks-and-Potholes-in-Road-Images-Dataset-master/Dataset/883244_RS_290_290RS150131_16950/883244_RS_290_290RS150131_16950_RAW.jpg
1081672_DF_080_080BDF0070_00630,val,Crack,2412,0,336354,d:/current project/SIH PPts/roadsense_webapp/roadsense_webapp/Cracks-and-Potholes-in-Road-Images-Dataset-master/Cracks-and-Potholes-in-Road-Images-Dataset-master/Dataset/1081672_DF_080_080BDF0070_00630/1081672_DF_080_080BDF0070_00630_RAW.jpg
1076640_DF_251_251BDF0530_03895,train,Crack,3924,0,355048,d:/current project/SIH PPts/roadsense_webapp/roadsense_webapp/Cracks-and-Potholes-in-Road-Images-Dataset-master/Cracks-and-Potholes-in-Road-Images-Dataset-master/Dataset/1076640_DF_251_251BDF0530_03895/1076640_DF_251_251BDF0530_03895_RAW.jpg
1014854_RS_386_386RS124739_31196,train,Crack,2232,0,385875,d:/current project/SIH PPts/roadsense_webapp/roadsense_webapp/Cracks-and-Potholes-in-Road-Images-Dataset-master/Cracks-and-Potholes-in-Road-Images-Dataset-master/Dataset/1014854_RS_386_386RS124739_31196/1014854_RS_386_386RS124739_31196_RAW.jpg
1014806_RS_386_386RS124739_30955,train,Crack,2630,0,391457,d:/current project/SIH PPts/roadsense_webapp/roadsense_webapp/Cracks-and-Potholes-in-Road-Images-Dataset-master/Cracks-and-Potholes-in-Road-Images-Dataset-master/Dataset/1014806_RS_386_386RS124739_30955/1014806_RS_386_386RS124739_30955_RAW.jpg
994086_RS_386_386RS191729_07195,val,Crack,10629,0,357852,d:/current project/SIH PPts/roadsense_webapp/roadsense_webapp/Cracks-and-Potholes-in-Road-Images-Dataset-master/Cracks-and-Potholes-in-Road-Images-Dataset-master/Dataset/994086_RS_386_386RS191729_07195/994086_RS_386_386RS191729_07195_RAW.jpg
1067948_DF_010_010BDF0018_04055,train,Pothole,0,817,363785,d:/current project/SIH PPts/roadsense_webapp/roadsense_webapp/Cracks-and-Potholes-in-Road-Images-Dataset-master/Cracks-and-Potholes-in-Road-Images-Dataset-master/Dataset/1067948_DF_010_010BDF0018_04055/1067948_DF_010_010BDF0018_04055_RAW.jpg
1014586_RS_386_386RS124739_29855,val,Crack,13282,0,400494,d:/current project/SIH PPts/roadsense_webapp/roadsense_webapp/Cracks-and-Potholes-in-Road-Images-Dataset-master/Cracks-and-Potholes-in-Road-Images-Dataset-master/Dataset/1014586_RS_386_386RS124739_29855/1014586_RS_386_386RS124739_29855_RAW.jpg
1084318_DF_080_080BDF0090_01454,train,Crack,1756,0,339394,d:/current project/SIH PPts/roadsense_webapp/roadsense_webapp/Cracks-and-Potholes-in-Road-Images-Dataset-master/Cracks-and-Potholes-in-Road-Images-Dataset-master/Dataset/1084318_DF_080_080BDF0090_01454/1084318_DF_080_080BDF0090_01454_RAW.jpg
1053862_DF_020_020BDF0070_06032,train,Crack,2656,0,380277,d:/current project/SIH PPts/roadsense_webapp/roadsense_webapp/Cracks-and-Potholes-in-Road-Images-Dataset-master/Cracks-and-Potholes-in-Road-Images-Dataset-master/Dataset/1053862_DF_020_020BDF0070_06032/1053862_DF_020_020BDF0070_06032_RAW.jpg
917095_RS_290_290RS294095_18925,val,Crack,8545,0,366566,d:/current project/SIH PPts/roadsense_webapp/roadsense_webapp/Cracks-and-Potholes-in-Road-Images-Dataset-master/Cracks-and-Potholes-in-Road-Images-Dataset-master/Dataset/917095_RS_290_290RS294095_18925/917095_RS_290_290RS294095_18925_RAW.jpg
1084264_DF_080_080BDF0090_01353,train,Crack,5615,0,331363,d:/current project/SIH PPts/roadsense_webapp/roadsense_webapp/Cracks-and-Potholes-in-Road-Images-Dataset-master/Cracks-and-Potholes-in-Road-Images-Dataset-master/Dataset/1084264_DF_080_080BDF0090_01353/1084264_DF_080_080BDF0090_01353_RAW.jpg
919789_RS_290_290RS294095_32395,train,Crack,9497,0,351498,d:/current project/SIH PPts/roadsense_webapp/roadsense_webapp/Cracks-and-Potholes-in-Road-Images-Dataset-master/Cracks-and-Potholes-in-Road-Images-Dataset-master/Dataset/919789_RS_290_290RS294095_32395/919789_RS_290_290RS294095_32395_RAW.jpg
1068381_DF_010_010BDF0018_04986,train,Pothole,0,519,397062,d:/current project/SIH PPts/roadsense_webapp/roadsense_webapp/Cracks-and-Potholes-in-Road-Images-Dataset-master/Cracks-and-Potholes-in-Road-Images-Dataset-master/Dataset/1068381_DF_010_010BDF0018_04986/1068381_DF_010_010BDF0018_04986_RAW.jpg
1025856_RS_386_386RS169832_09020,train,Pothole,1172,2237,396499,d:/current project/SIH PPts/roadsense_webapp/roadsense_webapp/Cracks-and-Potholes-in-Road-Images-Dataset-master/Cracks-and-Potholes-in-Road-Images-Dataset-master/Dataset/1025856_RS_386_386RS169832_09020/1025856_RS_386_386RS169832_09020_RAW.jpg
1076331_DF_251_251BDF0530_03319,train,Crack,8286,0,354805,d:/current project/SIH PPts/roadsense_webapp/roadsense_webapp/Cracks-and-Potholes-in-Road-Images-Dataset-master/Cracks-and-Potholes-in-Road-Images-Dataset-master/Dataset/1076331_DF_251_251BDF0530_03319/1076331_DF_251_251BDF0530_03319_RAW.jpg
883139_RS_290_290RS150131_16425,train,Pothole,0,3564,364893,d:/current project/SIH PPts/roadsense_webapp/roadsense_webapp/Cracks-and-Potholes-in-Road-Images-Dataset-master/Cracks-and-Potholes-in-Road-Images-Dataset-master/Dataset/883139_RS_290_290RS150131_16425/883139_RS_290_290RS150131_16425_RAW.jpg
992836_RS_386_386RS191729_00945,train,Pothole,4293,1507,375643,d:/current project/SIH PPts/roadsense_webapp/roadsense_webapp/Cracks-and-Potholes-in-Road-Images-Dataset-master/Cracks-and-Potholes-in-Road-Images-Dataset-master/Dataset/992836_RS_386_386RS191729_00945/992836_RS_386_386RS191729_00945_RAW.jpg
1091703_DF_251_251BDF0490_00760,train,Crack,15002,0,358873,d:/current project/SIH PPts/roadsense_webapp/roadsense_webapp/Cracks-and-Potholes-in-Road-Images-Dataset-master/Cracks-and-Potholes-in-Road-Images-Dataset-master/Dataset/1091703_DF_251_251BDF0490_00760/1091703_DF_251_251BDF0490_00760_RAW.jpg
1078403_DF_010_010BDF0030_1_00189,train,Pothole,0,425,380820,d:/current project/SIH PPts/roadsense_webapp/roadsense_webapp/Cracks-and-Potholes-in-Road-Images-Dataset-master/Cracks-and-Potholes-in-Road-Images-Dataset-master/Dataset/1078403_DF_010_010BDF0030_1_00189/1078403_DF_010_010BDF0030_1_00189_RAW.jpg
992931_RS_386_386RS191729_01420,train,Pothole,4791,14676,368575,d:/current project/SIH PPts/roadsense_webapp/roadsense_webapp/Cracks-and-Potholes-in-Road-Images-Dataset-master/Cracks-and-Potholes-in-Road-Images-Dataset-master/Dataset/992931_RS_386_386RS191729_01420/992931_RS_386_386RS191729_01420_RAW.jpg
1081678_DF_080_080BDF0070_00641,train,Crack,8719,0,319091,d:/current project/SIH PPts/roadsense_webapp/roadsense_webapp/Cracks-and-Potholes-in-Road-Images-Dataset-master/Cracks-and-Potholes-in-Road-Images-Dataset-master/Dataset/1081678_DF_080_080BDF0070_00641/1081678_DF_080_080BDF0070_00641_RAW.jpg
919209_RS_290_290RS294095_29495,val,Crack,4394,0,368655,d:/current project/SIH PPts/roadsense_webapp/roadsense_webapp/Cracks-and-Potholes-in-Road-Images-Dataset-master/Cracks-and-Potholes-in-Road-Images-Dataset-master/Dataset/919209_RS_290_290RS294095_29495/919209_RS_290_290RS294095_29495_RAW.jpg
883256_RS_290_290RS150131_17010,train,Pothole,0,21622,335997,d:/current project/SIH PPts/roadsense_webapp/roadsense_webapp/Cracks-and-Potholes-in-Road-Images-Dataset-master/Cracks-and-Potholes-in-Road-Images-Dataset-master/Dataset/883256_RS_290_290RS150131_17010/883256_RS_290_290RS150131_17010_RAW.jpg
917391_RS_290_290RS294095_20405,train,Crack,4112,0,345444,d:/current project/SIH PPts/roadsense_webapp/roadsense_webapp/Cracks-and-Potholes-in-Road-Images-Dataset-master/Cracks-and-Potholes-in-Road-Images-Dataset-master/Dataset/917391_RS_290_290RS294095_20405/917391_RS_290_290RS294095_20405_RAW.jpg
1093928_DF_251_251BDF0052_02622,train,Pothole,2204,861,350183,d:/current project/SIH PPts/roadsense_webapp/roadsense_webapp/Cracks-and-Potholes-in-Road-Images-Dataset-master/Cracks-and-Potholes-in-Road-Images-Dataset-master/Dataset/1093928_DF_251_251BDF0052_02622/1093928_DF_251_251BDF0052_02622_RAW.jpg
919294_RS_290_290RS294095_29920,train,Crack,9517,0,347955,d:/current project/SIH PPts/roadsense_webapp/roadsense_webapp/Cracks-and-Potholes-in-Road-Images-Dataset-master/Cracks-and-Potholes-in-Road-Images-Dataset-master/Dataset/919294_RS_290_290RS294095_29920/919294_RS_290_290RS294095_29920_RAW.jpg
1014917_RS_386_386RS124739_31510,train,Normal,1122,0,368919,d:/current project/SIH PPts/roadsense_webapp/roadsense_webapp/Cracks-and-Potholes-in-Road-Images-Dataset-master/Cracks-and-Potholes-in-Road-Images-Dataset-master/Dataset/1014917_RS_386_386RS124739_31510/1014917_RS_386_386RS124739_31510_RAW.jpg
1081818_DF_080_080BDF0070_00900,train,Crack,17761,0,332000,d:/current project/SIH PPts/roadsense_webapp/roadsense_webapp/Cracks-and-Potholes-in-Road-Images-Dataset-master/Cracks-and-Potholes-in-Road-Images-Dataset-master/Dataset/1081818_DF_080_080BDF0070_00900/1081818_DF_080_080BDF0070_00900_RAW.jpg
1014893_RS_386_386RS124739_31390,val,Crack,22642,0,372607,d:/current project/SIH PPts/roadsense_webapp/roadsense_webapp/Cracks-and-Potholes-in-Road-Images-Dataset-master/Cracks-and-Potholes-in-Road-Images-Dataset-master/Dataset/1014893_RS_386_386RS124739_31390/1014893_RS_386_386RS124739_31390_RAW.jpg
1051465_DF_020_020BDF0070_01101,train,Pothole,1183,2803,377065,d:/current project/SIH PPts/roadsense_webapp/roadsense_webapp/Cracks-and-Potholes-in-Road-Images-Dataset-master/Cracks-and-Potholes-in-Road-Images-Dataset-master/Dataset/1051465_DF_020_020BDF0070_01101/1051465_DF_020_020BDF0070_01101_RAW.jpg
1096016_DF_070_070BDF0010_01950,train,Pothole,0,1242,392262,d:/current project/SIH PPts/roadsense_webapp/roadsense_webapp/Cracks-and-Potholes-in-Road-Images-Dataset-master/Cracks-and-Potholes-in-Road-Images-Dataset-master/Dataset/1096016_DF_070_070BDF0010_01950/1096016_DF_070_070BDF0010_01950_RAW.jpg
1083759_DF_080_080BDF0090_00306,train,Crack,2310,0,333219,d:/current project/SIH PPts/roadsense_webapp/roadsense_webapp/Cracks-and-Potholes-in-Road-Images-Dataset-master/Cracks-and-Potholes-in-Road-Images-Dataset-master/Dataset/1083759_DF_080_080BDF0090_00306/1083759_DF_080_080BDF0090_00306_RAW.jpg
917337_RS_290_290RS294095_20135,val,Crack,7531,0,356382,d:/current project/SIH PPts/roadsense_webapp/roadsense_webapp/Cracks-and-Potholes-in-Road-Images-Dataset-master/Cracks-and-Potholes-in-Road-Images-Dataset-master/Dataset/917337_RS_290_290RS294095_20135/917337_RS_290_290RS294095_20135_RAW.jpg
994602_RS_386_386RS191729_09775,train,Crack,30218,0,357109,d:/current project/SIH PPts/roadsense_webapp/roadsense_webapp/Cracks-and-Potholes-in-Road-Images-Dataset-master/Cracks-and-Potholes-in-Road-Images-Dataset-master/Dataset/994602_RS_386_386RS191729_09775/994602_RS_386_386RS191729_09775_RAW.jpg
1055790_DF_020_020BDF0070_09603,train,Pothole,181,880,375131,d:/current project/SIH PPts/roadsense_webapp/roadsense_webapp/Cracks-and-Potholes-in-Road-Images-Dataset-master/Cracks-and-Potholes-in-Road-Images-Dataset-master/Dataset/1055790_DF_020_020BDF0070_09603/1055790_DF_020_020BDF0070_09603_RAW.jpg
1014843_RS_386_386RS124739_31140,train,Pothole,18587,1258,385820,d:/current project/SIH PPts/roadsense_webapp/roadsense_webapp/Cracks-and-Potholes-in-Road-Images-Dataset-master/Cracks-and-Potholes-in-Road-Images-Dataset-master/Dataset/1014843_RS_386_386RS124739_31140/1014843_RS_386_386RS124739_31140_RAW.jpg
1092957_DF_251_251BDF0052_00869,train,Crack,2657,0,358557,d:/current project/SIH PPts/roadsense_webapp/roadsense_webapp/Cracks-and-Potholes-in-Road-Images-Dataset-master/Cracks-and-Potholes-in-Road-Images-Dataset-master/Dataset/1092957_DF_251_251BDF0052_00869/1092957_DF_251_251BDF0052_00869_RAW.jpg
941599_RS_290_290RS070691_00900,train,Pothole,0,55912,375930,d:/current project/SIH PPts/roadsense_webapp/roadsense_webapp/Cracks-and-Potholes-in-Road-Images-Dataset-master/Cracks-and-Potholes-in-Road-Images-Dataset-master/Dataset/941599_RS_290_290RS070691_00900/941599_RS_290_290RS070691_00900_RAW.jpg
1081738_DF_080_080BDF0070_00749,train,Normal,413,0,348862,d:/current project/SIH PPts/roadsense_webapp/roadsense_webapp/Cracks-and-Potholes-in-Road-Images-Dataset-master/Cracks-and-Potholes-in-Road-Images-Dataset-master/Dataset/1081738_DF_080_080BDF0070_00749/1081738_DF_080_080BDF0070_00749_RAW.jpg
917094_RS_290_290RS294095_18920,train,Crack,10118,0,361706,d:/current project/SIH PPts/roadsense_webapp/roadsense_webapp/Cracks-and-Potholes-in-Road-Images-Dataset-master/Cracks-and-Potholes-in-Road-Images-Dataset-master/Dataset/917094_RS_290_290RS294095_18920/917094_RS_290_290RS294095_18920_RAW.jpg
1081676_DF_080_080BDF0070_00638,train,Crack,13510,0,318293,d:/current project/SIH PPts/roadsense_webapp/roadsense_webapp/Cracks-and-Potholes-in-Road-Images-Dataset-master/Cracks-and-Potholes-in-Road-Images-Dataset-master/Dataset/1081676_DF_080_080BDF0070_00638/1081676_DF_080_080BDF0070_00638_RAW.jpg
1096866_DF_070_070BDF0010_03480,train,Normal,1005,0,374887,d:/current project/SIH PPts/roadsense_webapp/roadsense_webapp/Cracks-and-Potholes-in-Road-Images-Dataset-master/Cracks-and-Potholes-in-Road-Images-Dataset-master/Dataset/1096866_DF_070_070BDF0010_03480/1096866_DF_070_070BDF0010_03480_RAW.jpg
941887_RS_290_290RS070691_02341,train,Pothole,0,3484,355955,d:/current project/SIH PPts/roadsense_webapp/roadsense_webapp/Cracks-and-Potholes-in-Road-Images-Dataset-master/Cracks-and-Potholes-in-Road-Images-Dataset-master/Dataset/941887_RS_290_290RS070691_02341/941887_RS_290_290RS070691_02341_RAW.jpg
916938_RS_290_290RS294095_18140,train,Pothole,454,684,328580,d:/current project/SIH PPts/roadsense_webapp/roadsense_webapp/Cracks-and-Potholes-in-Road-Images-Dataset-master/Cracks-and-Potholes-in-Road-Images-Dataset-master/Dataset/916938_RS_290_290RS294095_18140/916938_RS_290_290RS294095_18140_RAW.jpg
1085451_DF_080_080BDF0090_03644,train,Pothole,5581,9756,348588,d:/current project/SIH PPts/roadsense_webapp/roadsense_webapp/Cracks-and-Potholes-in-Road-Images-Dataset-master/Cracks-and-Potholes-in-Road-Images-Dataset-master/Dataset/1085451_DF_080_080BDF0090_03644/1085451_DF_080_080BDF0090_03644_RAW.jpg
1092837_DF_251_251BDF0052_00656,train,Crack,7918,0,358030,d:/current project/SIH PPts/roadsense_webapp/roadsense_webapp/Cracks-and-Potholes-in-Road-Images-Dataset-master/Cracks-and-Potholes-in-Road-Images-Dataset-master/Dataset/1092837_DF_251_251BDF0052_00656/1092837_DF_251_251BDF0052_00656_RAW.jpg
919293_RS_290_290RS294095_29915,train,Crack,7768,0,348941,d:/current project/SIH PPts/roadsense_webapp/roadsense_webapp/Cracks-and-Potholes-in-Road-Images-Dataset-master/Cracks-and-Potholes-in-Road-Images-Dataset-master/Dataset/919293_RS_290_290RS294095_29915/919293_RS_290_290RS294095_29915_RAW.jpg
917218_RS_290_290RS294095_19540,train,Crack,12711,0,362739,d:/current project/SIH PPts/roadsense_webapp/roadsense_webapp/Cracks-and-Potholes-in-Road-Images-Dataset-master/Cracks-and-Potholes-in-Road-Images-Dataset-master/Dataset/917218_RS_290_290RS294095_19540/917218_RS_290_290RS294095_19540_RAW.jpg
1092892_DF_251_251BDF0052_00753,train,Crack,13373,0,360189,d:/current project/SIH PPts/roadsense_webapp/roadsense_webapp/Cracks-and-Potholes-in-Road-Images-Dataset-master/Cracks-and-Potholes-in-Road-Images-Dataset-master/Dataset/1092892_DF_251_251BDF0052_00753/1092892_DF_251_251BDF0052_00753_RAW.jpg
1092822_DF_251_251BDF0052_00631,train,Crack,3204,0,346308,d:/current project/SIH PPts/roadsense_webapp/roadsense_webapp/Cracks-and-Potholes-in-Road-Images-Dataset-master/Cracks-and-Potholes-in-Road-Images-Dataset-master/Dataset/1092822_DF_251_251BDF0052_00631/1092822_DF_251_251BDF0052_00631_RAW.jpg
941556_RS_290_290RS070691_00687,train,Pothole,0,11958,357951,d:/current project/SIH PPts/roadsense_webapp/roadsense_webapp/Cracks-and-Potholes-in-Road-Images-Dataset-master/Cracks-and-Potholes-in-Road-Images-Dataset-master/Dataset/941556_RS_290_290RS070691_00687/941556_RS_290_290RS070691_00687_RAW.jpg
883216_RS_290_290RS150131_16811,train,Pothole,0,8547,352954,d:/current project/SIH PPts/roadsense_webapp/roadsense_webapp/Cracks-and-Potholes-in-Road-Images-Dataset-master/Cracks-and-Potholes-in-Road-Images-Dataset-master/Dataset/883216_RS_290_290RS150131_16811/883216_RS_290_290RS150131_16811_RAW.jpg
1092877_DF_251_251BDF0052_00727,train,Crack,7984,0,353663,d:/current project/SIH PPts/roadsense_webapp/roadsense_webapp/Cracks-and-Potholes-in-Road-Images-Dataset-master/Cracks-and-Potholes-in-Road-Images-Dataset-master/Dataset/1092877_DF_251_251BDF0052_00727/1092877_DF_251_251BDF0052_00727_RAW.jpg
1014887_RS_386_386RS124739_31360,train,Crack,9592,0,372366,d:/current project/SIH PPts/roadsense_webapp/roadsense_webapp/Cracks-and-Potholes-in-Road-Images-Dataset-master/Cracks-and-Potholes-in-Road-Images-Dataset-master/Dataset/1014887_RS_386_386RS124739_31360/1014887_RS_386_386RS124739_31360_RAW.jpg
1025903_RS_386_386RS169832_09255,val,Crack,8651,0,403716,d:/current project/SIH PPts/roadsense_webapp/roadsense_webapp/Cracks-and-Potholes-in-Road-Images-Dataset-master/Cracks-and-Potholes-in-Road-Images-Dataset-master/Dataset/1025903_RS_386_386RS169832_09255/1025903_RS_386_386RS169832_09255_RAW.jpg
992902_RS_386_386RS191729_01275,train,Pothole,0,980,360876,d:/current project/SIH PPts/roadsense_webapp/roadsense_webapp/Cracks-and-Potholes-in-Road-Images-Dataset-master/Cracks-and-Potholes-in-Road-Images-Dataset-master/Dataset/992902_RS_386_386RS191729_01275/992902_RS_386_386RS191729_01275_RAW.jpg
1075251_DF_251_251BDF0530_01332,train,Pothole,2530,2221,327990,d:/current project/SIH PPts/roadsense_webapp/roadsense_webapp/Cracks-and-Potholes-in-Road-Images-Dataset-master/Cracks-and-Potholes-in-Road-Images-Dataset-master/Dataset/1075251_DF_251_251BDF0530_01332/1075251_DF_251_251BDF0530_01332_RAW.jpg
1014842_RS_386_386RS124739_31135,train,Pothole,33070,767,375432,d:/current project/SIH PPts/roadsense_webapp/roadsense_webapp/Cracks-and-Potholes-in-Road-Images-Dataset-master/Cracks-and-Potholes-in-Road-Images-Dataset-master/Dataset/1014842_RS_386_386RS124739_31135/1014842_RS_386_386RS124739_31135_RAW.jpg
1091927_DF_251_251BDF0490_01185,train,Crack,3468,0,371965,d:/current project/SIH PPts/roadsense_webapp/roadsense_webapp/Cracks-and-Potholes-in-Road-Images-Dataset-master/Cracks-and-Potholes-in-Road-Images-Dataset-master/Dataset/1091927_DF_251_251BDF0490_01185/1091927_DF_251_251BDF0490_01185_RAW.jpg
1054495_DF_020_020BDF0070_07197,train,Pothole,0,2098,341732,d:/current project/SIH PPts/roadsense_webapp/roadsense_webapp/Cracks-and-Potholes-in-Road-Images-Dataset-master/Cracks-and-Potholes-in-Road-Images-Dataset-master/Dataset/1054495_DF_020_020BDF0070_07197/1054495_DF_020_020BDF0070_07197_RAW.jpg
1097236_DF_070_070BDF0010_04137,train,Pothole,0,3016,362501,d:/current project/SIH PPts/roadsense_webapp/roadsense_webapp/Cracks-and-Potholes-in-Road-Images-Dataset-master/Cracks-and-Potholes-in-Road-Images-Dataset-master/Dataset/1097236_DF_070_070BDF0010_04137/1097236_DF_070_070BDF0010_04137_RAW.jpg
1014827_RS_386_386RS124739_31060,val,Crack,7184,0,382316,d:/current project/SIH PPts/roadsense_webapp/roadsense_webapp/Cracks-and-Potholes-in-Road-Images-Dataset-master/Cracks-and-Potholes-in-Road-Images-Dataset-master/Dataset/1014827_RS_386_386RS124739_31060/1014827_RS_386_386RS124739_31060_RAW.jpg
917211_RS_290_290RS294095_19505,train,Crack,9745,0,363884,d:/current project/SIH PPts/roadsense_webapp/roadsense_webapp/Cracks-and-Potholes-in-Road-Images-Dataset-master/Cracks-and-Potholes-in-Road-Images-Dataset-master/Dataset/917211_RS_290_290RS294095_19505/917211_RS_290_290RS294095_19505_RAW.jpg
1058931_DF_010_010BDF0010_06381,val,Normal,1272,0,366248,d:/current project/SIH PPts/roadsense_webapp/roadsense_webapp/Cracks-and-Potholes-in-Road-Images-Dataset-master/Cracks-and-Potholes-in-Road-Images-Dataset-master/Dataset/1058931_DF_010_010BDF0010_06381/1058931_DF_010_010BDF0010_06381_RAW.jpg
1091970_DF_251_251BDF0490_01263,train,Crack,1605,0,362012,d:/current project/SIH PPts/roadsense_webapp/roadsense_webapp/Cracks-and-Potholes-in-Road-Images-Dataset-master/Cracks-and-Potholes-in-Road-Images-Dataset-master/Dataset/1091970_DF_251_251BDF0490_01263/1091970_DF_251_251BDF0490_01263_RAW.jpg
994142_RS_386_386RS191729_07475,train,Crack,7428,0,362144,d:/current project/SIH PPts/roadsense_webapp/roadsense_webapp/Cracks-and-Potholes-in-Road-Images-Dataset-master/Cracks-and-Potholes-in-Road-Images-Dataset-master/Dataset/994142_RS_386_386RS191729_07475/994142_RS_386_386RS191729_07475_RAW.jpg
917108_RS_290_290RS294095_18990,val,Pothole,524,2305,358038,d:/current project/SIH PPts/roadsense_webapp/roadsense_webapp/Cracks-and-Potholes-in-Road-Images-Dataset-master/Cracks-and-Potholes-in-Road-Images-Dataset-master/Dataset/917108_RS_290_290RS294095_18990/917108_RS_290_290RS294095_18990_RAW.jpg
1076608_DF_251_251BDF0530_03838,train,Crack,7446,0,342064,d:/current project/SIH PPts/roadsense_webapp/roadsense_webapp/Cracks-and-Potholes-in-Road-Images-Dataset-master/Cracks-and-Potholes-in-Road-Images-Dataset-master/Dataset/1076608_DF_251_251BDF0530_03838/1076608_DF_251_251BDF0530_03838_RAW.jpg
1014673_RS_386_386RS124739_30290,train,Pothole,0,385,380624,d:/current project/SIH PPts/roadsense_webapp/roadsense_webapp/Cracks-and-Potholes-in-Road-Images-Dataset-master/Cracks-and-Potholes-in-Road-Images-Dataset-master/Dataset/1014673_RS_386_386RS124739_30290/1014673_RS_386_386RS124739_30290_RAW.jpg
994095_RS_386_386RS191729_07240,train,Crack,9267,0,356353,d:/current project/SIH PPts/roadsense_webapp/roadsense_webapp/Cracks-and-Potholes-in-Road-Images-Dataset-master/Cracks-and-Potholes-in-Road-Images-Dataset-master/Dataset/994095_RS_386_386RS191729_07240/994095_RS_386_386RS191729_07240_RAW.jpg
1081494_DF_080_080BDF0070_00303,val,Crack,8959,0,328773,d:/current project/SIH PPts/roadsense_webapp/roadsense_webapp/Cracks-and-Potholes-in-Road-Images-Dataset-master/Cracks-and-Potholes-in-Road-Images-Dataset-master/Dataset/1081494_DF_080_080BDF0070_00303/1081494_DF_080_080BDF0070_00303_RAW.jpg
1094001_DF_251_251BDF0052_02755,train,Crack,8983,0,353137,d:/current project/SIH PPts/roadsense_webapp/roadsense_webapp/Cracks-and-Potholes-in-Road-Images-Dataset-master/Cracks-and-Potholes-in-Road-Images-Dataset-master/Dataset/1094001_DF_251_251BDF0052_02755/1094001_DF_251_251BDF0052_02755_RAW.jpg
1014918_RS_386_386RS124739_31515,train,Crack,3494,0,371533,d:/current project/SIH PPts/roadsense_webapp/roadsense_webapp/Cracks-and-Potholes-in-Road-Images-Dataset-master/Cracks-and-Potholes-in-Road-Images-Dataset-master/Dataset/1014918_RS_386_386RS124739_31515/1014918_RS_386_386RS124739_31515_RAW.jpg
1097209_DF_070_070BDF0010_04090,train,Pothole,0,719,386959,d:/current project/SIH PPts/roadsense_webapp/roadsense_webapp/Cracks-and-Potholes-in-Road-Images-Dataset-master/Cracks-and-Potholes-in-Road-Images-Dataset-master/Dataset/1097209_DF_070_070BDF0010_04090/1097209_DF_070_070BDF0010_04090_RAW.jpg
1092543_DF_251_251BDF0052_00148,train,Crack,9206,0,367667,d:/current project/SIH PPts/roadsense_webapp/roadsense_webapp/Cracks-and-Potholes-in-Road-Images-Dataset-master/Cracks-and-Potholes-in-Road-Images-Dataset-master/Dataset/1092543_DF_251_251BDF0052_00148/1092543_DF_251_251BDF0052_00148_RAW.jpg
1092991_DF_251_251BDF0052_00928,train,Crack,11226,0,365709,d:/current project/SIH PPts/roadsense_webapp/roadsense_webapp/Cracks-and-Potholes-in-Road-Images-Dataset-master/Cracks-and-Potholes-in-Road-Images-Dataset-master/Dataset/1092991_DF_251_251BDF0052_00928/1092991_DF_251_251BDF0052_00928_RAW.jpg
917673_RS_290_290RS294095_21815,train,Pothole,0,19497,361969,d:/current project/SIH PPts/roadsense_webapp/roadsense_webapp/Cracks-and-Potholes-in-Road-Images-Dataset-master/Cracks-and-Potholes-in-Road-Images-Dataset-master/Dataset/917673_RS_290_290RS294095_21815/917673_RS_290_290RS294095_21815_RAW.jpg
917569_RS_290_290RS294095_21295,train,Crack,11340,0,350936,d:/current project/SIH PPts/roadsense_webapp/roadsense_webapp/Cracks-and-Potholes-in-Road-Images-Dataset-master/Cracks-and-Potholes-in-Road-Images-Dataset-master/Dataset/917569_RS_290_290RS294095_21295/917569_RS_290_290RS294095_21295_RAW.jpg
1082212_DF_080_080BDF0070_01703,train,Crack,17535,0,369285,d:/current project/SIH PPts/roadsense_webapp/roadsense_webapp/Cracks-and-Potholes-in-Road-Images-Dataset-master/Cracks-and-Potholes-in-Road-Images-Dataset-master/Dataset/1082212_DF_080_080BDF0070_01703/1082212_DF_080_080BDF0070_01703_RAW.jpg
1093339_DF_251_251BDF0052_01599,train,Crack,8200,0,341338,d:/current project/SIH PPts/roadsense_webapp/roadsense_webapp/Cracks-and-Potholes-in-Road-Images-Dataset-master/Cracks-and-Potholes-in-Road-Images-Dataset-master/Dataset/1093339_DF_251_251BDF0052_01599/1093339_DF_251_251BDF0052_01599_RAW.jpg
1014707_RS_386_386RS124739_30460,train,Crack,8257,0,375180,d:/current project/SIH PPts/roadsense_webapp/roadsense_webapp/Cracks-and-Potholes-in-Road-Images-Dataset-master/Cracks-and-Potholes-in-Road-Images-Dataset-master/Dataset/1014707_RS_386_386RS124739_30460/1014707_RS_386_386RS124739_30460_RAW.jpg
1076685_DF_251_251BDF0530_03978,train,Crack,4339,0,351061,d:/current project/SIH PPts/roadsense_webapp/roadsense_webapp/Cracks-and-Potholes-in-Road-Images-Dataset-master/Cracks-and-Potholes-in-Road-Images-Dataset-master/Dataset/1076685_DF_251_251BDF0530_03978/1076685_DF_251_251BDF0530_03978_RAW.jpg
1081894_DF_080_080BDF0070_01037,train,Pothole,26682,33071,309093,d:/current project/SIH PPts/roadsense_webapp/roadsense_webapp/Cracks-and-Potholes-in-Road-Images-Dataset-master/Cracks-and-Potholes-in-Road-Images-Dataset-master/Dataset/1081894_DF_080_080BDF0070_01037/1081894_DF_080_080BDF0070_01037_RAW.jpg
1097247_DF_070_070BDF0010_04156,val,Pothole,1172,2929,370632,d:/current project/SIH PPts/roadsense_webapp/roadsense_webapp/Cracks-and-Potholes-in-Road-Images-Dataset-master/Cracks-and-Potholes-in-Road-Images-Dataset-master/Dataset/1097247_DF_070_070BDF0010_04156/1097247_DF_070_070BDF0010_04156_RAW.jpg
1046386_DF_060_060BDF0030_01575,train,Pothole,0,989,365034,d:/current project/SIH PPts/roadsense_webapp/roadsense_webapp/Cracks-and-Potholes-in-Road-Images-Dataset-master/Cracks-and-Potholes-in-Road-Images-Dataset-master/Dataset/1046386_DF_060_060BDF0030_01575/1046386_DF_060_060BDF0030_01575_RAW.jpg
917189_RS_290_290RS294095_19395,train,Crack,4834,0,369080,d:/current project/SIH PPts/roadsense_webapp/roadsense_webapp/Cracks-and-Potholes-in-Road-Images-Dataset-master/Cracks-and-Potholes-in-Road-Images-Dataset-master/Dataset/917189_RS_290_290RS294095_19395/917189_RS_290_290RS294095_19395_RAW.jpg
917854_RS_290_290RS294095_22720,train,Crack,5958,0,365803,d:/current project/SIH PPts/roadsense_webapp/roadsense_webapp/Cracks-and-Potholes-in-Road-Images-Dataset-master/Cracks-and-Potholes-in-Road-Images-Dataset-master/Dataset/917854_RS_290_290RS294095_22720/917854_RS_290_290RS294095_22720_RAW.jpg
1075577_DF_251_251BDF0530_01925,val,Crack,5254,0,341074,d:/current project/SIH PPts/roadsense_webapp/roadsense_webapp/Cracks-and-Potholes-in-Road-Images-Dataset-master/Cracks-and-Potholes-in-Road-Images-Dataset-master/Dataset/1075577_DF_251_251BDF0530_01925/1075577_DF_251_251BDF0530_01925_RAW.jpg
1092955_DF_251_251BDF0052_00865,train,Crack,4585,0,342629,d:/current project/SIH PPts/roadsense_webapp/roadsense_webapp/Cracks-and-Potholes-in-Road-Images-Dataset-master/Cracks-and-Potholes-in-Road-Images-Dataset-master/Dataset/1092955_DF_251_251BDF0052_00865/1092955_DF_251_251BDF0052_00865_RAW.jpg
941502_RS_290_290RS070691_00416,train,Pothole,0,6901,359402,d:/current project/SIH PPts/roadsense_webapp/roadsense_webapp/Cracks-and-Potholes-in-Road-Images-Dataset-master/Cracks-and-Potholes-in-Road-Images-Dataset-master/Dataset/941502_RS_290_290RS070691_00416/941502_RS_290_290RS070691_00416_RAW.jpg
941579_RS_290_290RS070691_00800,train,Pothole,0,7030,367377,d:/current project/SIH PPts/roadsense_webapp/roadsense_webapp/Cracks-and-Potholes-in-Road-Images-Dataset-master/Cracks-and-Potholes-in-Road-Images-Dataset-master/Dataset/941579_RS_290_290RS070691_00800/941579_RS_290_290RS070691_00800_RAW.jpg
919757_RS_290_290RS294095_32235,train,Crack,14136,0,357746,d:/current project/SIH PPts/roadsense_webapp/roadsense_webapp/Cracks-and-Potholes-in-Road-Images-Dataset-master/Cracks-and-Potholes-in-Road-Images-Dataset-master/Dataset/919757_RS_290_290RS294095_32235/919757_RS_290_290RS294095_32235_RAW.jpg
1025794_RS_386_386RS169832_08710,train,Pothole,4632,821,394269,d:/current project/SIH PPts/roadsense_webapp/roadsense_webapp/Cracks-and-Potholes-in-Road-Images-Dataset-master/Cracks-and-Potholes-in-Road-Images-Dataset-master/Dataset/1025794_RS_386_386RS169832_08710/1025794_RS_386_386RS169832_08710_RAW.jpg
1081559_DF_080_080BDF0070_00425,train,Crack,7207,0,344213,d:/current project/SIH PPts/roadsense_webapp/roadsense_webapp/Cracks-and-Potholes-in-Road-Images-Dataset-master/Cracks-and-Potholes-in-Road-Images-Dataset-master/Dataset/1081559_DF_080_080BDF0070_00425/1081559_DF_080_080BDF0070_00425_RAW.jpg
918374_RS_290_290RS294095_25320,train,Crack,2269,0,359849,d:/current project/SIH PPts/roadsense_webapp/roadsense_webapp/Cracks-and-Potholes-in-Road-Images-Dataset-master/Cracks-and-Potholes-in-Road-Images-Dataset-master/Dataset/918374_RS_290_290RS294095_25320/918374_RS_290_290RS294095_25320_RAW.jpg
1025793_RS_386_386RS169832_08705,train,Crack,1760,0,397514,d:/current project/SIH PPts/roadsense_webapp/roadsense_webapp/Cracks-and-Potholes-in-Road-Images-Dataset-master/Cracks-and-Potholes-in-Road-Images-Dataset-master/Dataset/1025793_RS_386_386RS169832_08705/1025793_RS_386_386RS169832_08705_RAW.jpg
1025919_RS_386_386RS169832_09335,train,Crack,1538,0,392630,d:/current project/SIH PPts/roadsense_webapp/roadsense_webapp/Cracks-and-Potholes-in-Road-Images-Dataset-master/Cracks-and-Potholes-in-Road-Images-Dataset-master/Dataset/1025919_RS_386_386RS169832_09335/1025919_RS_386_386RS169832_09335_RAW.jpg
941716_RS_290_290RS070691_01485,train,Pothole,0,8527,354788,d:/current project/SIH PPts/roadsense_webapp/roadsense_webapp/Cracks-and-Potholes-in-Road-Images-Dataset-master/Cracks-and-Potholes-in-Road-Images-Dataset-master/Dataset/941716_RS_290_290RS070691_01485/941716_RS_290_290RS070691_01485_RAW.jpg
916109_RS_290_290RS294095_13996,val,Pothole,0,1030,354103,d:/current project/SIH PPts/roadsense_webapp/roadsense_webapp/Cracks-and-Potholes-in-Road-Images-Dataset-master/Cracks-and-Potholes-in-Road-Images-Dataset-master/Dataset/916109_RS_290_290RS294095_13996/916109_RS_290_290RS294095_13996_RAW.jpg
1096028_DF_070_070BDF0010_01972,train,Crack,2773,0,389219,d:/current project/SIH PPts/roadsense_webapp/roadsense_webapp/Cracks-and-Potholes-in-Road-Images-Dataset-master/Cracks-and-Potholes-in-Road-Images-Dataset-master/Dataset/1096028_DF_070_070BDF0010_01972/1096028_DF_070_070BDF0010_01972_RAW.jpg
994590_RS_386_386RS191729_09715,train,Pothole,25980,2154,361676,d:/current project/SIH PPts/roadsense_webapp/roadsense_webapp/Cracks-and-Potholes-in-Road-Images-Dataset-master/Cracks-and-Potholes-in-Road-Images-Dataset-master/Dataset/994590_RS_386_386RS191729_09715/994590_RS_386_386RS191729_09715_RAW.jpg
917874_RS_290_290RS294095_22820,train,Crack,1920,0,368316,d:/current project/SIH PPts/roadsense_webapp/roadsense_webapp/Cracks-and-Potholes-in-Road-Images-Dataset-master/Cracks-and-Potholes-in-Road-Images-Dataset-master/Dataset/917874_RS_290_290RS294095_22820/917874_RS_290_290RS294095_22820_RAW.jpg
1094003_DF_251_251BDF0052_02758,train,Crack,8674,0,349001,d:/current project/SIH PPts/roadsense_webapp/roadsense_webapp/Cracks-and-Potholes-in-Road-Images-Dataset-master/Cracks-and-Potholes-in-Road-Images-Dataset-master/Dataset/1094003_DF_251_251BDF0052_02758/1094003_DF_251_251BDF0052_02758_RAW.jpg
819787_ES_259_259ES000000_00420,train,Crack,11624,0,336721,d:/current project/SIH PPts/roadsense_webapp/roadsense_webapp/Cracks-and-Potholes-in-Road-Images-Dataset-master/Cracks-and-Potholes-in-Road-Images-Dataset-master/Dataset/819787_ES_259_259ES000000_00420/819787_ES_259_259ES000000_00420_RAW.jpg
917131_RS_290_290RS294095_19105,train,Crack,9236,0,363489,d:/current project/SIH PPts/roadsense_webapp/roadsense_webapp/Cracks-and-Potholes-in-Road-Images-Dataset-master/Cracks-and-Potholes-in-Road-Images-Dataset-master/Dataset/917131_RS_290_290RS294095_19105/917131_RS_290_290RS294095_19105_RAW.jpg
1091672_DF_251_251BDF0490_00698,train,Normal,551,0,368907,d:/current project/SIH PPts/roadsense_webapp/roadsense_webapp/Cracks-and-Potholes-in-Road-Images-Dataset-master/Cracks-and-Potholes-in-Road-Images-Dataset-master/Dataset/1091672_DF_251_251BDF0490_00698/1091672_DF_251_251BDF0490_00698_RAW.jpg
1094552_DF_251_251BDF0052_03779,train,Crack,3177,0,346657,d:/current project/SIH PPts/roadsense_webapp/roadsense_webapp/Cracks-and-Potholes-in-Road-Images-Dataset-master/Cracks-and-Potholes-in-Road-Images-Dataset-master/Dataset/1094552_DF_251_251BDF0052_03779/1094552_DF_251_251BDF0052_03779_RAW.jpg
1090503_DF_070_070BDF0050_06238,train,Crack,3213,0,325156,d:/current project/SIH PPts/roadsense_webapp/roadsense_webapp/Cracks-and-Potholes-in-Road-Images-Dataset-master/Cracks-and-Potholes-in-Road-Images-Dataset-master/Dataset/1090503_DF_070_070BDF0050_06238/1090503_DF_070_070BDF0050_06238_RAW.jpg
1025780_RS_386_386RS169832_08640,train,Crack,6359,0,390076,d:/current project/SIH PPts/roadsense_webapp/roadsense_webapp/Cracks-and-Potholes-in-Road-Images-Dataset-master/Cracks-and-Potholes-in-Road-Images-Dataset-master/Dataset/1025780_RS_386_386RS169832_08640/1025780_RS_386_386RS169832_08640_RAW.jpg
917943_RS_290_290RS294095_23165,train,Normal,1339,0,361948,d:/current project/SIH PPts/roadsense_webapp/roadsense_webapp/Cracks-and-Potholes-in-Road-Images-Dataset-master/Cracks-and-Potholes-in-Road-Images-Dataset-master/Dataset/917943_RS_290_290RS294095_23165/917943_RS_290_290RS294095_23165_RAW.jpg
1053802_DF_020_020BDF0070_05927,train,Pothole,7139,604,376036,d:/current project/SIH PPts/roadsense_webapp/roadsense_webapp/Cracks-and-Potholes-in-Road-Images-Dataset-master/Cracks-and-Potholes-in-Road-Images-Dataset-master/Dataset/1053802_DF_020_020BDF0070_05927/1053802_DF_020_020BDF0070_05927_RAW.jpg
1091933_DF_251_251BDF0490_01197,train,Crack,3398,0,354745,d:/current project/SIH PPts/roadsense_webapp/roadsense_webapp/Cracks-and-Potholes-in-Road-Images-Dataset-master/Cracks-and-Potholes-in-Road-Images-Dataset-master/Dataset/1091933_DF_251_251BDF0490_01197/1091933_DF_251_251BDF0490_01197_RAW.jpg
1014663_RS_386_386RS124739_30240,train,Crack,3136,0,375075,d:/current project/SIH PPts/roadsense_webapp/roadsense_webapp/Cracks-and-Potholes-in-Road-Images-Dataset-master/Cracks-and-Potholes-in-Road-Images-Dataset-master/Dataset/1014663_RS_386_386RS124739_30240/1014663_RS_386_386RS124739_30240_RAW.jpg
1025768_RS_386_386RS169832_08580,train,Crack,9136,0,393514,d:/current project/SIH PPts/roadsense_webapp/roadsense_webapp/Cracks-and-Potholes-in-Road-Images-Dataset-master/Cracks-and-Potholes-in-Road-Images-Dataset-master/Dataset/1025768_RS_386_386RS169832_08580/1025768_RS_386_386RS169832_08580_RAW.jpg
917117_RS_290_290RS294095_19035,train,Normal,1482,0,359522,d:/current project/SIH PPts/roadsense_webapp/roadsense_webapp/Cracks-and-Potholes-in-Road-Images-Dataset-master/Cracks-and-Potholes-in-Road-Images-Dataset-master/Dataset/917117_RS_290_290RS294095_19035/917117_RS_290_290RS294095_19035_RAW.jpg
1094551_DF_251_251BDF0052_03777,train,Crack,10905,0,347044,d:/current project/SIH PPts/roadsense_webapp/roadsense_webapp/Cracks-and-Potholes-in-Road-Images-Dataset-master/Cracks-and-Potholes-in-Road-Images-Dataset-master/Dataset/1094551_DF_251_251BDF0052_03777/1094551_DF_251_251BDF0052_03777_RAW.jpg
1076487_DF_251_251BDF0530_03603,train,Crack,16392,0,337833,d:/current project/SIH PPts/roadsense_webapp/roadsense_webapp/Cracks-and-Potholes-in-Road-Images-Dataset-master/Cracks-and-Potholes-in-Road-Images-Dataset-master/Dataset/1076487_DF_251_251BDF0530_03603/1076487_DF_251_251BDF0530_03603_RAW.jpg
994151_RS_386_386RS191729_07522,val,Crack,1524,0,364438,d:/current project/SIH PPts/roadsense_webapp/roadsense_webapp/Cracks-and-Potholes-in-Road-Images-Dataset-master/Cracks-and-Potholes-in-Road-Images-Dataset-master/Dataset/994151_RS_386_386RS191729_07522/994151_RS_386_386RS191729_07522_RAW.jpg
1025898_RS_386_386RS169832_09230,train,Crack,1645,0,404559,d:/current project/SIH PPts/roadsense_webapp/roadsense_webapp/Cracks-and-Potholes-in-Road-Images-Dataset-master/Cracks-and-Potholes-in-Road-Images-Dataset-master/Dataset/1025898_RS_386_386RS169832_09230/1025898_RS_386_386RS169832_09230_RAW.jpg
1091749_DF_251_251BDF0490_00848,train,Crack,2671,0,354220,d:/current project/SIH PPts/roadsense_webapp/roadsense_webapp/Cracks-and-Potholes-in-Road-Images-Dataset-master/Cracks-and-Potholes-in-Road-Images-Dataset-master/Dataset/1091749_DF_251_251BDF0490_00848/1091749_DF_251_251BDF0490_00848_RAW.jpg
1092808_DF_251_251BDF0052_00606,train,Crack,7141,0,339853,d:/current project/SIH PPts/roadsense_webapp/roadsense_webapp/Cracks-and-Potholes-in-Road-Images-Dataset-master/Cracks-and-Potholes-in-Road-Images-Dataset-master/Dataset/1092808_DF_251_251BDF0052_00606/1092808_DF_251_251BDF0052_00606_RAW.jpg
994195_RS_386_386RS191729_07740,val,Normal,773,0,374796,d:/current project/SIH PPts/roadsense_webapp/roadsense_webapp/Cracks-and-Potholes-in-Road-Images-Dataset-master/Cracks-and-Potholes-in-Road-Images-Dataset-master/Dataset/994195_RS_386_386RS191729_07740/994195_RS_386_386RS191729_07740_RAW.jpg
917088_RS_290_290RS294095_18890,train,Crack,13401,0,347524,d:/current project/SIH PPts/roadsense_webapp/roadsense_webapp/Cracks-and-Potholes-in-Road-Images-Dataset-master/Cracks-and-Potholes-in-Road-Images-Dataset-master/Dataset/917088_RS_290_290RS294095_18890/917088_RS_290_290RS294095_18890_RAW.jpg
1092895_DF_251_251BDF0052_00759,train,Crack,6455,0,364689,d:/current project/SIH PPts/roadsense_webapp/roadsense_webapp/Cracks-and-Potholes-in-Road-Images-Dataset-master/Cracks-and-Potholes-in-Road-Images-Dataset-master/Dataset/1092895_DF_251_251BDF0052_00759/1092895_DF_251_251BDF0052_00759_RAW.jpg
1081502_DF_080_080BDF0070_00319,val,Crack,10753,0,340257,d:/current project/SIH PPts/roadsense_webapp/roadsense_webapp/Cracks-and-Potholes-in-Road-Images-Dataset-master/Cracks-and-Potholes-in-Road-Images-Dataset-master/Dataset/1081502_DF_080_080BDF0070_00319/1081502_DF_080_080BDF0070_00319_RAW.jpg
1092948_DF_251_251BDF0052_00851,val,Crack,11773,0,352351,d:/current project/SIH PPts/roadsense_webapp/roadsense_webapp/Cracks-and-Potholes-in-Road-Images-Dataset-master/Cracks-and-Potholes-in-Road-Images-Dataset-master/Dataset/1092948_DF_251_251BDF0052_00851/1092948_DF_251_251BDF0052_00851_RAW.jpg
916875_RS_290_290RS294095_17825,train,Pothole,0,22284,365816,d:/current project/SIH PPts/roadsense_webapp/roadsense_webapp/Cracks-and-Potholes-in-Road-Images-Dataset-master/Cracks-and-Potholes-in-Road-Images-Dataset-master/Dataset/916875_RS_290_290RS294095_17825/916875_RS_290_290RS294095_17825_RAW.jpg
1085404_DF_080_080BDF0090_03552,train,Crack,2148,0,343223,d:/current project/SIH PPts/roadsense_webapp/roadsense_webapp/Cracks-and-Potholes-in-Road-Images-Dataset-master/Cracks-and-Potholes-in-Road-Images-Dataset-master/Dataset/1085404_DF_080_080BDF0090_03552/1085404_DF_080_080BDF0090_03552_RAW.jpg
1084379_DF_080_080BDF0090_01558,train,Crack,2173,0,319947,d:/current project/SIH PPts/roadsense_webapp/roadsense_webapp/Cracks-and-Potholes-in-Road-Images-Dataset-master/Cracks-and-Potholes-in-Road-Images-Dataset-master/Dataset/1084379_DF_080_080BDF0090_01558/1084379_DF_080_080BDF0090_01558_RAW.jpg
1084106_DF_080_080BDF0090_00986,val,Crack,10085,0,334439,d:/current project/SIH PPts/roadsense_webapp/roadsense_webapp/Cracks-and-Potholes-in-Road-Images-Dataset-master/Cracks-and-Potholes-in-Road-Images-Dataset-master/Dataset/1084106_DF_080_080BDF0090_00986/1084106_DF_080_080BDF0090_00986_RAW.jpg
917220_RS_290_290RS294095_19551,val,Crack,9423,0,362877,d:/current project/SIH PPts/roadsense_webapp/roadsense_webapp/Cracks-and-Potholes-in-Road-Images-Dataset-master/Cracks-and-Potholes-in-Road-Images-Dataset-master/Dataset/917220_RS_290_290RS294095_19551/917220_RS_290_290RS294095_19551_RAW.jpg
1091715_DF_251_251BDF0490_00782,train,Crack,2226,0,351506,d:/current project/SIH PPts/roadsense_webapp/roadsense_webapp/Cracks-and-Potholes-in-Road-Images-Dataset-master/Cracks-and-Potholes-in-Road-Images-Dataset-master/Dataset/1091715_DF_251_251BDF0490_00782/1091715_DF_251_251BDF0490_00782_RAW.jpg
1092872_DF_251_251BDF0052_00718,train,Crack,7110,0,358119,d:/current project/SIH PPts/roadsense_webapp/roadsense_webapp/Cracks-and-Potholes-in-Road-Images-Dataset-master/Cracks-and-Potholes-in-Road-Images-Dataset-master/Dataset/1092872_DF_251_251BDF0052_00718/1092872_DF_251_251BDF0052_00718_RAW.jpg
883276_RS_290_290RS150131_17110,train,Pothole,0,15898,342231,d:/current project/SIH PPts/roadsense_webapp/roadsense_webapp/Cracks-and-Potholes-in-Road-Images-Dataset-master/Cracks-and-Potholes-in-Road-Images-Dataset-master/Dataset/883276_RS_290_290RS150131_17110/883276_RS_290_290RS150131_17110_RAW.jpg
919204_RS_290_290RS294095_29470,train,Crack,2670,0,365203,d:/current project/SIH PPts/roadsense_webapp/roadsense_webapp/Cracks-and-Potholes-in-Road-Images-Dataset-master/Cracks-and-Potholes-in-Road-Images-Dataset-master/Dataset/919204_RS_290_290RS294095_29470/919204_RS_290_290RS294095_29470_RAW.jpg
1014911_RS_386_386RS124739_31480,train,Normal,1044,0,373942,d:/current project/SIH PPts/roadsense_webapp/roadsense_webapp/Cracks-and-Potholes-in-Road-Images-Dataset-master/Cracks-and-Potholes-in-Road-Images-Dataset-master/Dataset/1014911_RS_386_386RS124739_31480/1014911_RS_386_386RS124739_31480_RAW.jpg
1092660_DF_251_251BDF0052_00348,train,Pothole,12919,1131,361164,d:/current project/SIH PPts/roadsense_webapp/roadsense_webapp/Cracks-and-Potholes-in-Road-Images-Dataset-master/Cracks-and-Potholes-in-Road-Images-Dataset-master/Dataset/1092660_DF_251_251BDF0052_00348/1092660_DF_251_251BDF0052_00348_RAW.jpg
1053957_DF_020_020BDF0070_06199,train,Pothole,998,3105,357509,d:/current project/SIH PPts/roadsense_webapp/roadsense_webapp/Cracks-and-Potholes-in-Road-Images-Dataset-master/Cracks-and-Potholes-in-Road-Images-Dataset-master/Dataset/1053957_DF_020_020BDF0070_06199/1053957_DF_020_020BDF0070_06199_RAW.jpg
1025767_RS_386_386RS169832_08575,train,Crack,8526,0,390498,d:/current project/SIH PPts/roadsense_webapp/roadsense_webapp/Cracks-and-Potholes-in-Road-Images-Dataset-master/Cracks-and-Potholes-in-Road-Images-Dataset-master/Dataset/1025767_RS_386_386RS169832_08575/1025767_RS_386_386RS169832_08575_RAW.jpg
919726_RS_290_290RS294095_32080,train,Crack,7749,0,367992,d:/current project/SIH PPts/roadsense_webapp/roadsense_webapp/Cracks-and-Potholes-in-Road-Images-Dataset-master/Cracks-and-Potholes-in-Road-Images-Dataset-master/Dataset/919726_RS_290_290RS294095_32080/919726_RS_290_290RS294095_32080_RAW.jpg
1014620_RS_386_386RS124739_30026,train,Crack,2981,0,412060,d:/current project/SIH PPts/roadsense_webapp/roadsense_webapp/Cracks-and-Potholes-in-Road-Images-Dataset-master/Cracks-and-Potholes-in-Road-Images-Dataset-master/Dataset/1014620_RS_386_386RS124739_30026/1014620_RS_386_386RS124739_30026_RAW.jpg
765254_ES_259_259ES000000_00370,val,Pothole,1359,2772,403798,d:/current project/SIH PPts/roadsense_webapp/roadsense_webapp/Cracks-and-Potholes-in-Road-Images-Dataset-master/Cracks-and-Potholes-in-Road-Images-Dataset-master/Dataset/765254_ES_259_259ES000000_00370/765254_ES_259_259ES000000_00370_RAW.jpg
917292_RS_290_290RS294095_19910,train,Crack,9888,0,356757,d:/current project/SIH PPts/roadsense_webapp/roadsense_webapp/Cracks-and-Potholes-in-Road-Images-Dataset-master/Cracks-and-Potholes-in-Road-Images-Dataset-master/Dataset/917292_RS_290_290RS294095_19910/917292_RS_290_290RS294095_19910_RAW.jpg
917199_RS_290_290RS294095_19445,train,Crack,6217,0,368929,d:/current project/SIH PPts/roadsense_webapp/roadsense_webapp/Cracks-and-Potholes-in-Road-Images-Dataset-master/Cracks-and-Potholes-in-Road-Images-Dataset-master/Dataset/917199_RS_290_290RS294095_19445/917199_RS_290_290RS294095_19445_RAW.jpg
1014889_RS_386_386RS124739_31370,train,Pothole,28908,9662,376147,d:/current project/SIH PPts/roadsense_webapp/roadsense_webapp/Cracks-and-Potholes-in-Road-Images-Dataset-master/Cracks-and-Potholes-in-Road-Images-Dataset-master/Dataset/1014889_RS_386_386RS124739_31370/1014889_RS_386_386RS124739_31370_RAW.jpg
883066_RS_290_290RS150131_16060,train,Pothole,0,101657,354434,d:/current project/SIH PPts/roadsense_webapp/roadsense_webapp/Cracks-and-Potholes-in-Road-Images-Dataset-master/Cracks-and-Potholes-in-Road-Images-Dataset-master/Dataset/883066_RS_290_290RS150131_16060/883066_RS_290_290RS150131_16060_RAW.jpg
917784_RS_290_290RS294095_22370,train,Crack,8195,0,370898,d:/current project/SIH PPts/roadsense_webapp/roadsense_webapp/Cracks-and-Potholes-in-Road-Images-Dataset-master/Cracks-and-Potholes-in-Road-Images-Dataset-master/Dataset/917784_RS_290_290RS294095_22370/917784_RS_290_290RS294095_22370_RAW.jpg
916337_RS_290_290RS294095_15137,val,Crack,4678,0,366509,d:/current project/SIH PPts/roadsense_webapp/roadsense_webapp/Cracks-and-Potholes-in-Road-Images-Dataset-master/Cracks-and-Potholes-in-Road-Images-Dataset-master/Dataset/916337_RS_290_290RS294095_15137/916337_RS_290_290RS294095_15137_RAW.jpg
994582_RS_386_386RS191729_09675,train,Crack,20668,0,361539,d:/current project/SIH PPts/roadsense_webapp/roadsense_webapp/Cracks-and-Potholes-in-Road-Images-Dataset-master/Cracks-and-Potholes-in-Road-Images-Dataset-master/Dataset/994582_RS_386_386RS191729_09675/994582_RS_386_386RS191729_09675_RAW.jpg
1014648_RS_386_386RS124739_30165,train,Crack,4273,0,361355,d:/current project/SIH PPts/roadsense_webapp/roadsense_webapp/Cracks-and-Potholes-in-Road-Images-Dataset-master/Cracks-and-Potholes-in-Road-Images-Dataset-master/Dataset/1014648_RS_386_386RS124739_30165/1014648_RS_386_386RS124739_30165_RAW.jpg
1077245_DF_251_251BDF0530_05023,train,Crack,5306,0,351823,d:/current project/SIH PPts/roadsense_webapp/roadsense_webapp/Cracks-and-Potholes-in-Road-Images-Dataset-master/Cracks-and-Potholes-in-Road-Images-Dataset-master/Dataset/1077245_DF_251_251BDF0530_05023/1077245_DF_251_251BDF0530_05023_RAW.jpg
916648_RS_290_290RS294095_16690,train,Crack,7662,0,348016,d:/current project/SIH PPts/roadsense_webapp/roadsense_webapp/Cracks-and-Potholes-in-Road-Images-Dataset-master/Cracks-and-Potholes-in-Road-Images-Dataset-master/Dataset/916648_RS_290_290RS294095_16690/916648_RS_290_290RS294095_16690_RAW.jpg
1081507_DF_080_080BDF0070_00328,train,Crack,7775,0,331089,d:/current project/SIH PPts/roadsense_webapp/roadsense_webapp/Cracks-and-Potholes-in-Road-Images-Dataset-master/Cracks-and-Potholes-in-Road-Images-Dataset-master/Dataset/1081507_DF_080_080BDF0070_00328/1081507_DF_080_080BDF0070_00328_RAW.jpg
941633_RS_290_290RS070691_01071,train,Pothole,0,3579,358250,d:/current project/SIH PPts/roadsense_webapp/roadsense_webapp/Cracks-and-Potholes-in-Road-Images-Dataset-master/Cracks-and-Potholes-in-Road-Images-Dataset-master/Dataset/941633_RS_290_290RS070691_01071/941633_RS_290_290RS070691_01071_RAW.jpg
1082217_DF_080_080BDF0070_01718,val,Crack,18729,0,361625,d:/current project/SIH PPts/roadsense_webapp/roadsense_webapp/Cracks-and-Potholes-in-Road-Images-Dataset-master/Cracks-and-Potholes-in-Road-Images-Dataset-master/Dataset/1082217_DF_080_080BDF0070_01718/1082217_DF_080_080BDF0070_01718_RAW.jpg
941978_RS_290_290RS070691_02795,val,Pothole,0,842,371298,d:/current project/SIH PPts/roadsense_webapp/roadsense_webapp/Cracks-and-Potholes-in-Road-Images-Dataset-master/Cracks-and-Potholes-in-Road-Images-Dataset-master/Dataset/941978_RS_290_290RS070691_02795/941978_RS_290_290RS070691_02795_RAW.jpg
916868_RS_290_290RS294095_17790,train,Crack,3188,0,372828,d:/current project/SIH PPts/roadsense_webapp/roadsense_webapp/Cracks-and-Potholes-in-Road-Images-Dataset-master/Cracks-and-Potholes-in-Road-Images-Dataset-master/Dataset/916868_RS_290_290RS294095_17790/916868_RS_290_290RS294095_17790_RAW.jpg
1092854_DF_251_251BDF0052_00687,train,Crack,4920,0,369156,d:/current project/SIH PPts/roadsense_webapp/roadsense_webapp/Cracks-and-Potholes-in-Road-Images-Dataset-master/Cracks-and-Potholes-in-Road-Images-Dataset-master/Dataset/1092854_DF_251_251BDF0052_00687/1092854_DF_251_251BDF0052_00687_RAW.jpg
1014610_RS_386_386RS124739_29975,train,Normal,1067,0,389363,d:/current project/SIH PPts/roadsense_webapp/roadsense_webapp/Cracks-and-Potholes-in-Road-Images-Dataset-master/Cracks-and-Potholes-in-Road-Images-Dataset-master/Dataset/1014610_RS_386_386RS124739_29975/1014610_RS_386_386RS124739_29975_RAW.jpg
1081806_DF_080_080BDF0070_00878,train,Crack,17408,0,328550,d:/current project/SIH PPts/roadsense_webapp/roadsense_webapp/Cracks-and-Potholes-in-Road-Images-Dataset-master/Cracks-and-Potholes-in-Road-Images-Dataset-master/Dataset/1081806_DF_080_080BDF0070_00878/1081806_DF_080_080BDF0070_00878_RAW.jpg
1092078_DF_251_251BDF0490_01463,train,Crack,5644,0,358862,d:/current project/SIH PPts/roadsense_webapp/roadsense_webapp/Cracks-and-Potholes-in-Road-Images-Dataset-master/Cracks-and-Potholes-in-Road-Images-Dataset-master/Dataset/1092078_DF_251_251BDF0490_01463/1092078_DF_251_251BDF0490_01463_RAW.jpg
1014862_RS_386_386RS124739_31235,train,Crack,20702,0,392835,d:/current project/SIH PPts/roadsense_webapp/roadsense_webapp/Cracks-and-Potholes-in-Road-Images-Dataset-master/Cracks-and-Potholes-in-Road-Images-Dataset-master/Dataset/1014862_RS_386_386RS124739_31235/1014862_RS_386_386RS124739_31235_RAW.jpg
883135_RS_290_290RS150131_16405,train,Pothole,0,6827,367594,d:/current project/SIH PPts/roadsense_webapp/roadsense_webapp/Cracks-and-Potholes-in-Road-Images-Dataset-master/Cracks-and-Potholes-in-Road-Images-Dataset-master/Dataset/883135_RS_290_290RS150131_16405/883135_RS_290_290RS150131_16405_RAW.jpg
1093084_DF_251_251BDF0052_01092,train,Crack,21963,0,368438,d:/current project/SIH PPts/roadsense_webapp/roadsense_webapp/Cracks-and-Potholes-in-Road-Images-Dataset-master/Cracks-and-Potholes-in-Road-Images-Dataset-master/Dataset/1093084_DF_251_251BDF0052_01092/1093084_DF_251_251BDF0052_01092_RAW.jpg
1025790_RS_386_386RS169832_08691,train,Pothole,7938,1868,400072,d:/current project/SIH PPts/roadsense_webapp/roadsense_webapp/Cracks-and-Potholes-in-Road-Images-Dataset-master/Cracks-and-Potholes-in-Road-Images-Dataset-master/Dataset/1025790_RS_386_386RS169832_08691/1025790_RS_386_386RS169832_08691_RAW.jpg
1091618_DF_251_251BDF0490_00599,val,Crack,8726,0,350814,d:/current project/SIH PPts/roadsense_webapp/roadsense_webapp/Cracks-and-Potholes-in-Road-Images-Dataset-master/Cracks-and-Potholes-in-Road-Images-Dataset-master/Dataset/1091618_DF_251_251BDF0490_00599/1091618_DF_251_251BDF0490_00599_RAW.jpg
941606_RS_290_290RS070691_00935,train,Pothole,0,61232,375043,d:/current project/SIH PPts/roadsense_webapp/roadsense_webapp/Cracks-and-Potholes-in-Road-Images-Dataset-master/Cracks-and-Potholes-in-Road-Images-Dataset-master/Dataset/941606_RS_290_290RS070691_00935/941606_RS_290_290RS070691_00935_RAW.jpg
1091730_DF_251_251BDF0490_00811,val,Crack,5153,0,352988,d:/current project/SIH PPts/roadsense_webapp/roadsense_webapp/Cracks-and-Potholes-in-Road-Images-Dataset-master/Cracks-and-Potholes-in-Road-Images-Dataset-master/Dataset/1091730_DF_251_251BDF0490_00811/1091730_DF_251_251BDF0490_00811_RAW.jpg
916939_RS_290_290RS294095_18145,val,Pothole,2075,2466,333614,d:/current project/SIH PPts/roadsense_webapp/roadsense_webapp/Cracks-and-Potholes-in-Road-Images-Dataset-master/Cracks-and-Potholes-in-Road-Images-Dataset-master/Dataset/916939_RS_290_290RS294095_18145/916939_RS_290_290RS294095_18145_RAW.jpg
917402_RS_290_290RS294095_20460,val,Crack,9767,0,348246,d:/current project/SIH PPts/roadsense_webapp/roadsense_webapp/Cracks-and-Potholes-in-Road-Images-Dataset-master/Cracks-and-Potholes-in-Road-Images-Dataset-master/Dataset/917402_RS_290_290RS294095_20460/917402_RS_290_290RS294095_20460_RAW.jpg
1075536_DF_251_251BDF0530_01851,train,Crack,20480,0,354528,d:/current project/SIH PPts/roadsense_webapp/roadsense_webapp/Cracks-and-Potholes-in-Road-Images-Dataset-master/Cracks-and-Potholes-in-Road-Images-Dataset-master/Dataset/1075536_DF_251_251BDF0530_01851/1075536_DF_251_251BDF0530_01851_RAW.jpg
994141_RS_386_386RS191729_07470,val,Normal,860,0,365224,d:/current project/SIH PPts/roadsense_webapp/roadsense_webapp/Cracks-and-Potholes-in-Road-Images-Dataset-master/Cracks-and-Potholes-in-Road-Images-Dataset-master/Dataset/994141_RS_386_386RS191729_07470/994141_RS_386_386RS191729_07470_RAW.jpg
919195_RS_290_290RS294095_29425,train,Crack,10744,0,364642,d:/current project/SIH PPts/roadsense_webapp/roadsense_webapp/Cracks-and-Potholes-in-Road-Images-Dataset-master/Cracks-and-Potholes-in-Road-Images-Dataset-master/Dataset/919195_RS_290_290RS294095_29425/919195_RS_290_290RS294095_29425_RAW.jpg
1083773_DF_080_080BDF0090_00332,train,Crack,4276,0,349141,d:/current project/SIH PPts/roadsense_webapp/roadsense_webapp/Cracks-and-Potholes-in-Road-Images-Dataset-master/Cracks-and-Potholes-in-Road-Images-Dataset-master/Dataset/1083773_DF_080_080BDF0090_00332/1083773_DF_080_080BDF0090_00332_RAW.jpg
941646_RS_290_290RS070691_01135,train,Pothole,0,1698,353942,d:/current project/SIH PPts/roadsense_webapp/roadsense_webapp/Cracks-and-Potholes-in-Road-Images-Dataset-master/Cracks-and-Potholes-in-Road-Images-Dataset-master/Dataset/941646_RS_290_290RS070691_01135/941646_RS_290_290RS070691_01135_RAW.jpg
1014584_RS_386_386RS124739_29845,train,Normal,1104,0,405212,d:/current project/SIH PPts/roadsense_webapp/roadsense_webapp/Cracks-and-Potholes-in-Road-Images-Dataset-master/Cracks-and-Potholes-in-Road-Images-Dataset-master/Dataset/1014584_RS_386_386RS124739_29845/1014584_RS_386_386RS124739_29845_RAW.jpg
1014784_RS_386_386RS124739_30845,train,Crack,9145,0,399870,d:/current project/SIH PPts/roadsense_webapp/roadsense_webapp/Cracks-and-Potholes-in-Road-Images-Dataset-master/Cracks-and-Potholes-in-Road-Images-Dataset-master/Dataset/1014784_RS_386_386RS124739_30845/1014784_RS_386_386RS124739_30845_RAW.jpg
917241_RS_290_290RS294095_19655,train,Crack,16589,0,367537,d:/current project/SIH PPts/roadsense_webapp/roadsense_webapp/Cracks-and-Potholes-in-Road-Images-Dataset-master/Cracks-and-Potholes-in-Road-Images-Dataset-master/Dataset/917241_RS_290_290RS294095_19655/917241_RS_290_290RS294095_19655_RAW.jpg
1052125_DF_020_020BDF0070_02446,train,Pothole,0,3484,371988,d:/current project/SIH PPts/roadsense_webapp/roadsense_webapp/Cracks-and-Potholes-in-Road-Images-Dataset-master/Cracks-and-Potholes-in-Road-Images-Dataset-master/Dataset/1052125_DF_020_020BDF0070_02446/1052125_DF_020_020BDF0070_02446_RAW.jpg
1025914_RS_386_386RS169832_09310,train,Crack,7827,0,381996,d:/current project/SIH PPts/roadsense_webapp/roadsense_webapp/Cracks-and-Potholes-in-Road-Images-Dataset-master/Cracks-and-Potholes-in-Road-Images-Dataset-master/Dataset/1025914_RS_386_386RS169832_09310/1025914_RS_386_386RS169832_09310_RAW.jpg
917399_RS_290_290RS294095_20445,train,Crack,7840,0,343908,d:/current project/SIH PPts/roadsense_webapp/roadsense_webapp/Cracks-and-Potholes-in-Road-Images-Dataset-master/Cracks-and-Potholes-in-Road-Images-Dataset-master/Dataset/917399_RS_290_290RS294095_20445/917399_RS_290_290RS294095_20445_RAW.jpg
1091820_DF_251_251BDF0490_00981,val,Crack,20702,0,358699,d:/current project/SIH PPts/roadsense_webapp/roadsense_webapp/Cracks-and-Potholes-in-Road-Images-Dataset-master/Cracks-and-Potholes-in-Road-Images-Dataset-master/Dataset/1091820_DF_251_251BDF0490_00981/1091820_DF_251_251BDF0490_00981_RAW.jpg
1025764_RS_386_386RS169832_08560,train,Crack,4513,0,387128,d:/current project/SIH PPts/roadsense_webapp/roadsense_webapp/Cracks-and-Potholes-in-Road-Images-Dataset-master/Cracks-and-Potholes-in-Road-Images-Dataset-master/Dataset/1025764_RS_386_386RS169832_08560/1025764_RS_386_386RS169832_08560_RAW.jpg
1092850_DF_251_251BDF0052_00679,train,Crack,19425,0,360098,d:/current project/SIH PPts/roadsense_webapp/roadsense_webapp/Cracks-and-Potholes-in-Road-Images-Dataset-master/Cracks-and-Potholes-in-Road-Images-Dataset-master/Dataset/1092850_DF_251_251BDF0052_00679/1092850_DF_251_251BDF0052_00679_RAW.jpg
919153_RS_290_290RS294095_29215,val,Crack,2111,0,361863,d:/current project/SIH PPts/roadsense_webapp/roadsense_webapp/Cracks-and-Potholes-in-Road-Images-Dataset-master/Cracks-and-Potholes-in-Road-Images-Dataset-master/Dataset/919153_RS_290_290RS294095_29215/919153_RS_290_290RS294095_29215_RAW.jpg
1014882_RS_386_386RS124739_31335,train,Crack,14556,0,380671,d:/current project/SIH PPts/roadsense_webapp/roadsense_webapp/Cracks-and-Potholes-in-Road-Images-Dataset-master/Cracks-and-Potholes-in-Road-Images-Dataset-master/Dataset/1014882_RS_386_386RS124739_31335/1014882_RS_386_386RS124739_31335_RAW.jpg
1091170_DF_070_070BDF0050_07510,train,Normal,513,0,364978,d:/current project/SIH PPts/roadsense_webapp/roadsense_webapp/Cracks-and-Potholes-in-Road-Images-Dataset-master/Cracks-and-Potholes-in-Road-Images-Dataset-master/Dataset/1091170_DF_070_070BDF0050_07510/1091170_DF_070_070BDF0050_07510_RAW.jpg
765441_ES_259_259ES000000_01305,train,Crack,4427,0,401415,d:/current project/SIH PPts/roadsense_webapp/roadsense_webapp/Cracks-and-Potholes-in-Road-Images-Dataset-master/Cracks-and-Potholes-in-Road-Images-Dataset-master/Dataset/765441_ES_259_259ES000000_01305/765441_ES_259_259ES000000_01305_RAW.jpg
1094279_DF_251_251BDF0052_03275,val,Crack,3431,0,352889,d:/current project/SIH PPts/roadsense_webapp/roadsense_webapp/Cracks-and-Potholes-in-Road-Images-Dataset-master/Cracks-and-Potholes-in-Road-Images-Dataset-master/Dataset/1094279_DF_251_251BDF0052_03275/1094279_DF_251_251BDF0052_03275_RAW.jpg
1014914_RS_386_386RS124739_31495,train,Pothole,1303,20914,378865,d:/current project/SIH PPts/roadsense_webapp/roadsense_webapp/Cracks-and-Potholes-in-Road-Images-Dataset-master/Cracks-and-Potholes-in-Road-Images-Dataset-master/Dataset/1014914_RS_386_386RS124739_31495/1014914_RS_386_386RS124739_31495_RAW.jpg
1076069_DF_251_251BDF0530_02829,train,Normal,217,0,353155,d:/current project/SIH PPts/roadsense_webapp/roadsense_webapp/Cracks-and-Potholes-in-Road-Images-Dataset-master/Cracks-and-Potholes-in-Road-Images-Dataset-master/Dataset/1076069_DF_251_251BDF0530_02829/1076069_DF_251_251BDF0530_02829_RAW.jpg
1091745_DF_251_251BDF0490_00840,train,Crack,6560,0,359984,d:/current project/SIH PPts/roadsense_webapp/roadsense_webapp/Cracks-and-Potholes-in-Road-Images-Dataset-master/Cracks-and-Potholes-in-Road-Images-Dataset-master/Dataset/1091745_DF_251_251BDF0490_00840/1091745_DF_251_251BDF0490_00840_RAW.jpg
1095940_DF_070_070BDF0010_01813,train,Crack,5279,0,384846,d:/current project/SIH PPts/roadsense_webapp/roadsense_webapp/Cracks-and-Potholes-in-Road-Images-Dataset-master/Cracks-and-Potholes-in-Road-Images-Dataset-master/Dataset/1095940_DF_070_070BDF0010_01813/1095940_DF_070_070BDF0010_01813_RAW.jpg
1091769_DF_251_251BDF0490_00884,train,Crack,6603,0,351482,d:/current project/SIH PPts/roadsense_webapp/roadsense_webapp/Cracks-and-Potholes-in-Road-Images-Dataset-master/Cracks-and-Potholes-in-Road-Images-Dataset-master/Dataset/1091769_DF_251_251BDF0490_00884/1091769_DF_251_251BDF0490_00884_RAW.jpg
1085367_DF_080_080BDF0090_03485,train,Crack,13786,0,350218,d:/current project/SIH PPts/roadsense_webapp/roadsense_webapp/Cracks-and-Potholes-in-Road-Images-Dataset-master/Cracks-and-Potholes-in-Road-Images-Dataset-master/Dataset/1085367_DF_080_080BDF0090_03485/1085367_DF_080_080BDF0090_03485_RAW.jpg
1077338_DF_251_251BDF0530_05194,val,Crack,3931,0,344078,d:/current project/SIH PPts/roadsense_webapp/roadsense_webapp/Cracks-and-Potholes-in-Road-Images-Dataset-master/Cracks-and-Potholes-in-Road-Images-Dataset-master/Dataset/1077338_DF_251_251BDF0530_05194/1077338_DF_251_251BDF0530_05194_RAW.jpg
819784_ES_259_259ES000000_00405,val,Crack,17250,0,346371,d:/current project/SIH PPts/roadsense_webapp/roadsense_webapp/Cracks-and-Potholes-in-Road-Images-Dataset-master/Cracks-and-Potholes-in-Road-Images-Dataset-master/Dataset/819784_ES_259_259ES000000_00405/819784_ES_259_259ES000000_00405_RAW.jpg
1085383_DF_080_080BDF0090_03514,train,Crack,8905,0,344936,d:/current project/SIH PPts/roadsense_webapp/roadsense_webapp/Cracks-and-Potholes-in-Road-Images-Dataset-master/Cracks-and-Potholes-in-Road-Images-Dataset-master/Dataset/1085383_DF_080_080BDF0090_03514/1085383_DF_080_080BDF0090_03514_RAW.jpg
1091935_DF_251_251BDF0490_01200,val,Crack,2078,0,356349,d:/current project/SIH PPts/roadsense_webapp/roadsense_webapp/Cracks-and-Potholes-in-Road-Images-Dataset-master/Cracks-and-Potholes-in-Road-Images-Dataset-master/Dataset/1091935_DF_251_251BDF0490_01200/1091935_DF_251_251BDF0490_01200_RAW.jpg
1014712_RS_386_386RS124739_30485,train,Pothole,5518,27233,381049,d:/current project/SIH PPts/roadsense_webapp/roadsense_webapp/Cracks-and-Potholes-in-Road-Images-Dataset-master/Cracks-and-Potholes-in-Road-Images-Dataset-master/Dataset/1014712_RS_386_386RS124739_30485/1014712_RS_386_386RS124739_30485_RAW.jpg
1055763_DF_020_020BDF0070_09554,train,Normal,849,0,370138,d:/current project/SIH PPts/roadsense_webapp/roadsense_webapp/Cracks-and-Potholes-in-Road-Images-Dataset-master/Cracks-and-Potholes-in-Road-Images-Dataset-master/Dataset/1055763_DF_020_020BDF0070_09554/1055763_DF_020_020BDF0070_09554_RAW.jpg
1091783_DF_251_251BDF0490_00911,val,Crack,4420,0,347370,d:/current project/SIH PPts/roadsense_webapp/roadsense_webapp/Cracks-and-Potholes-in-Road-Images-Dataset-master/Cracks-and-Potholes-in-Road-Images-Dataset-master/Dataset/1091783_DF_251_251BDF0490_00911/1091783_DF_251_251BDF0490_00911_RAW.jpg
917269_RS_290_290RS294095_19795,train,Crack,12837,0,366232,d:/current project/SIH PPts/roadsense_webapp/roadsense_webapp/Cracks-and-Potholes-in-Road-Images-Dataset-master/Cracks-and-Potholes-in-Road-Images-Dataset-master/Dataset/917269_RS_290_290RS294095_19795/917269_RS_290_290RS294095_19795_RAW.jpg
916888_RS_290_290RS294095_17890,train,Pothole,0,10042,365937,d:/current project/SIH PPts/roadsense_webapp/roadsense_webapp/Cracks-and-Potholes-in-Road-Images-Dataset-master/Cracks-and-Potholes-in-Road-Images-Dataset-master/Dataset/916888_RS_290_290RS294095_17890/916888_RS_290_290RS294095_17890_RAW.jpg
917467_RS_290_290RS294095_20785,train,Crack,4891,0,349369,d:/current project/SIH PPts/roadsense_webapp/roadsense_webapp/Cracks-and-Potholes-in-Road-Images-Dataset-master/Cracks-and-Potholes-in-Road-Images-Dataset-master/Dataset/917467_RS_290_290RS294095_20785/917467_RS_290_290RS294095_20785_RAW.jpg
994169_RS_386_386RS191729_07610,train,Crack,4432,0,373988,d:/current project/SIH PPts/roadsense_webapp/roadsense_webapp/Cracks-and-Potholes-in-Road-Images-Dataset-master/Cracks-and-Potholes-in-Road-Images-Dataset-master/Dataset/994169_RS_386_386RS191729_07610/994169_RS_386_386RS191729_07610_RAW.jpg
941607_RS_290_290RS070691_00940,train,Pothole,0,57210,363291,d:/current project/SIH PPts/roadsense_webapp/roadsense_webapp/Cracks-and-Potholes-in-Road-Images-Dataset-master/Cracks-and-Potholes-in-Road-Images-Dataset-master/Dataset/941607_RS_290_290RS070691_00940/941607_RS_290_290RS070691_00940_RAW.jpg
1025932_RS_386_386RS169832_09400,train,Crack,1729,0,388457,d:/current project/SIH PPts/roadsense_webapp/roadsense_webapp/Cracks-and-Potholes-in-Road-Images-Dataset-master/Cracks-and-Potholes-in-Road-Images-Dataset-master/Dataset/1025932_RS_386_386RS169832_09400/1025932_RS_386_386RS169832_09400_RAW.jpg
1092827_DF_251_251BDF0052_00639,val,Crack,16396,0,330864,d:/current project/SIH PPts/roadsense_webapp/roadsense_webapp/Cracks-and-Potholes-in-Road-Images-Dataset-master/Cracks-and-Potholes-in-Road-Images-Dataset-master/Dataset/1092827_DF_251_251BDF0052_00639/1092827_DF_251_251BDF0052_00639_RAW.jpg
994467_RS_386_386RS191729_09101,train,Pothole,0,530,353055,d:/current project/SIH PPts/roadsense_webapp/roadsense_webapp/Cracks-and-Potholes-in-Road-Images-Dataset-master/Cracks-and-Potholes-in-Road-Images-Dataset-master/Dataset/994467_RS_386_386RS191729_09101/994467_RS_386_386RS191729_09101_RAW.jpg
1085393_DF_080_080BDF0090_03531,val,Normal,508,0,348466,d:/current project/SIH PPts/roadsense_webapp/roadsense_webapp/Cracks-and-Potholes-in-Road-Images-Dataset-master/Cracks-and-Potholes-in-Road-Images-Dataset-master/Dataset/1085393_DF_080_080BDF0090_03531/1085393_DF_080_080BDF0090_03531_RAW.jpg
1076633_DF_251_251BDF0530_03882,train,Crack,5363,0,360845,d:/current project/SIH PPts/roadsense_webapp/roadsense_webapp/Cracks-and-Potholes-in-Road-Images-Dataset-master/Cracks-and-Potholes-in-Road-Images-Dataset-master/Dataset/1076633_DF_251_251BDF0530_03882/1076633_DF_251_251BDF0530_03882_RAW.jpg
919183_RS_290_290RS294095_29365,train,Crack,5757,0,364995,d:/current project/SIH PPts/roadsense_webapp/roadsense_webapp/Cracks-and-Potholes-in-Road-Images-Dataset-master/Cracks-and-Potholes-in-Road-Images-Dataset-master/Dataset/919183_RS_290_290RS294095_29365/919183_RS_290_290RS294095_29365_RAW.jpg
1094289_DF_251_251BDF0052_03293,train,Crack,4456,0,374306,d:/current project/SIH PPts/roadsense_webapp/roadsense_webapp/Cracks-and-Potholes-in-Road-Images-Dataset-master/Cracks-and-Potholes-in-Road-Images-Dataset-master/Dataset/1094289_DF_251_251BDF0052_03293/1094289_DF_251_251BDF0052_03293_RAW.jpg
917268_RS_290_290RS294095_19790,train,Crack,12697,0,361890,d:/current project/SIH PPts/roadsense_webapp/roadsense_webapp/Cracks-and-Potholes-in-Road-Images-Dataset-master/Cracks-and-Potholes-in-Road-Images-Dataset-master/Dataset/917268_RS_290_290RS294095_19790/917268_RS_290_290RS294095_19790_RAW.jpg
917257_RS_290_290RS294095_19736,train,Normal,1108,0,361802,d:/current project/SIH PPts/roadsense_webapp/roadsense_webapp/Cracks-and-Potholes-in-Road-Images-Dataset-master/Cracks-and-Potholes-in-Road-Images-Dataset-master/Dataset/917257_RS_290_290RS294095_19736/917257_RS_290_290RS294095_19736_RAW.jpg
1094544_DF_251_251BDF0052_03764,train,Crack,6473,0,343193,d:/current project/SIH PPts/roadsense_webapp/roadsense_webapp/Cracks-and-Potholes-in-Road-Images-Dataset-master/Cracks-and-Potholes-in-Road-Images-Dataset-master/Dataset/1094544_DF_251_251BDF0052_03764/1094544_DF_251_251BDF0052_03764_RAW.jpg
994465_RS_386_386RS191729_09091,train,Pothole,0,819,364719,d:/current project/SIH PPts/roadsense_webapp/roadsense_webapp/Cracks-and-Potholes-in-Road-Images-Dataset-master/Cracks-and-Potholes-in-Road-Images-Dataset-master/Dataset/994465_RS_386_386RS191729_09091/994465_RS_386_386RS191729_09091_RAW.jpg
1092484_DF_251_251BDF0052_00036,train,Crack,31499,0,387948,d:/current project/SIH PPts/roadsense_webapp/roadsense_webapp/Cracks-and-Potholes-in-Road-Images-Dataset-master/Cracks-and-Potholes-in-Road-Images-Dataset-master/Dataset/1092484_DF_251_251BDF0052_00036/1092484_DF_251_251BDF0052_00036_RAW.jpg
1084380_DF_080_080BDF0090_01559,train,Crack,12791,0,318110,d:/current project/SIH PPts/roadsense_webapp/roadsense_webapp/Cracks-and-Potholes-in-Road-Images-Dataset-master/Cracks-and-Potholes-in-Road-Images-Dataset-master/Dataset/1084380_DF_080_080BDF0090_01559/1084380_DF_080_080BDF0090_01559_RAW.jpg
917307_RS_290_290RS294095_19987,train,Crack,3425,0,353235,d:/current project/SIH PPts/roadsense_webapp/roadsense_webapp/Cracks-and-Potholes-in-Road-Images-Dataset-master/Cracks-and-Potholes-in-Road-Images-Dataset-master/Dataset/917307_RS_290_290RS294095_19987/917307_RS_290_290RS294095_19987_RAW.jpg
1051765_DF_020_020BDF0070_01674,train,Pothole,2718,1782,392711,d:/current project/SIH PPts/roadsense_webapp/roadsense_webapp/Cracks-and-Potholes-in-Road-Images-Dataset-master/Cracks-and-Potholes-in-Road-Images-Dataset-master/Dataset/1051765_DF_020_020BDF0070_01674/1051765_DF_020_020BDF0070_01674_RAW.jpg
1051762_DF_020_020BDF0070_01668,train,Crack,6393,0,404673,d:/current project/SIH PPts/roadsense_webapp/roadsense_webapp/Cracks-and-Potholes-in-Road-Images-Dataset-master/Cracks-and-Potholes-in-Road-Images-Dataset-master/Dataset/1051762_DF_020_020BDF0070_01668/1051762_DF_020_020BDF0070_01668_RAW.jpg
917281_RS_290_290RS294095_19855,train,Crack,6650,0,362312,d:/current project/SIH PPts/roadsense_webapp/roadsense_webapp/Cracks-and-Potholes-in-Road-Images-Dataset-master/Cracks-and-Potholes-in-Road-Images-Dataset-master/Dataset/917281_RS_290_290RS294095_19855/917281_RS_290_290RS294095_19855_RAW.jpg
919262_RS_290_290RS294095_29760,train,Pothole,0,331,347597,d:/current project/SIH PPts/roadsense_webapp/roadsense_webapp/Cracks-and-Potholes-in-Road-Images-Dataset-master/Cracks-and-Potholes-in-Road-Images-Dataset-master/Dataset/919262_RS_290_290RS294095_29760/919262_RS_290_290RS294095_29760_RAW.jpg
1053943_DF_020_020BDF0070_06172,train,Pothole,0,2782,359444,d:/current project/SIH PPts/roadsense_webapp/roadsense_webapp/Cracks-and-Potholes-in-Road-Images-Dataset-master/Cracks-and-Potholes-in-Road-Images-Dataset-master/Dataset/1053943_DF_020_020BDF0070_06172/1053943_DF_020_020BDF0070_06172_RAW.jpg
941972_RS_290_290RS070691_02765,train,Pothole,0,11036,375185,d:/current project/SIH PPts/roadsense_webapp/roadsense_webapp/Cracks-and-Potholes-in-Road-Images-Dataset-master/Cracks-and-Potholes-in-Road-Images-Dataset-master/Dataset/941972_RS_290_290RS070691_02765/941972_RS_290_290RS070691_02765_RAW.jpg
919752_RS_290_290RS294095_32210,train,Crack,9865,0,362538,d:/current project/SIH PPts/roadsense_webapp/roadsense_webapp/Cracks-and-Potholes-in-Road-Images-Dataset-master/Cracks-and-Potholes-in-Road-Images-Dataset-master/Dataset/919752_RS_290_290RS294095_32210/919752_RS_290_290RS294095_32210_RAW.jpg
994466_RS_386_386RS191729_09095,train,Pothole,0,1861,363608,d:/current project/SIH PPts/roadsense_webapp/roadsense_webapp/Cracks-and-Potholes-in-Road-Images-Dataset-master/Cracks-and-Potholes-in-Road-Images-Dataset-master/Dataset/994466_RS_386_386RS191729_09095/994466_RS_386_386RS191729_09095_RAW.jpg
916872_RS_290_290RS294095_17810,val,Pothole,11531,10204,364168,d:/current project/SIH PPts/roadsense_webapp/roadsense_webapp/Cracks-and-Potholes-in-Road-Images-Dataset-master/Cracks-and-Potholes-in-Road-Images-Dataset-master/Dataset/916872_RS_290_290RS294095_17810/916872_RS_290_290RS294095_17810_RAW.jpg
919166_RS_290_290RS294095_29280,train,Crack,4815,0,367942,d:/current project/SIH PPts/roadsense_webapp/roadsense_webapp/Cracks-and-Potholes-in-Road-Images-Dataset-master/Cracks-and-Potholes-in-Road-Images-Dataset-master/Dataset/919166_RS_290_290RS294095_29280/919166_RS_290_290RS294095_29280_RAW.jpg
1092838_DF_251_251BDF0052_00658,train,Crack,14331,0,354709,d:/current project/SIH PPts/roadsense_webapp/roadsense_webapp/Cracks-and-Potholes-in-Road-Images-Dataset-master/Cracks-and-Potholes-in-Road-Images-Dataset-master/Dataset/1092838_DF_251_251BDF0052_00658/1092838_DF_251_251BDF0052_00658_RAW.jpg
1014800_RS_386_386RS124739_30925,train,Pothole,5613,700,385696,d:/current project/SIH PPts/roadsense_webapp/roadsense_webapp/Cracks-and-Potholes-in-Road-Images-Dataset-master/Cracks-and-Potholes-in-Road-Images-Dataset-master/Dataset/1014800_RS_386_386RS124739_30925/1014800_RS_386_386RS124739_30925_RAW.jpg
883077_RS_290_290RS150131_16116,val,Pothole,0,62366,348477,d:/current project/SIH PPts/roadsense_webapp/roadsense_webapp/Cracks-and-Potholes-in-Road-Images-Dataset-master/Cracks-and-Potholes-in-Road-Images-Dataset-master/Dataset/883077_RS_290_290RS150131_16116/883077_RS_290_290RS150131_16116_RAW.jpg
1025923_RS_386_386RS169832_09355,train,Crack,3954,0,389464,d:/current project/SIH PPts/roadsense_webapp/roadsense_webapp/Cracks-and-Potholes-in-Road-Images-Dataset-master/Cracks-and-Potholes-in-Road-Images-Dataset-master/Dataset/1025923_RS_386_386RS169832_09355/1025923_RS_386_386RS169832_09355_RAW.jpg
1091838_DF_251_251BDF0490_01016,train,Crack,1536,0,377469,d:/current project/SIH PPts/roadsense_webapp/roadsense_webapp/Cracks-and-Potholes-in-Road-Images-Dataset-master/Cracks-and-Potholes-in-Road-Images-Dataset-master/Dataset/1091838_DF_251_251BDF0490_01016/1091838_DF_251_251BDF0490_01016_RAW.jpg
941911_RS_290_290RS070691_02460,train,Pothole,0,7737,355087,d:/current project/SIH PPts/roadsense_webapp/roadsense_webapp/Cracks-and-Potholes-in-Road-Images-Dataset-master/Cracks-and-Potholes-in-Road-Images-Dataset-master/Dataset/941911_RS_290_290RS070691_02460/941911_RS_290_290RS070691_02460_RAW.jpg
1077199_DF_251_251BDF0530_04936,train,Crack,2263,0,344394,d:/current project/SIH PPts/roadsense_webapp/roadsense_webapp/Cracks-and-Potholes-in-Road-Images-Dataset-master/Cracks-and-Potholes-in-Road-Images-Dataset-master/Dataset/1077199_DF_251_251BDF0530_04936/1077199_DF_251_251BDF0530_04936_RAW.jpg
917226_RS_290_290RS294095_19580,train,Crack,8173,0,371573,d:/current project/SIH PPts/roadsense_webapp/roadsense_webapp/Cracks-and-Potholes-in-Road-Images-Dataset-master/Cracks-and-Potholes-in-Road-Images-Dataset-master/Dataset/917226_RS_290_290RS294095_19580/917226_RS_290_290RS294095_19580_RAW.jpg
917210_RS_290_290RS294095_19500,val,Crack,7703,0,367870,d:/current project/SIH PPts/roadsense_webapp/roadsense_webapp/Cracks-and-Potholes-in-Road-Images-Dataset-master/Cracks-and-Potholes-in-Road-Images-Dataset-master/Dataset/917210_RS_290_290RS294095_19500/917210_RS_290_290RS294095_19500_RAW.jpg
916877_RS_290_290RS294095_17835,train,Pothole,0,9700,355525,d:/current project/SIH PPts/roadsense_webapp/roadsense_webapp/Cracks-and-Potholes-in-Road-Images-Dataset-master/Cracks-and-Potholes-in-Road-Images-Dataset-master/Dataset/916877_RS_290_290RS294095_17835/916877_RS_290_290RS294095_17835_RAW.jpg
1091883_DF_251_251BDF0490_01101,train,Crack,4458,0,348974,d:/current project/SIH PPts/roadsense_webapp/roadsense_webapp/Cracks-and-Potholes-in-Road-Images-Dataset-master/Cracks-and-Potholes-in-Road-Images-Dataset-master/Dataset/1091883_DF_251_251BDF0490_01101/1091883_DF_251_251BDF0490_01101_RAW.jpg
919743_RS_290_290RS294095_32165,train,Crack,10968,0,354059,d:/current project/SIH PPts/roadsense_webapp/roadsense_webapp/Cracks-and-Potholes-in-Road-Images-Dataset-master/Cracks-and-Potholes-in-Road-Images-Dataset-master/Dataset/919743_RS_290_290RS294095_32165/919743_RS_290_290RS294095_32165_RAW.jpg
883242_RS_290_290RS150131_16940,train,Pothole,0,47437,338764,d:/current project/SIH PPts/roadsense_webapp/roadsense_webapp/Cracks-and-Potholes-in-Road-Images-Dataset-master/Cracks-and-Potholes-in-Road-Images-Dataset-master/Dataset/883242_RS_290_290RS150131_16940/883242_RS_290_290RS150131_16940_RAW.jpg
1092481_DF_251_251BDF0052_00028,train,Crack,41425,0,420869,d:/current project/SIH PPts/roadsense_webapp/roadsense_webapp/Cracks-and-Potholes-in-Road-Images-Dataset-master/Cracks-and-Potholes-in-Road-Images-Dataset-master/Dataset/1092481_DF_251_251BDF0052_00028/1092481_DF_251_251BDF0052_00028_RAW.jpg
917571_RS_290_290RS294095_21305,train,Crack,15906,0,346707,d:/current project/SIH PPts/roadsense_webapp/roadsense_webapp/Cracks-and-Potholes-in-Road-Images-Dataset-master/Cracks-and-Potholes-in-Road-Images-Dataset-master/Dataset/917571_RS_290_290RS294095_21305/917571_RS_290_290RS294095_21305_RAW.jpg
994083_RS_386_386RS191729_07180,train,Crack,9524,0,356930,d:/current project/SIH PPts/roadsense_webapp/roadsense_webapp/Cracks-and-Potholes-in-Road-Images-Dataset-master/Cracks-and-Potholes-in-Road-Images-Dataset-master/Dataset/994083_RS_386_386RS191729_07180/994083_RS_386_386RS191729_07180_RAW.jpg
1093507_DF_251_251BDF0052_01886,train,Pothole,6423,3313,355264,d:/current project/SIH PPts/roadsense_webapp/roadsense_webapp/Cracks-and-Potholes-in-Road-Images-Dataset-master/Cracks-and-Potholes-in-Road-Images-Dataset-master/Dataset/1093507_DF_251_251BDF0052_01886/1093507_DF_251_251BDF0052_01886_RAW.jpg
1077334_DF_251_251BDF0530_05186,train,Crack,7412,0,342629,d:/current project/SIH PPts/roadsense_webapp/roadsense_webapp/Cracks-and-Potholes-in-Road-Images-Dataset-master/Cracks-and-Potholes-in-Road-Images-Dataset-master/Dataset/1077334_DF_251_251BDF0530_05186/1077334_DF_251_251BDF0530_05186_RAW.jpg
1092821_DF_251_251BDF0052_00629,train,Crack,12988,0,346128,d:/current project/SIH PPts/roadsense_webapp/roadsense_webapp/Cracks-and-Potholes-in-Road-Images-Dataset-master/Cracks-and-Potholes-in-Road-Images-Dataset-master/Dataset/1092821_DF_251_251BDF0052_00629/1092821_DF_251_251BDF0052_00629_RAW.jpg
919454_RS_290_290RS294095_30720,val,Normal,1401,0,351976,d:/current project/SIH PPts/roadsense_webapp/roadsense_webapp/Cracks-and-Potholes-in-Road-Images-Dataset-master/Cracks-and-Potholes-in-Road-Images-Dataset-master/Dataset/919454_RS_290_290RS294095_30720/919454_RS_290_290RS294095_30720_RAW.jpg
917415_RS_290_290RS294095_20525,val,Crack,15070,0,349650,d:/current project/SIH PPts/roadsense_webapp/roadsense_webapp/Cracks-and-Potholes-in-Road-Images-Dataset-master/Cracks-and-Potholes-in-Road-Images-Dataset-master/Dataset/917415_RS_290_290RS294095_20525/917415_RS_290_290RS294095_20525_RAW.jpg
994079_RS_386_386RS191729_07160,train,Crack,8906,0,367604,d:/current project/SIH PPts/roadsense_webapp/roadsense_webapp/Cracks-and-Potholes-in-Road-Images-Dataset-master/Cracks-and-Potholes-in-Road-Images-Dataset-master/Dataset/994079_RS_386_386RS191729_07160/994079_RS_386_386RS191729_07160_RAW.jpg
1048685_DF_060_060BDF0010_00160,train,Pothole,0,14232,387830,d:/current project/SIH PPts/roadsense_webapp/roadsense_webapp/Cracks-and-Potholes-in-Road-Images-Dataset-master/Cracks-and-Potholes-in-Road-Images-Dataset-master/Dataset/1048685_DF_060_060BDF0010_00160/1048685_DF_060_060BDF0010_00160_RAW.jpg
1092794_DF_251_251BDF0052_00581,val,Crack,22299,0,356520,d:/current project/SIH PPts/roadsense_webapp/roadsense_webapp/Cracks-and-Potholes-in-Road-Images-Dataset-master/Cracks-and-Potholes-in-Road-Images-Dataset-master/Dataset/1092794_DF_251_251BDF0052_00581/1092794_DF_251_251BDF0052_00581_RAW.jpg
1026261_RS_386_386RS169832_11045,train,Crack,2179,0,372621,d:/current project/SIH PPts/roadsense_webapp/roadsense_webapp/Cracks-and-Potholes-in-Road-Images-Dataset-master/Cracks-and-Potholes-in-Road-Images-Dataset-master/Dataset/1026261_RS_386_386RS169832_11045/1026261_RS_386_386RS169832_11045_RAW.jpg
1075978_DF_251_251BDF0530_02656,train,Crack,4589,0,362117,d:/current project/SIH PPts/roadsense_webapp/roadsense_webapp/Cracks-and-Potholes-in-Road-Images-Dataset-master/Cracks-and-Potholes-in-Road-Images-Dataset-master/Dataset/1075978_DF_251_251BDF0530_02656/1075978_DF_251_251BDF0530_02656_RAW.jpg
1014713_RS_386_386RS124739_30490,train,Pothole,0,61561,369692,d:/current project/SIH PPts/roadsense_webapp/roadsense_webapp/Cracks-and-Potholes-in-Road-Images-Dataset-master/Cracks-and-Potholes-in-Road-Images-Dataset-master/Dataset/1014713_RS_386_386RS124739_30490/1014713_RS_386_386RS124739_30490_RAW.jpg
1092938_DF_251_251BDF0052_00835,train,Pothole,17583,2746,345825,d:/current project/SIH PPts/roadsense_webapp/roadsense_webapp/Cracks-and-Potholes-in-Road-Images-Dataset-master/Cracks-and-Potholes-in-Road-Images-Dataset-master/Dataset/1092938_DF_251_251BDF0052_00835/1092938_DF_251_251BDF0052_00835_RAW.jpg
1025791_RS_386_386RS169832_08695,train,Pothole,5331,3015,396079,d:/current project/SIH PPts/roadsense_webapp/roadsense_webapp/Cracks-and-Potholes-in-Road-Images-Dataset-master/Cracks-and-Potholes-in-Road-Images-Dataset-master/Dataset/1025791_RS_386_386RS169832_08695/1025791_RS_386_386RS169832_08695_RAW.jpg
941610_RS_290_290RS070691_00955,val,Pothole,0,98295,367097,d:/current project/SIH PPts/roadsense_webapp/roadsense_webapp/Cracks-and-Potholes-in-Road-Images-Dataset-master/Cracks-and-Potholes-in-Road-Images-Dataset-master/Dataset/941610_RS_290_290RS070691_00955/941610_RS_290_290RS070691_00955_RAW.jpg
1085398_DF_080_080BDF0090_03541,train,Crack,7136,0,353567,d:/current project/SIH PPts/roadsense_webapp/roadsense_webapp/Cracks-and-Potholes-in-Road-Images-Dataset-master/Cracks-and-Potholes-in-Road-Images-Dataset-master/Dataset/1085398_DF_080_080BDF0090_03541/1085398_DF_080_080BDF0090_03541_RAW.jpg
1077337_DF_251_251BDF0530_05192,train,Crack,4085,0,344725,d:/current project/SIH PPts/roadsense_webapp/roadsense_webapp/Cracks-and-Potholes-in-Road-Images-Dataset-master/Cracks-and-Potholes-in-Road-Images-Dataset-master/Dataset/1077337_DF_251_251BDF0530_05192/1077337_DF_251_251BDF0530_05192_RAW.jpg
1092846_DF_251_251BDF0052_00673,train,Crack,7514,0,374238,d:/current project/SIH PPts/roadsense_webapp/roadsense_webapp/Cracks-and-Potholes-in-Road-Images-Dataset-master/Cracks-and-Potholes-in-Road-Images-Dataset-master/Dataset/1092846_DF_251_251BDF0052_00673/1092846_DF_251_251BDF0052_00673_RAW.jpg
1052121_DF_020_020BDF0070_02438,val,Crack,3105,0,354205,d:/current project/SIH PPts/roadsense_webapp/roadsense_webapp/Cracks-and-Potholes-in-Road-Images-Dataset-master/Cracks-and-Potholes-in-Road-Images-Dataset-master/Dataset/1052121_DF_020_020BDF0070_02438/1052121_DF_020_020BDF0070_02438_RAW.jpg
919547_RS_290_290RS294095_31185,train,Crack,14214,0,349356,d:/current project/SIH PPts/roadsense_webapp/roadsense_webapp/Cracks-and-Potholes-in-Road-Images-Dataset-master/Cracks-and-Potholes-in-Road-Images-Dataset-master/Dataset/919547_RS_290_290RS294095_31185/919547_RS_290_290RS294095_31185_RAW.jpg
1081471_DF_080_080BDF0070_00262,train,Crack,1743,0,338334,d:/current project/SIH PPts/roadsense_webapp/roadsense_webapp/Cracks-and-Potholes-in-Road-Images-Dataset-master/Cracks-and-Potholes-in-Road-Images-Dataset-master/Dataset/1081471_DF_080_080BDF0070_00262/1081471_DF_080_080BDF0070_00262_RAW.jpg
1091712_DF_251_251BDF0490_00776,train,Crack,3396,0,355953,d:/current project/SIH PPts/roadsense_webapp/roadsense_webapp/Cracks-and-Potholes-in-Road-Images-Dataset-master/Cracks-and-Potholes-in-Road-Images-Dataset-master/Dataset/1091712_DF_251_251BDF0490_00776/1091712_DF_251_251BDF0490_00776_RAW.jpg
1053801_DF_020_020BDF0070_05925,val,Crack,9432,0,370531,d:/current project/SIH PPts/roadsense_webapp/roadsense_webapp/Cracks-and-Potholes-in-Road-Images-Dataset-master/Cracks-and-Potholes-in-Road-Images-Dataset-master/Dataset/1053801_DF_020_020BDF0070_05925/1053801_DF_020_020BDF0070_05925_RAW.jpg
917237_RS_290_290RS294095_19635,train,Crack,10135,0,364116,d:/current project/SIH PPts/roadsense_webapp/roadsense_webapp/Cracks-and-Potholes-in-Road-Images-Dataset-master/Cracks-and-Potholes-in-Road-Images-Dataset-master/Dataset/917237_RS_290_290RS294095_19635/917237_RS_290_290RS294095_19635_RAW.jpg
1081558_DF_080_080BDF0070_00423,train,Crack,3238,0,338186,d:/current project/SIH PPts/roadsense_webapp/roadsense_webapp/Cracks-and-Potholes-in-Road-Images-Dataset-master/Cracks-and-Potholes-in-Road-Images-Dataset-master/Dataset/1081558_DF_080_080BDF0070_00423/1081558_DF_080_080BDF0070_00423_RAW.jpg
941910_RS_290_290RS070691_02455,val,Pothole,0,2250,358590,d:/current project/SIH PPts/roadsense_webapp/roadsense_webapp/Cracks-and-Potholes-in-Road-Images-Dataset-master/Cracks-and-Potholes-in-Road-Images-Dataset-master/Dataset/941910_RS_290_290RS070691_02455/941910_RS_290_290RS070691_02455_RAW.jpg
1051464_DF_020_020BDF0070_01099,train,Pothole,2517,3629,369824,d:/current project/SIH PPts/roadsense_webapp/roadsense_webapp/Cracks-and-Potholes-in-Road-Images-Dataset-master/Cracks-and-Potholes-in-Road-Images-Dataset-master/Dataset/1051464_DF_020_020BDF0070_01099/1051464_DF_020_020BDF0070_01099_RAW.jpg
1094287_DF_251_251BDF0052_03289,val,Crack,3919,0,355242,d:/current project/SIH PPts/roadsense_webapp/roadsense_webapp/Cracks-and-Potholes-in-Road-Images-Dataset-master/Cracks-and-Potholes-in-Road-Images-Dataset-master/Dataset/1094287_DF_251_251BDF0052_03289/1094287_DF_251_251BDF0052_03289_RAW.jpg
1096058_DF_070_070BDF0010_02025,train,Pothole,3991,3821,406639,d:/current project/SIH PPts/roadsense_webapp/roadsense_webapp/Cracks-and-Potholes-in-Road-Images-Dataset-master/Cracks-and-Potholes-in-Road-Images-Dataset-master/Dataset/1096058_DF_070_070BDF0010_02025/1096058_DF_070_070BDF0010_02025_RAW.jpg
917089_RS_290_290RS294095_18895,train,Crack,3286,0,351127,d:/current project/SIH PPts/roadsense_webapp/roadsense_webapp/Cracks-and-Potholes-in-Road-Images-Dataset-master/Cracks-and-Potholes-in-Road-Images-Dataset-master/Dataset/917089_RS_290_290RS294095_18895/917089_RS_290_290RS294095_18895_RAW.jpg
1055965_DF_010_010BDF0010_00119,train,Crack,1984,0,359613,d:/current project/SIH PPts/roadsense_webapp/roadsense_webapp/Cracks-and-Potholes-in-Road-Images-Dataset-master/Cracks-and-Potholes-in-Road-Images-Dataset-master/Dataset/1055965_DF_010_010BDF0010_00119/1055965_DF_010_010BDF0010_00119_RAW.jpg
994132_RS_386_386RS191729_07425,train,Crack,5632,0,364009,d:/current project/SIH PPts/roadsense_webapp/roadsense_webapp/Cracks-and-Potholes-in-Road-Images-Dataset-master/Cracks-and-Potholes-in-Road-Images-Dataset-master/Dataset/994132_RS_386_386RS191729_07425/994132_RS_386_386RS191729_07425_RAW.jpg
1014805_RS_386_386RS124739_30950,train,Crack,30150,0,388315,d:/current project/SIH PPts/roadsense_webapp/roadsense_webapp/Cracks-and-Potholes-in-Road-Images-Dataset-master/Cracks-and-Potholes-in-Road-Images-Dataset-master/Dataset/1014805_RS_386_386RS124739_30950/1014805_RS_386_386RS124739_30950_RAW.jpg
1097246_DF_070_070BDF0010_04154,train,Pothole,0,1304,365749,d:/current project/SIH PPts/roadsense_webapp/roadsense_webapp/Cracks-and-Potholes-in-Road-Images-Dataset-master/Cracks-and-Potholes-in-Road-Images-Dataset-master/Dataset/1097246_DF_070_070BDF0010_04154/1097246_DF_070_070BDF0010_04154_RAW.jpg
1075571_DF_251_251BDF0530_01915,train,Crack,8497,0,326574,d:/current project/SIH PPts/roadsense_webapp/roadsense_webapp/Cracks-and-Potholes-in-Road-Images-Dataset-master/Cracks-and-Potholes-in-Road-Images-Dataset-master/Dataset/1075571_DF_251_251BDF0530_01915/1075571_DF_251_251BDF0530_01915_RAW.jpg
941639_RS_290_290RS070691_01100,train,Pothole,0,17285,354788,d:/current project/SIH PPts/roadsense_webapp/roadsense_webapp/Cracks-and-Potholes-in-Road-Images-Dataset-master/Cracks-and-Potholes-in-Road-Images-Dataset-master/Dataset/941639_RS_290_290RS070691_01100/941639_RS_290_290RS070691_01100_RAW.jpg
1092557_DF_251_251BDF0052_00172,train,Crack,1919,0,363519,d:/current project/SIH PPts/roadsense_webapp/roadsense_webapp/Cracks-and-Potholes-in-Road-Images-Dataset-master/Cracks-and-Potholes-in-Road-Images-Dataset-master/Dataset/1092557_DF_251_251BDF0052_00172/1092557_DF_251_251BDF0052_00172_RAW.jpg
1053991_DF_020_020BDF0070_06265,train,Pothole,16588,6777,360190,d:/current project/SIH PPts/roadsense_webapp/roadsense_webapp/Cracks-and-Potholes-in-Road-Images-Dataset-master/Cracks-and-Potholes-in-Road-Images-Dataset-master/Dataset/1053991_DF_020_020BDF0070_06265/1053991_DF_020_020BDF0070_06265_RAW.jpg
883075_RS_290_290RS150131_16105,val,Pothole,0,74159,354065,d:/current project/SIH PPts/roadsense_webapp/roadsense_webapp/Cracks-and-Potholes-in-Road-Images-Dataset-master/Cracks-and-Potholes-in-Road-Images-Dataset-master/Dataset/883075_RS_290_290RS150131_16105/883075_RS_290_290RS150131_16105_RAW.jpg
1014747_RS_386_386RS124739_30660,train,Normal,1227,0,391042,d:/current project/SIH PPts/roadsense_webapp/roadsense_webapp/Cracks-and-Potholes-in-Road-Images-Dataset-master/Cracks-and-Potholes-in-Road-Images-Dataset-master/Dataset/1014747_RS_386_386RS124739_30660/1014747_RS_386_386RS124739_30660_RAW.jpg
1092817_DF_251_251BDF0052_00622,train,Crack,8391,0,349901,d:/current project/SIH PPts/roadsense_webapp/roadsense_webapp/Cracks-and-Potholes-in-Road-Images-Dataset-master/Cracks-and-Potholes-in-Road-Images-Dataset-master/Dataset/1092817_DF_251_251BDF0052_00622/1092817_DF_251_251BDF0052_00622_RAW.jpg
917286_RS_290_290RS294095_19880,train,Pothole,2876,3405,364115,d:/current project/SIH PPts/roadsense_webapp/roadsense_webapp/Cracks-and-Potholes-in-Road-Images-Dataset-master/Cracks-and-Potholes-in-Road-Images-Dataset-master/Dataset/917286_RS_290_290RS294095_19880/917286_RS_290_290RS294095_19880_RAW.jpg
1081805_DF_080_080BDF0070_00877,train,Crack,14038,0,313395,d:/current project/SIH PPts/roadsense_webapp/roadsense_webapp/Cracks-and-Potholes-in-Road-Images-Dataset-master/Cracks-and-Potholes-in-Road-Images-Dataset-master/Dataset/1081805_DF_080_080BDF0070_00877/1081805_DF_080_080BDF0070_00877_RAW.jpg
1081670_DF_080_080BDF0070_00627,train,Normal,624,0,326961,d:/current project/SIH PPts/roadsense_webapp/roadsense_webapp/Cracks-and-Potholes-in-Road-Images-Dataset-master/Cracks-and-Potholes-in-Road-Images-Dataset-master/Dataset/1081670_DF_080_080BDF0070_00627/1081670_DF_080_080BDF0070_00627_RAW.jpg
917206_RS_290_290RS294095_19480,train,Crack,11852,0,377859,d:/current project/SIH PPts/roadsense_webapp/roadsense_webapp/Cracks-and-Potholes-in-Road-Images-Dataset-master/Cracks-and-Potholes-in-Road-Images-Dataset-master/Dataset/917206_RS_290_290RS294095_19480/917206_RS_290_290RS294095_19480_RAW.jpg
1083786_DF_080_080BDF0090_00357,train,Crack,7371,0,341521,d:/current project/SIH PPts/roadsense_webapp/roadsense_webapp/Cracks-and-Potholes-in-Road-Images-Dataset-master/Cracks-and-Potholes-in-Road-Images-Dataset-master/Dataset/1083786_DF_080_080BDF0090_00357/1083786_DF_080_080BDF0090_00357_RAW.jpg
916110_RS_290_290RS294095_14000,train,Pothole,3783,2732,347865,d:/current project/SIH PPts/roadsense_webapp/roadsense_webapp/Cracks-and-Potholes-in-Road-Images-Dataset-master/Cracks-and-Potholes-in-Road-Images-Dataset-master/Dataset/916110_RS_290_290RS294095_14000/916110_RS_290_290RS294095_14000_RAW.jpg
1025905_RS_386_386RS169832_09265,val,Crack,7584,0,392646,d:/current project/SIH PPts/roadsense_webapp/roadsense_webapp/Cracks-and-Potholes-in-Road-Images-Dataset-master/Cracks-and-Potholes-in-Road-Images-Dataset-master/Dataset/1025905_RS_386_386RS169832_09265/1025905_RS_386_386RS169832_09265_RAW.jpg
1025785_RS_386_386RS169832_08665,train,Crack,7483,0,386551,d:/current project/SIH PPts/roadsense_webapp/roadsense_webapp/Cracks-and-Potholes-in-Road-Images-Dataset-master/Cracks-and-Potholes-in-Road-Images-Dataset-master/Dataset/1025785_RS_386_386RS169832_08665/1025785_RS_386_386RS169832_08665_RAW.jpg
919737_RS_290_290RS294095_32135,train,Crack,3164,0,369084,d:/current project/SIH PPts/roadsense_webapp/roadsense_webapp/Cracks-and-Potholes-in-Road-Images-Dataset-master/Cracks-and-Potholes-in-Road-Images-Dataset-master/Dataset/919737_RS_290_290RS294095_32135/919737_RS_290_290RS294095_32135_RAW.jpg
1014669_RS_386_386RS124739_30271,train,Crack,12570,0,379085,d:/current project/SIH PPts/roadsense_webapp/roadsense_webapp/Cracks-and-Potholes-in-Road-Images-Dataset-master/Cracks-and-Potholes-in-Road-Images-Dataset-master/Dataset/1014669_RS_386_386RS124739_30271/1014669_RS_386_386RS124739_30271_RAW.jpg
919566_RS_290_290RS294095_31281,val,Crack,11681,0,344983,d:/current project/SIH PPts/roadsense_webapp/roadsense_webapp/Cracks-and-Potholes-in-Road-Images-Dataset-master/Cracks-and-Potholes-in-Road-Images-Dataset-master/Dataset/919566_RS_290_290RS294095_31281/919566_RS_290_290RS294095_31281_RAW.jpg
1014604_RS_386_386RS124739_29945,train,Normal,1279,0,381357,d:/current project/SIH PPts/roadsense_webapp/roadsense_webapp/Cracks-and-Potholes-in-Road-Images-Dataset-master/Cracks-and-Potholes-in-Road-Images-Dataset-master/Dataset/1014604_RS_386_386RS124739_29945/1014604_RS_386_386RS124739_29945_RAW.jpg
919562_RS_290_290RS294095_31260,train,Crack,13133,0,343147,d:/current project/SIH PPts/roadsense_webapp/roadsense_webapp/Cracks-and-Potholes-in-Road-Images-Dataset-master/Cracks-and-Potholes-in-Road-Images-Dataset-master/Dataset/919562_RS_290_290RS294095_31260/919562_RS_290_290RS294095_31260_RAW.jpg
919629_RS_290_290RS294095_31595,val,Crack,4525,0,346447,d:/current project/SIH PPts/roadsense_webapp/roadsense_webapp/Cracks-and-Potholes-in-Road-Images-Dataset-master/Cracks-and-Potholes-in-Road-Images-Dataset-master/Dataset/919629_RS_290_290RS294095_31595/919629_RS_290_290RS294095_31595_RAW.jpg
1092759_DF_251_251BDF0052_00521,train,Crack,2753,0,338676,d:/current project/SIH PPts/roadsense_webapp/roadsense_webapp/Cracks-and-Potholes-in-Road-Images-Dataset-master/Cracks-and-Potholes-in-Road-Images-Dataset-master/Dataset/1092759_DF_251_251BDF0052_00521/1092759_DF_251_251BDF0052_00521_RAW.jpg
1081541_DF_080_080BDF0070_00394,train,Crack,13165,0,335624,d:/current project/SIH PPts/roadsense_webapp/roadsense_webapp/Cracks-and-Potholes-in-Road-Images-Dataset-master/Cracks-and-Potholes-in-Road-Images-Dataset-master/Dataset/1081541_DF_080_080BDF0070_00394/1081541_DF_080_080BDF0070_00394_RAW.jpg
1014816_RS_386_386RS124739_31005,train,Pothole,4091,181,386665,d:/current project/SIH PPts/roadsense_webapp/roadsense_webapp/Cracks-and-Potholes-in-Road-Images-Dataset-master/Cracks-and-Potholes-in-Road-Images-Dataset-master/Dataset/1014816_RS_386_386RS124739_31005/1014816_RS_386_386RS124739_31005_RAW.jpg
1054941_DF_020_020BDF0070_08025,train,Crack,6982,0,368229,d:/current project/SIH PPts/roadsense_webapp/roadsense_webapp/Cracks-and-Potholes-in-Road-Images-Dataset-master/Cracks-and-Potholes-in-Road-Images-Dataset-master/Dataset/1054941_DF_020_020BDF0070_08025/1054941_DF_020_020BDF0070_08025_RAW.jpg
1091607_DF_251_251BDF0490_00579,train,Crack,2467,0,358730,d:/current project/SIH PPts/roadsense_webapp/roadsense_webapp/Cracks-and-Potholes-in-Road-Images-Dataset-master/Cracks-and-Potholes-in-Road-Images-Dataset-master/Dataset/1091607_DF_251_251BDF0490_00579/1091607_DF_251_251BDF0490_00579_RAW.jpg
917201_RS_290_290RS294095_19455,train,Crack,3697,0,366314,d:/current project/SIH PPts/roadsense_webapp/roadsense_webapp/Cracks-and-Potholes-in-Road-Images-Dataset-master/Cracks-and-Potholes-in-Road-Images-Dataset-master/Dataset/917201_RS_290_290RS294095_19455/917201_RS_290_290RS294095_19455_RAW.jpg
1014665_RS_386_386RS124739_30250,train,Normal,1380,0,383499,d:/current project/SIH PPts/roadsense_webapp/roadsense_webapp/Cracks-and-Potholes-in-Road-Images-Dataset-master/Cracks-and-Potholes-in-Road-Images-Dataset-master/Dataset/1014665_RS_386_386RS124739_30250/1014665_RS_386_386RS124739_30250_RAW.jpg
1014587_RS_386_386RS124739_29860,train,Crack,15441,0,396132,d:/current project/SIH PPts/roadsense_webapp/roadsense_webapp/Cracks-and-Potholes-in-Road-Images-Dataset-master/Cracks-and-Potholes-in-Road-Images-Dataset-master/Dataset/1014587_RS_386_386RS124739_29860/1014587_RS_386_386RS124739_29860_RAW.jpg
941884_RS_290_290RS070691_02325,val,Pothole,0,19249,357817,d:/current project/SIH PPts/roadsense_webapp/roadsense_webapp/Cracks-and-Potholes-in-Road-Images-Dataset-master/Cracks-and-Potholes-in-Road-Images-Dataset-master/Dataset/941884_RS_290_290RS070691_02325/941884_RS_290_290RS070691_02325_RAW.jpg
1081812_DF_080_080BDF0070_00890,train,Crack,11811,0,327313,d:/current project/SIH PPts/roadsense_webapp/roadsense_webapp/Cracks-and-Potholes-in-Road-Images-Dataset-master/Cracks-and-Potholes-in-Road-Images-Dataset-master/Dataset/1081812_DF_080_080BDF0070_00890/1081812_DF_080_080BDF0070_00890_RAW.jpg
1014898_RS_386_386RS124739_31415,train,Crack,16551,0,372602,d:/current project/SIH PPts/roadsense_webapp/roadsense_webapp/Cracks-and-Potholes-in-Road-Images-Dataset-master/Cracks-and-Potholes-in-Road-Images-Dataset-master/Dataset/1014898_RS_386_386RS124739_31415/1014898_RS_386_386RS124739_31415_RAW.jpg
917379_RS_290_290RS294095_20345,train,Crack,9228,0,344580,d:/current project/SIH PPts/roadsense_webapp/roadsense_webapp/Cracks-and-Potholes-in-Road-Images-Dataset-master/Cracks-and-Potholes-in-Road-Images-Dataset-master/Dataset/917379_RS_290_290RS294095_20345/917379_RS_290_290RS294095_20345_RAW.jpg
941636_RS_290_290RS070691_01085,train,Pothole,811,1524,355834,d:/current project/SIH PPts/roadsense_webapp/roadsense_webapp/Cracks-and-Potholes-in-Road-Images-Dataset-master/Cracks-and-Potholes-in-Road-Images-Dataset-master/Dataset/941636_RS_290_290RS070691_01085/941636_RS_290_290RS070691_01085_RAW.jpg
918373_RS_290_290RS294095_25315,val,Crack,10974,0,357374,d:/current project/SIH PPts/roadsense_webapp/roadsense_webapp/Cracks-and-Potholes-in-Road-Images-Dataset-master/Cracks-and-Potholes-in-Road-Images-Dataset-master/Dataset/918373_RS_290_290RS294095_25315/918373_RS_290_290RS294095_25315_RAW.jpg
1090283_DF_070_070BDF0050_05829,train,Crack,1801,0,362004,d:/current project/SIH PPts/roadsense_webapp/roadsense_webapp/Cracks-and-Potholes-in-Road-Images-Dataset-master/Cracks-and-Potholes-in-Road-Images-Dataset-master/Dataset/1090283_DF_070_070BDF0050_05829/1090283_DF_070_070BDF0050_05829_RAW.jpg
1014689_RS_386_386RS124739_30371,train,Crack,5707,0,386849,d:/current project/SIH PPts/roadsense_webapp/roadsense_webapp/Cracks-and-Potholes-in-Road-Images-Dataset-master/Cracks-and-Potholes-in-Road-Images-Dataset-master/Dataset/1014689_RS_386_386RS124739_30371/1014689_RS_386_386RS124739_30371_RAW.jpg
1014623_RS_386_386RS124739_30040,train,Crack,3992,0,394660,d:/current project/SIH PPts/roadsense_webapp/roadsense_webapp/Cracks-and-Potholes-in-Road-Images-Dataset-master/Cracks-and-Potholes-in-Road-Images-Dataset-master/Dataset/1014623_RS_386_386RS124739_30040/1014623_RS_386_386RS124739_30040_RAW.jpg
1091871_DF_251_251BDF0490_01078,train,Crack,6810,0,358975,d:/current project/SIH PPts/roadsense_webapp/roadsense_webapp/Cracks-and-Potholes-in-Road-Images-Dataset-master/Cracks-and-Potholes-in-Road-Images-Dataset-master/Dataset/1091871_DF_251_251BDF0490_01078/1091871_DF_251_251BDF0490_01078_RAW.jpg
1068089_DF_010_010BDF0018_04320,val,Pothole,0,2354,378986,d:/current project/SIH PPts/roadsense_webapp/roadsense_webapp/Cracks-and-Potholes-in-Road-Images-Dataset-master/Cracks-and-Potholes-in-Road-Images-Dataset-master/Dataset/1068089_DF_010_010BDF0018_04320/1068089_DF_010_010BDF0018_04320_RAW.jpg
1053954_DF_020_020BDF0070_06194,train,Pothole,0,2216,357627,d:/current project/SIH PPts/roadsense_webapp/roadsense_webapp/Cracks-and-Potholes-in-Road-Images-Dataset-master/Cracks-and-Potholes-in-Road-Images-Dataset-master/Dataset/1053954_DF_020_020BDF0070_06194/1053954_DF_020_020BDF0070_06194_RAW.jpg
917038_RS_290_290RS294095_18640,train,Pothole,0,785,350464,d:/current project/SIH PPts/roadsense_webapp/roadsense_webapp/Cracks-and-Potholes-in-Road-Images-Dataset-master/Cracks-and-Potholes-in-Road-Images-Dataset-master/Dataset/917038_RS_290_290RS294095_18640/917038_RS_290_290RS294095_18640_RAW.jpg
1014617_RS_386_386RS124739_30010,train,Pothole,3867,434,404850,d:/current project/SIH PPts/roadsense_webapp/roadsense_webapp/Cracks-and-Potholes-in-Road-Images-Dataset-master/Cracks-and-Potholes-in-Road-Images-Dataset-master/Dataset/1014617_RS_386_386RS124739_30010/1014617_RS_386_386RS124739_30010_RAW.jpg
1093338_DF_251_251BDF0052_01597,train,Crack,8456,0,336292,d:/current project/SIH PPts/roadsense_webapp/roadsense_webapp/Cracks-and-Potholes-in-Road-Images-Dataset-master/Cracks-and-Potholes-in-Road-Images-Dataset-master/Dataset/1093338_DF_251_251BDF0052_01597/1093338_DF_251_251BDF0052_01597_RAW.jpg
994488_RS_386_386RS191729_09205,val,Pothole,0,815,365439,d:/current project/SIH PPts/roadsense_webapp/roadsense_webapp/Cracks-and-Potholes-in-Road-Images-Dataset-master/Cracks-and-Potholes-in-Road-Images-Dataset-master/Dataset/994488_RS_386_386RS191729_09205/994488_RS_386_386RS191729_09205_RAW.jpg
1090286_DF_070_070BDF0050_05835,train,Normal,1497,0,359655,d:/current project/SIH PPts/roadsense_webapp/roadsense_webapp/Cracks-and-Potholes-in-Road-Images-Dataset-master/Cracks-and-Potholes-in-Road-Images-Dataset-master/Dataset/1090286_DF_070_070BDF0050_05835/1090286_DF_070_070BDF0050_05835_RAW.jpg
1077140_DF_251_251BDF0530_04826,train,Normal,216,0,362716,d:/current project/SIH PPts/roadsense_webapp/roadsense_webapp/Cracks-and-Potholes-in-Road-Images-Dataset-master/Cracks-and-Potholes-in-Road-Images-Dataset-master/Dataset/1077140_DF_251_251BDF0530_04826/1077140_DF_251_251BDF0530_04826_RAW.jpg
1081757_DF_080_080BDF0070_00783,train,Crack,2074,0,325990,d:/current project/SIH PPts/roadsense_webapp/roadsense_webapp/Cracks-and-Potholes-in-Road-Images-Dataset-master/Cracks-and-Potholes-in-Road-Images-Dataset-master/Dataset/1081757_DF_080_080BDF0070_00783/1081757_DF_080_080BDF0070_00783_RAW.jpg
1061031_DF_251_251BDF0525_00530,train,Pothole,0,405,358483,d:/current project/SIH PPts/roadsense_webapp/roadsense_webapp/Cracks-and-Potholes-in-Road-Images-Dataset-master/Cracks-and-Potholes-in-Road-Images-Dataset-master/Dataset/1061031_DF_251_251BDF0525_00530/1061031_DF_251_251BDF0525_00530_RAW.jpg
1092982_DF_251_251BDF0052_00912,train,Crack,13032,0,354488,d:/current project/SIH PPts/roadsense_webapp/roadsense_webapp/Cracks-and-Potholes-in-Road-Images-Dataset-master/Cracks-and-Potholes-in-Road-Images-Dataset-master/Dataset/1092982_DF_251_251BDF0052_00912/1092982_DF_251_251BDF0052_00912_RAW.jpg
1014909_RS_386_386RS124739_31470,train,Normal,1467,0,374897,d:/current project/SIH PPts/roadsense_webapp/roadsense_webapp/Cracks-and-Potholes-in-Road-Images-Dataset-master/Cracks-and-Potholes-in-Road-Images-Dataset-master/Dataset/1014909_RS_386_386RS124739_31470/1014909_RS_386_386RS124739_31470_RAW.jpg
1083760_DF_080_080BDF0090_00307,train,Crack,1875,0,331859,d:/current project/SIH PPts/roadsense_webapp/roadsense_webapp/Cracks-and-Potholes-in-Road-Images-Dataset-master/Cracks-and-Potholes-in-Road-Images-Dataset-master/Dataset/1083760_DF_080_080BDF0090_00307/1083760_DF_080_080BDF0090_00307_RAW.jpg
1044259_DF_060_060BDF0050_00121,train,Pothole,0,589,388475,d:/current project/SIH PPts/roadsense_webapp/roadsense_webapp/Cracks-and-Potholes-in-Road-Images-Dataset-master/Cracks-and-Potholes-in-Road-Images-Dataset-master/Dataset/1044259_DF_060_060BDF0050_00121/1044259_DF_060_060BDF0050_00121_RAW.jpg
1092549_DF_251_251BDF0052_00159,train,Crack,7361,0,365443,d:/current project/SIH PPts/roadsense_webapp/roadsense_webapp/Cracks-and-Potholes-in-Road-Images-Dataset-master/Cracks-and-Potholes-in-Road-Images-Dataset-master/Dataset/1092549_DF_251_251BDF0052_00159/1092549_DF_251_251BDF0052_00159_RAW.jpg
919756_RS_290_290RS294095_32230,train,Crack,16503,0,363250,d:/current project/SIH PPts/roadsense_webapp/roadsense_webapp/Cracks-and-Potholes-in-Road-Images-Dataset-master/Cracks-and-Potholes-in-Road-Images-Dataset-master/Dataset/919756_RS_290_290RS294095_32230/919756_RS_290_290RS294095_32230_RAW.jpg
1091616_DF_251_251BDF0490_00595,train,Crack,4310,0,360757,d:/current project/SIH PPts/roadsense_webapp/roadsense_webapp/Cracks-and-Potholes-in-Road-Images-Dataset-master/Cracks-and-Potholes-in-Road-Images-Dataset-master/Dataset/1091616_DF_251_251BDF0490_00595/1091616_DF_251_251BDF0490_00595_RAW.jpg
1097168_DF_070_070BDF0010_04017,train,Crack,3817,0,380624,d:/current project/SIH PPts/roadsense_webapp/roadsense_webapp/Cracks-and-Potholes-in-Road-Images-Dataset-master/Cracks-and-Potholes-in-Road-Images-Dataset-master/Dataset/1097168_DF_070_070BDF0010_04017/1097168_DF_070_070BDF0010_04017_RAW.jpg
1092993_DF_251_251BDF0052_00932,train,Crack,14665,0,369232,d:/current project/SIH PPts/roadsense_webapp/roadsense_webapp/Cracks-and-Potholes-in-Road-Images-Dataset-master/Cracks-and-Potholes-in-Road-Images-Dataset-master/Dataset/1092993_DF_251_251BDF0052_00932/1092993_DF_251_251BDF0052_00932_RAW.jpg
1081511_DF_080_080BDF0070_00336,train,Crack,4100,0,343204,d:/current project/SIH PPts/roadsense_webapp/roadsense_webapp/Cracks-and-Potholes-in-Road-Images-Dataset-master/Cracks-and-Potholes-in-Road-Images-Dataset-master/Dataset/1081511_DF_080_080BDF0070_00336/1081511_DF_080_080BDF0070_00336_RAW.jpg
1094248_DF_251_251BDF0052_03216,train,Crack,9584,0,347734,d:/current project/SIH PPts/roadsense_webapp/roadsense_webapp/Cracks-and-Potholes-in-Road-Images-Dataset-master/Cracks-and-Potholes-in-Road-Images-Dataset-master/Dataset/1094248_DF_251_251BDF0052_03216/1094248_DF_251_251BDF0052_03216_RAW.jpg
941895_RS_290_290RS070691_02380,train,Pothole,0,1532,352141,d:/current project/SIH PPts/roadsense_webapp/roadsense_webapp/Cracks-and-Potholes-in-Road-Images-Dataset-master/Cracks-and-Potholes-in-Road-Images-Dataset-master/Dataset/941895_RS_290_290RS070691_02380/941895_RS_290_290RS070691_02380_RAW.jpg
917482_RS_290_290RS294095_20860,train,Crack,4971,0,350519,d:/current project/SIH PPts/roadsense_webapp/roadsense_webapp/Cracks-and-Potholes-in-Road-Images-Dataset-master/Cracks-and-Potholes-in-Road-Images-Dataset-master/Dataset/917482_RS_290_290RS294095_20860/917482_RS_290_290RS294095_20860_RAW.jpg
994201_RS_386_386RS191729_07770,train,Crack,7222,0,377571,d:/current project/SIH PPts/roadsense_webapp/roadsense_webapp/Cracks-and-Potholes-in-Road-Images-Dataset-master/Cracks-and-Potholes-in-Road-Images-Dataset-master/Dataset/994201_RS_386_386RS191729_07770/994201_RS_386_386RS191729_07770_RAW.jpg
1085400_DF_080_080BDF0090_03545,val,Crack,15289,0,347084,d:/current project/SIH PPts/roadsense_webapp/roadsense_webapp/Cracks-and-Potholes-in-Road-Images-Dataset-master/Cracks-and-Potholes-in-Road-Images-Dataset-master/Dataset/1085400_DF_080_080BDF0090_03545/1085400_DF_080_080BDF0090_03545_RAW.jpg
765442_ES_259_259ES000000_01310,train,Normal,1196,0,404182,d:/current project/SIH PPts/roadsense_webapp/roadsense_webapp/Cracks-and-Potholes-in-Road-Images-Dataset-master/Cracks-and-Potholes-in-Road-Images-Dataset-master/Dataset/765442_ES_259_259ES000000_01310/765442_ES_259_259ES000000_01310_RAW.jpg
919532_RS_290_290RS294095_31110,train,Crack,10696,0,342931,d:/current project/SIH PPts/roadsense_webapp/roadsense_webapp/Cracks-and-Potholes-in-Road-Images-Dataset-master/Cracks-and-Potholes-in-Road-Images-Dataset-master/Dataset/919532_RS_290_290RS294095_31110/919532_RS_290_290RS294095_31110_RAW.jpg
1014913_RS_386_386RS124739_31490,val,Pothole,3971,13418,382359,d:/current project/SIH PPts/roadsense_webapp/roadsense_webapp/Cracks-and-Potholes-in-Road-Images-Dataset-master/Cracks-and-Potholes-in-Road-Images-Dataset-master/Dataset/1014913_RS_386_386RS124739_31490/1014913_RS_386_386RS124739_31490_RAW.jpg
919729_RS_290_290RS294095_32095,val,Crack,7005,0,364713,d:/current project/SIH PPts/roadsense_webapp/roadsense_webapp/Cracks-and-Potholes-in-Road-Images-Dataset-master/Cracks-and-Potholes-in-Road-Images-Dataset-master/Dataset/919729_RS_290_290RS294095_32095/919729_RS_290_290RS294095_32095_RAW.jpg
1092866_DF_251_251BDF0052_00708,train,Crack,6741,0,363270,d:/current project/SIH PPts/roadsense_webapp/roadsense_webapp/Cracks-and-Potholes-in-Road-Images-Dataset-master/Cracks-and-Potholes-in-Road-Images-Dataset-master/Dataset/1092866_DF_251_251BDF0052_00708/1092866_DF_251_251BDF0052_00708_RAW.jpg
915965_RS_290_290RS294095_13275,train,Crack,5944,0,369854,d:/current project/SIH PPts/roadsense_webapp/roadsense_webapp/Cracks-and-Potholes-in-Road-Images-Dataset-master/Cracks-and-Potholes-in-Road-Images-Dataset-master/Dataset/915965_RS_290_290RS294095_13275/915965_RS_290_290RS294095_13275_RAW.jpg
1081828_DF_080_080BDF0070_00918,train,Crack,1682,0,348885,d:/current project/SIH PPts/roadsense_webapp/roadsense_webapp/Cracks-and-Potholes-in-Road-Images-Dataset-master/Cracks-and-Potholes-in-Road-Images-Dataset-master/Dataset/1081828_DF_080_080BDF0070_00918/1081828_DF_080_080BDF0070_00918_RAW.jpg
1090300_DF_070_070BDF0050_05861,train,Normal,1421,0,361915,d:/current project/SIH PPts/roadsense_webapp/roadsense_webapp/Cracks-and-Potholes-in-Road-Images-Dataset-master/Cracks-and-Potholes-in-Road-Images-Dataset-master/Dataset/1090300_DF_070_070BDF0050_05861/1090300_DF_070_070BDF0050_05861_RAW.jpg
919730_RS_290_290RS294095_32100,val,Crack,12762,0,367003,d:/current project/SIH PPts/roadsense_webapp/roadsense_webapp/Cracks-and-Potholes-in-Road-Images-Dataset-master/Cracks-and-Potholes-in-Road-Images-Dataset-master/Dataset/919730_RS_290_290RS294095_32100/919730_RS_290_290RS294095_32100_RAW.jpg
1025771_RS_386_386RS169832_08595,train,Crack,5880,0,394164,d:/current project/SIH PPts/roadsense_webapp/roadsense_webapp/Cracks-and-Potholes-in-Road-Images-Dataset-master/Cracks-and-Potholes-in-Road-Images-Dataset-master/Dataset/1025771_RS_386_386RS169832_08595/1025771_RS_386_386RS169832_08595_RAW.jpg
1092810_DF_251_251BDF0052_00610,train,Crack,7658,0,346329,d:/current project/SIH PPts/roadsense_webapp/roadsense_webapp/Cracks-and-Potholes-in-Road-Images-Dataset-master/Cracks-and-Potholes-in-Road-Images-Dataset-master/Dataset/1092810_DF_251_251BDF0052_00610/1092810_DF_251_251BDF0052_00610_RAW.jpg
1076329_DF_251_251BDF0530_03316,val,Crack,1847,0,347279,d:/current project/SIH PPts/roadsense_webapp/roadsense_webapp/Cracks-and-Potholes-in-Road-Images-Dataset-master/Cracks-and-Potholes-in-Road-Images-Dataset-master/Dataset/1076329_DF_251_251BDF0530_03316/1076329_DF_251_251BDF0530_03316_RAW.jpg
883079_RS_290_290RS150131_16125,train,Pothole,0,80014,345094,d:/current project/SIH PPts/roadsense_webapp/roadsense_webapp/Cracks-and-Potholes-in-Road-Images-Dataset-master/Cracks-and-Potholes-in-Road-Images-Dataset-master/Dataset/883079_RS_290_290RS150131_16125/883079_RS_290_290RS150131_16125_RAW.jpg
919534_RS_290_290RS294095_31120,train,Crack,4108,0,345766,d:/current project/SIH PPts/roadsense_webapp/roadsense_webapp/Cracks-and-Potholes-in-Road-Images-Dataset-master/Cracks-and-Potholes-in-Road-Images-Dataset-master/Dataset/919534_RS_290_290RS294095_31120/919534_RS_290_290RS294095_31120_RAW.jpg
918939_RS_290_290RS294095_28145,train,Normal,975,0,347509,d:/current project/SIH PPts/roadsense_webapp/roadsense_webapp/Cracks-and-Potholes-in-Road-Images-Dataset-master/Cracks-and-Potholes-in-Road-Images-Dataset-master/Dataset/918939_RS_290_290RS294095_28145/918939_RS_290_290RS294095_28145_RAW.jpg
1075250_DF_251_251BDF0530_01330,train,Pothole,348,683,322346,d:/current project/SIH PPts/roadsense_webapp/roadsense_webapp/Cracks-and-Potholes-in-Road-Images-Dataset-master/Cracks-and-Potholes-in-Road-Images-Dataset-master/Dataset/1075250_DF_251_251BDF0530_01330/1075250_DF_251_251BDF0530_01330_RAW.jpg
1092855_DF_251_251BDF0052_00689,train,Crack,6910,0,355120,d:/current project/SIH PPts/roadsense_webapp/roadsense_webapp/Cracks-and-Potholes-in-Road-Images-Dataset-master/Cracks-and-Potholes-in-Road-Images-Dataset-master/Dataset/1092855_DF_251_251BDF0052_00689/1092855_DF_251_251BDF0052_00689_RAW.jpg
1092741_DF_251_251BDF0052_00490,train,Crack,3842,0,330785,d:/current project/SIH PPts/roadsense_webapp/roadsense_webapp/Cracks-and-Potholes-in-Road-Images-Dataset-master/Cracks-and-Potholes-in-Road-Images-Dataset-master/Dataset/1092741_DF_251_251BDF0052_00490/1092741_DF_251_251BDF0052_00490_RAW.jpg
1092829_DF_251_251BDF0052_00643,train,Crack,9216,0,347891,d:/current project/SIH PPts/roadsense_webapp/roadsense_webapp/Cracks-and-Potholes-in-Road-Images-Dataset-master/Cracks-and-Potholes-in-Road-Images-Dataset-master/Dataset/1092829_DF_251_251BDF0052_00643/1092829_DF_251_251BDF0052_00643_RAW.jpg
820313_ES_259_259ES000000_03050,train,Pothole,0,2516,430687,d:/current project/SIH PPts/roadsense_webapp/roadsense_webapp/Cracks-and-Potholes-in-Road-Images-Dataset-master/Cracks-and-Potholes-in-Road-Images-Dataset-master/Dataset/820313_ES_259_259ES000000_03050/820313_ES_259_259ES000000_03050_RAW.jpg
1014916_RS_386_386RS124739_31505,train,Crack,2246,0,365691,d:/current project/SIH PPts/roadsense_webapp/roadsense_webapp/Cracks-and-Potholes-in-Road-Images-Dataset-master/Cracks-and-Potholes-in-Road-Images-Dataset-master/Dataset/1014916_RS_386_386RS124739_31505/1014916_RS_386_386RS124739_31505_RAW.jpg
1053879_DF_020_020BDF0070_06059,train,Pothole,3763,797,385629,d:/current project/SIH PPts/roadsense_webapp/roadsense_webapp/Cracks-and-Potholes-in-Road-Images-Dataset-master/Cracks-and-Potholes-in-Road-Images-Dataset-master/Dataset/1053879_DF_020_020BDF0070_06059/1053879_DF_020_020BDF0070_06059_RAW.jpg
1083752_DF_080_080BDF0090_00291,train,Pothole,0,2988,343047,d:/current project/SIH PPts/roadsense_webapp/roadsense_webapp/Cracks-and-Potholes-in-Road-Images-Dataset-master/Cracks-and-Potholes-in-Road-Images-Dataset-master/Dataset/1083752_DF_080_080BDF0090_00291/1083752_DF_080_080BDF0090_00291_RAW.jpg
941929_RS_290_290RS070691_02551,train,Pothole,0,34292,352002,d:/current project/SIH PPts/roadsense_webapp/roadsense_webapp/Cracks-and-Potholes-in-Road-Images-Dataset-master/Cracks-and-Potholes-in-Road-Images-Dataset-master/Dataset/941929_RS_290_290RS070691_02551/941929_RS_290_290RS070691_02551_RAW.jpg
1094278_DF_251_251BDF0052_03273,val,Crack,3981,0,353210,d:/current project/SIH PPts/roadsense_webapp/roadsense_webapp/Cracks-and-Potholes-in-Road-Images-Dataset-master/Cracks-and-Potholes-in-Road-Images-Dataset-master/Dataset/1094278_DF_251_251BDF0052_03273/1094278_DF_251_251BDF0052_03273_RAW.jpg
1014686_RS_386_386RS124739_30355,train,Crack,11771,0,388623,d:/current project/SIH PPts/roadsense_webapp/roadsense_webapp/Cracks-and-Potholes-in-Road-Images-Dataset-master/Cracks-and-Potholes-in-Road-Images-Dataset-master/Dataset/1014686_RS_386_386RS124739_30355/1014686_RS_386_386RS124739_30355_RAW.jpg
917364_RS_290_290RS294095_20270,train,Normal,975,0,354073,d:/current project/SIH PPts/roadsense_webapp/roadsense_webapp/Cracks-and-Potholes-in-Road-Images-Dataset-master/Cracks-and-Potholes-in-Road-Images-Dataset-master/Dataset/917364_RS_290_290RS294095_20270/917364_RS_290_290RS294095_20270_RAW.jpg
1061033_DF_251_251BDF0525_00534,val,Pothole,0,2489,361271,d:/current project/SIH PPts/roadsense_webapp/roadsense_webapp/Cracks-and-Potholes-in-Road-Images-Dataset-master/Cracks-and-Potholes-in-Road-Images-Dataset-master/Dataset/1061033_DF_251_251BDF0525_00534/1061033_DF_251_251BDF0525_00534_RAW.jpg
1014780_RS_386_386RS124739_30826,train,Pothole,10305,4846,394883,d:/current project/SIH PPts/roadsense_webapp/roadsense_webapp/Cracks-and-Potholes-in-Road-Images-Dataset-master/Cracks-and-Potholes-in-Road-Images-Dataset-master/Dataset/1014780_RS_386_386RS124739_30826/1014780_RS_386_386RS124739_30826_RAW.jpg
1067754_DF_010_010BDF0018_03608,train,Crack,3728,0,377327,d:/current project/SIH PPts/roadsense_webapp/roadsense_webapp/Cracks-and-Potholes-in-Road-Images-Dataset-master/Cracks-and-Potholes-in-Road-Images-Dataset-master/Dataset/1067754_DF_010_010BDF0018_03608/1067754_DF_010_010BDF0018_03608_RAW.jpg
1025742_RS_386_386RS169832_08450,train,Crack,11614,0,377129,d:/current project/SIH PPts/roadsense_webapp/roadsense_webapp/Cracks-and-Potholes-in-Road-Images-Dataset-master/Cracks-and-Potholes-in-Road-Images-Dataset-master/Dataset/1025742_RS_386_386RS169832_08450/1025742_RS_386_386RS169832_08450_RAW.jpg
994110_RS_386_386RS191729_07315,train,Pothole,5005,8534,359249,d:/current project/SIH PPts/roadsense_webapp/roadsense_webapp/Cracks-and-Potholes-in-Road-Images-Dataset-master/Cracks-and-Potholes-in-Road-Images-Dataset-master/Dataset/994110_RS_386_386RS191729_07315/994110_RS_386_386RS191729_07315_RAW.jpg
919274_RS_290_290RS294095_29820,train,Crack,7012,0,346336,d:/current project/SIH PPts/roadsense_webapp/roadsense_webapp/Cracks-and-Potholes-in-Road-Images-Dataset-master/Cracks-and-Potholes-in-Road-Images-Dataset-master/Dataset/919274_RS_290_290RS294095_29820/919274_RS_290_290RS294095_29820_RAW.jpg
916002_RS_290_290RS294095_13460,train,Pothole,0,975,367282,d:/current project/SIH PPts/roadsense_webapp/roadsense_webapp/Cracks-and-Potholes-in-Road-Images-Dataset-master/Cracks-and-Potholes-in-Road-Images-Dataset-master/Dataset/916002_RS_290_290RS294095_13460/916002_RS_290_290RS294095_13460_RAW.jpg
1054924_DF_020_020BDF0070_07996,train,Normal,921,0,393570,d:/current project/SIH PPts/roadsense_webapp/roadsense_webapp/Cracks-and-Potholes-in-Road-Images-Dataset-master/Cracks-and-Potholes-in-Road-Images-Dataset-master/Dataset/1054924_DF_020_020BDF0070_07996/1054924_DF_020_020BDF0070_07996_RAW.jpg
1092292_DF_251_251BDF0490_01853,train,Pothole,0,1335,362730,d:/current project/SIH PPts/roadsense_webapp/roadsense_webapp/Cracks-and-Potholes-in-Road-Images-Dataset-master/Cracks-and-Potholes-in-Road-Images-Dataset-master/Dataset/1092292_DF_251_251BDF0490_01853/1092292_DF_251_251BDF0490_01853_RAW.jpg
1067835_DF_010_010BDF0018_03802,val,Normal,1097,0,345345,d:/current project/SIH PPts/roadsense_webapp/roadsense_webapp/Cracks-and-Potholes-in-Road-Images-Dataset-master/Cracks-and-Potholes-in-Road-Images-Dataset-master/Dataset/1067835_DF_010_010BDF0018_03802/1067835_DF_010_010BDF0018_03802_RAW.jpg
994599_RS_386_386RS191729_09760,val,Crack,11459,0,357667,d:/current project/SIH PPts/roadsense_webapp/roadsense_webapp/Cracks-and-Potholes-in-Road-Images-Dataset-master/Cracks-and-Potholes-in-Road-Images-Dataset-master/Dataset/994599_RS_386_386RS191729_09760/994599_RS_386_386RS191729_09760_RAW.jpg
1090284_DF_070_070BDF0050_05831,train,Crack,3740,0,360792,d:/current project/SIH PPts/roadsense_webapp/roadsense_webapp/Cracks-and-Potholes-in-Road-Images-Dataset-master/Cracks-and-Potholes-in-Road-Images-Dataset-master/Dataset/1090284_DF_070_070BDF0050_05831/1090284_DF_070_070BDF0050_05831_RAW.jpg
883080_RS_290_290RS150131_16130,train,Pothole,0,124072,343861,d:/current project/SIH PPts/roadsense_webapp/roadsense_webapp/Cracks-and-Potholes-in-Road-Images-Dataset-master/Cracks-and-Potholes-in-Road-Images-Dataset-master/Dataset/883080_RS_290_290RS150131_16130/883080_RS_290_290RS150131_16130_RAW.jpg
1025858_RS_386_386RS169832_09030,train,Pothole,16541,1729,390947,d:/current project/SIH PPts/roadsense_webapp/roadsense_webapp/Cracks-and-Potholes-in-Road-Images-Dataset-master/Cracks-and-Potholes-in-Road-Images-Dataset-master/Dataset/1025858_RS_386_386RS169832_09030/1025858_RS_386_386RS169832_09030_RAW.jpg
1054926_DF_020_020BDF0070_07999,train,Normal,1217,0,380107,d:/current project/SIH PPts/roadsense_webapp/roadsense_webapp/Cracks-and-Potholes-in-Road-Images-Dataset-master/Cracks-and-Potholes-in-Road-Images-Dataset-master/Dataset/1054926_DF_020_020BDF0070_07999/1054926_DF_020_020BDF0070_07999_RAW.jpg
919761_RS_290_290RS294095_32255,train,Crack,6251,0,365597,d:/current project/SIH PPts/roadsense_webapp/roadsense_webapp/Cracks-and-Potholes-in-Road-Images-Dataset-master/Cracks-and-Potholes-in-Road-Images-Dataset-master/Dataset/919761_RS_290_290RS294095_32255/919761_RS_290_290RS294095_32255_RAW.jpg
1014709_RS_386_386RS124739_30470,train,Crack,2350,0,394093,d:/current project/SIH PPts/roadsense_webapp/roadsense_webapp/Cracks-and-Potholes-in-Road-Images-Dataset-master/Cracks-and-Potholes-in-Road-Images-Dataset-master/Dataset/1014709_RS_386_386RS124739_30470/1014709_RS_386_386RS124739_30470_RAW.jpg
1093003_DF_251_251BDF0052_00950,train,Crack,4254,0,358785,d:/current project/SIH PPts/roadsense_webapp/roadsense_webapp/Cracks-and-Potholes-in-Road-Images-Dataset-master/Cracks-and-Potholes-in-Road-Images-Dataset-master/Dataset/1093003_DF_251_251BDF0052_00950/1093003_DF_251_251BDF0052_00950_RAW.jpg
883252_RS_290_290RS150131_16990,train,Pothole,0,27468,345650,d:/current project/SIH PPts/roadsense_webapp/roadsense_webapp/Cracks-and-Potholes-in-Road-Images-Dataset-master/Cracks-and-Potholes-in-Road-Images-Dataset-master/Dataset/883252_RS_290_290RS150131_16990/883252_RS_290_290RS150131_16990_RAW.jpg
917893_RS_290_290RS294095_22915,train,Crack,3136,0,362430,d:/current project/SIH PPts/roadsense_webapp/roadsense_webapp/Cracks-and-Potholes-in-Road-Images-Dataset-master/Cracks-and-Potholes-in-Road-Images-Dataset-master/Dataset/917893_RS_290_290RS294095_22915/917893_RS_290_290RS294095_22915_RAW.jpg
994587_RS_386_386RS191729_09700,val,Crack,9510,0,355428,d:/current project/SIH PPts/roadsense_webapp/roadsense_webapp/Cracks-and-Potholes-in-Road-Images-Dataset-master/Cracks-and-Potholes-in-Road-Images-Dataset-master/Dataset/994587_RS_386_386RS191729_09700/994587_RS_386_386RS191729_09700_RAW.jpg
1091739_DF_251_251BDF0490_00828,train,Normal,801,0,364625,d:/current project/SIH PPts/roadsense_webapp/roadsense_webapp/Cracks-and-Potholes-in-Road-Images-Dataset-master/Cracks-and-Potholes-in-Road-Images-Dataset-master/Dataset/1091739_DF_251_251BDF0490_00828/1091739_DF_251_251BDF0490_00828_RAW.jpg
917805_RS_290_290RS294095_22475,val,Crack,2430,0,371181,d:/current project/SIH PPts/roadsense_webapp/roadsense_webapp/Cracks-and-Potholes-in-Road-Images-Dataset-master/Cracks-and-Potholes-in-Road-Images-Dataset-master/Dataset/917805_RS_290_290RS294095_22475/917805_RS_290_290RS294095_22475_RAW.jpg
1081506_DF_080_080BDF0070_00327,val,Crack,11457,0,332830,d:/current project/SIH PPts/roadsense_webapp/roadsense_webapp/Cracks-and-Potholes-in-Road-Images-Dataset-master/Cracks-and-Potholes-in-Road-Images-Dataset-master/Dataset/1081506_DF_080_080BDF0070_00327/1081506_DF_080_080BDF0070_00327_RAW.jpg
919184_RS_290_290RS294095_29370,train,Crack,6660,0,362984,d:/current project/SIH PPts/roadsense_webapp/roadsense_webapp/Cracks-and-Potholes-in-Road-Images-Dataset-master/Cracks-and-Potholes-in-Road-Images-Dataset-master/Dataset/919184_RS_290_290RS294095_29370/919184_RS_290_290RS294095_29370_RAW.jpg
1092940_DF_251_251BDF0052_00838,train,Crack,8308,0,358980,d:/current project/SIH PPts/roadsense_webapp/roadsense_webapp/Cracks-and-Potholes-in-Road-Images-Dataset-master/Cracks-and-Potholes-in-Road-Images-Dataset-master/Dataset/1092940_DF_251_251BDF0052_00838/1092940_DF_251_251BDF0052_00838_RAW.jpg
1014900_RS_386_386RS124739_31425,train,Crack,7142,0,363281,d:/current project/SIH PPts/roadsense_webapp/roadsense_webapp/Cracks-and-Potholes-in-Road-Images-Dataset-master/Cracks-and-Potholes-in-Road-Images-Dataset-master/Dataset/1014900_RS_386_386RS124739_31425/1014900_RS_386_386RS124739_31425_RAW.jpg
1085376_DF_080_080BDF0090_03501,train,Crack,8334,0,332348,d:/current project/SIH PPts/roadsense_webapp/roadsense_webapp/Cracks-and-Potholes-in-Road-Images-Dataset-master/Cracks-and-Potholes-in-Road-Images-Dataset-master/Dataset/1085376_DF_080_080BDF0090_03501/1085376_DF_080_080BDF0090_03501_RAW.jpg
1092844_DF_251_251BDF0052_00669,train,Crack,9537,0,361203,d:/current project/SIH PPts/roadsense_webapp/roadsense_webapp/Cracks-and-Potholes-in-Road-Images-Dataset-master/Cracks-and-Potholes-in-Road-Images-Dataset-master/Dataset/1092844_DF_251_251BDF0052_00669/1092844_DF_251_251BDF0052_00669_RAW.jpg
773816_ES_259_259ES000000_43180,train,Normal,489,0,410859,d:/current project/SIH PPts/roadsense_webapp/roadsense_webapp/Cracks-and-Potholes-in-Road-Images-Dataset-master/Cracks-and-Potholes-in-Road-Images-Dataset-master/Dataset/773816_ES_259_259ES000000_43180/773816_ES_259_259ES000000_43180_RAW.jpg
1091814_DF_251_251BDF0490_00970,train,Crack,8215,0,346932,d:/current project/SIH PPts/roadsense_webapp/roadsense_webapp/Cracks-and-Potholes-in-Road-Images-Dataset-master/Cracks-and-Potholes-in-Road-Images-Dataset-master/Dataset/1091814_DF_251_251BDF0490_00970/1091814_DF_251_251BDF0490_00970_RAW.jpg
919263_RS_290_290RS294095_29766,train,Pothole,0,796,351930,d:/current project/SIH PPts/roadsense_webapp/roadsense_webapp/Cracks-and-Potholes-in-Road-Images-Dataset-master/Cracks-and-Potholes-in-Road-Images-Dataset-master/Dataset/919263_RS_290_290RS294095_29766/919263_RS_290_290RS294095_29766_RAW.jpg
1091851_DF_251_251BDF0490_01040,train,Normal,1494,0,350925,d:/current project/SIH PPts/roadsense_webapp/roadsense_webapp/Cracks-and-Potholes-in-Road-Images-Dataset-master/Cracks-and-Potholes-in-Road-Images-Dataset-master/Dataset/1091851_DF_251_251BDF0490_01040/1091851_DF_251_251BDF0490_01040_RAW.jpg
917396_RS_290_290RS294095_20430,val,Pothole,5544,4774,344329,d:/current project/SIH PPts/roadsense_webapp/roadsense_webapp/Cracks-and-Potholes-in-Road-Images-Dataset-master/Cracks-and-Potholes-in-Road-Images-Dataset-master/Dataset/917396_RS_290_290RS294095_20430/917396_RS_290_290RS294095_20430_RAW.jpg
918531_RS_290_290RS294095_26106,train,Normal,1266,0,358476,d:/current project/SIH PPts/roadsense_webapp/roadsense_webapp/Cracks-and-Potholes-in-Road-Images-Dataset-master/Cracks-and-Potholes-in-Road-Images-Dataset-master/Dataset/918531_RS_290_290RS294095_26106/918531_RS_290_290RS294095_26106_RAW.jpg
1025769_RS_386_386RS169832_08585,val,Crack,5270,0,393798,d:/current project/SIH PPts/roadsense_webapp/roadsense_webapp/Cracks-and-Potholes-in-Road-Images-Dataset-master/Cracks-and-Potholes-in-Road-Images-Dataset-master/Dataset/1025769_RS_386_386RS169832_08585/1025769_RS_386_386RS169832_08585_RAW.jpg
917461_RS_290_290RS294095_20755,train,Crack,4210,0,352711,d:/current project/SIH PPts/roadsense_webapp/roadsense_webapp/Cracks-and-Potholes-in-Road-Images-Dataset-master/Cracks-and-Potholes-in-Road-Images-Dataset-master/Dataset/917461_RS_290_290RS294095_20755/917461_RS_290_290RS294095_20755_RAW.jpg
917700_RS_290_290RS294095_21950,train,Pothole,0,17420,368445,d:/current project/SIH PPts/roadsense_webapp/roadsense_webapp/Cracks-and-Potholes-in-Road-Images-Dataset-master/Cracks-and-Potholes-in-Road-Images-Dataset-master/Dataset/917700_RS_290_290RS294095_21950/917700_RS_290_290RS294095_21950_RAW.jpg
1066570_DF_010_010BDF0018_01156,train,Pothole,286,486,348929,d:/current project/SIH PPts/roadsense_webapp/roadsense_webapp/Cracks-and-Potholes-in-Road-Images-Dataset-master/Cracks-and-Potholes-in-Road-Images-Dataset-master/Dataset/1066570_DF_010_010BDF0018_01156/1066570_DF_010_010BDF0018_01156_RAW.jpg
994504_RS_386_386RS191729_09285,val,Crack,1800,0,357729,d:/current project/SIH PPts/roadsense_webapp/roadsense_webapp/Cracks-and-Potholes-in-Road-Images-Dataset-master/Cracks-and-Potholes-in-Road-Images-Dataset-master/Dataset/994504_RS_386_386RS191729_09285/994504_RS_386_386RS191729_09285_RAW.jpg
1094553_DF_251_251BDF0052_03781,train,Crack,7576,0,338039,d:/current project/SIH PPts/roadsense_webapp/roadsense_webapp/Cracks-and-Potholes-in-Road-Images-Dataset-master/Cracks-and-Potholes-in-Road-Images-Dataset-master/Dataset/1094553_DF_251_251BDF0052_03781/1094553_DF_251_251BDF0052_03781_RAW.jpg
919012_RS_290_290RS294095_28510,val,Normal,599,0,348247,d:/current project/SIH PPts/roadsense_webapp/roadsense_webapp/Cracks-and-Potholes-in-Road-Images-Dataset-master/Cracks-and-Potholes-in-Road-Images-Dataset-master/Dataset/919012_RS_290_290RS294095_28510/919012_RS_290_290RS294095_28510_RAW.jpg
994101_RS_386_386RS191729_07270,train,Crack,11448,0,364036,d:/current project/SIH PPts/roadsense_webapp/roadsense_webapp/Cracks-and-Potholes-in-Road-Images-Dataset-master/Cracks-and-Potholes-in-Road-Images-Dataset-master/Dataset/994101_RS_386_386RS191729_07270/994101_RS_386_386RS191729_07270_RAW.jpg
917543_RS_290_290RS294095_21165,train,Pothole,5013,1998,347853,d:/current project/SIH PPts/roadsense_webapp/roadsense_webapp/Cracks-and-Potholes-in-Road-Images-Dataset-master/Cracks-and-Potholes-in-Road-Images-Dataset-master/Dataset/917543_RS_290_290RS294095_21165/917543_RS_290_290RS294095_21165_RAW.jpg
1014728_RS_386_386RS124739_30565,train,Normal,1025,0,369310,d:/current project/SIH PPts/roadsense_webapp/roadsense_webapp/Cracks-and-Potholes-in-Road-Images-Dataset-master/Cracks-and-Potholes-in-Road-Images-Dataset-master/Dataset/1014728_RS_386_386RS124739_30565/1014728_RS_386_386RS124739_30565_RAW.jpg
1014855_RS_386_386RS124739_31201,train,Pothole,3646,1180,378287,d:/current project/SIH PPts/roadsense_webapp/roadsense_webapp/Cracks-and-Potholes-in-Road-Images-Dataset-master/Cracks-and-Potholes-in-Road-Images-Dataset-master/Dataset/1014855_RS_386_386RS124739_31201/1014855_RS_386_386RS124739_31201_RAW.jpg
994204_RS_386_386RS191729_07787,train,Pothole,0,3261,371924,d:/current project/SIH PPts/roadsense_webapp/roadsense_webapp/Cracks-and-Potholes-in-Road-Images-Dataset-master/Cracks-and-Potholes-in-Road-Images-Dataset-master/Dataset/994204_RS_386_386RS191729_07787/994204_RS_386_386RS191729_07787_RAW.jpg
919774_RS_290_290RS294095_32320,train,Crack,8128,0,374114,d:/current project/SIH PPts/roadsense_webapp/roadsense_webapp/Cracks-and-Potholes-in-Road-Images-Dataset-master/Cracks-and-Potholes-in-Road-Images-Dataset-master/Dataset/919774_RS_290_290RS294095_32320/919774_RS_290_290RS294095_32320_RAW.jpg
941613_RS_290_290RS070691_00970,train,Pothole,0,52421,372532,d:/current project/SIH PPts/roadsense_webapp/roadsense_webapp/Cracks-and-Potholes-in-Road-Images-Dataset-master/Cracks-and-Potholes-in-Road-Images-Dataset-master/Dataset/941613_RS_290_290RS070691_00970/941613_RS_290_290RS070691_00970_RAW.jpg
1092845_DF_251_251BDF0052_00671,train,Crack,11130,0,362052,d:/current project/SIH PPts/roadsense_webapp/roadsense_webapp/Cracks-and-Potholes-in-Road-Images-Dataset-master/Cracks-and-Potholes-in-Road-Images-Dataset-master/Dataset/1092845_DF_251_251BDF0052_00671/1092845_DF_251_251BDF0052_00671_RAW.jpg
919258_RS_290_290RS294095_29740,train,Crack,2586,0,345721,d:/current project/SIH PPts/roadsense_webapp/roadsense_webapp/Cracks-and-Potholes-in-Road-Images-Dataset-master/Cracks-and-Potholes-in-Road-Images-Dataset-master/Dataset/919258_RS_290_290RS294095_29740/919258_RS_290_290RS294095_29740_RAW.jpg
1014823_RS_386_386RS124739_31040,train,Crack,10178,0,392053,d:/current project/SIH PPts/roadsense_webapp/roadsense_webapp/Cracks-and-Potholes-in-Road-Images-Dataset-master/Cracks-and-Potholes-in-Road-Images-Dataset-master/Dataset/1014823_RS_386_386RS124739_31040/1014823_RS_386_386RS124739_31040_RAW.jpg
1091704_DF_251_251BDF0490_00762,train,Crack,7738,0,359821,d:/current project/SIH PPts/roadsense_webapp/roadsense_webapp/Cracks-and-Potholes-in-Road-Images-Dataset-master/Cracks-and-Potholes-in-Road-Images-Dataset-master/Dataset/1091704_DF_251_251BDF0490_00762/1091704_DF_251_251BDF0490_00762_RAW.jpg
1014787_RS_386_386RS124739_30860,train,Pothole,8171,55831,390440,d:/current project/SIH PPts/roadsense_webapp/roadsense_webapp/Cracks-and-Potholes-in-Road-Images-Dataset-master/Cracks-and-Potholes-in-Road-Images-Dataset-master/Dataset/1014787_RS_386_386RS124739_30860/1014787_RS_386_386RS124739_30860_RAW.jpg
1097235_DF_070_070BDF0010_04135,val,Pothole,0,1328,359231,d:/current project/SIH PPts/roadsense_webapp/roadsense_webapp/Cracks-and-Potholes-in-Road-Images-Dataset-master/Cracks-and-Potholes-in-Road-Images-Dataset-master/Dataset/1097235_DF_070_070BDF0010_04135/1097235_DF_070_070BDF0010_04135_RAW.jpg
1046388_DF_060_060BDF0030_01578,train,Pothole,0,12964,367066,d:/current project/SIH PPts/roadsense_webapp/roadsense_webapp/Cracks-and-Potholes-in-Road-Images-Dataset-master/Cracks-and-Potholes-in-Road-Images-Dataset-master/Dataset/1046388_DF_060_060BDF0030_01578/1046388_DF_060_060BDF0030_01578_RAW.jpg
994464_RS_386_386RS191729_09085,train,Crack,2921,0,365335,d:/current project/SIH PPts/roadsense_webapp/roadsense_webapp/Cracks-and-Potholes-in-Road-Images-Dataset-master/Cracks-and-Potholes-in-Road-Images-Dataset-master/Dataset/994464_RS_386_386RS191729_09085/994464_RS_386_386RS191729_09085_RAW.jpg
1094254_DF_251_251BDF0052_03227,train,Crack,9060,0,351844,d:/current project/SIH PPts/roadsense_webapp/roadsense_webapp/Cracks-and-Potholes-in-Road-Images-Dataset-master/Cracks-and-Potholes-in-Road-Images-Dataset-master/Dataset/1094254_DF_251_251BDF0052_03227/1094254_DF_251_251BDF0052_03227_RAW.jpg
915960_RS_290_290RS294095_13250,train,Crack,3597,0,365236,d:/current project/SIH PPts/roadsense_webapp/roadsense_webapp/Cracks-and-Potholes-in-Road-Images-Dataset-master/Cracks-and-Potholes-in-Road-Images-Dataset-master/Dataset/915960_RS_290_290RS294095_13250/915960_RS_290_290RS294095_13250_RAW.jpg
1081540_DF_080_080BDF0070_00392,train,Crack,18146,0,346809,d:/current project/SIH PPts/roadsense_webapp/roadsense_webapp/Cracks-and-Potholes-in-Road-Images-Dataset-master/Cracks-and-Potholes-in-Road-Images-Dataset-master/Dataset/1081540_DF_080_080BDF0070_00392/1081540_DF_080_080BDF0070_00392_RAW.jpg
994604_RS_386_386RS191729_09785,train,Crack,8447,0,372969,d:/current project/SIH PPts/roadsense_webapp/roadsense_webapp/Cracks-and-Potholes-in-Road-Images-Dataset-master/Cracks-and-Potholes-in-Road-Images-Dataset-master/Dataset/994604_RS_386_386RS191729_09785/994604_RS_386_386RS191729_09785_RAW.jpg
1092528_DF_251_251BDF0052_00121,train,Crack,5513,0,363191,d:/current project/SIH PPts/roadsense_webapp/roadsense_webapp/Cracks-and-Potholes-in-Road-Images-Dataset-master/Cracks-and-Potholes-in-Road-Images-Dataset-master/Dataset/1092528_DF_251_251BDF0052_00121/1092528_DF_251_251BDF0052_00121_RAW.jpg
1054928_DF_020_020BDF0070_08003,val,Normal,576,0,370649,d:/current project/SIH PPts/roadsense_webapp/roadsense_webapp/Cracks-and-Potholes-in-Road-Images-Dataset-master/Cracks-and-Potholes-in-Road-Images-Dataset-master/Dataset/1054928_DF_020_020BDF0070_08003/1054928_DF_020_020BDF0070_08003_RAW.jpg
916655_RS_290_290RS294095_16725,train,Crack,4835,0,346290,d:/current project/SIH PPts/roadsense_webapp/roadsense_webapp/Cracks-and-Potholes-in-Road-Images-Dataset-master/Cracks-and-Potholes-in-Road-Images-Dataset-master/Dataset/916655_RS_290_290RS294095_16725/916655_RS_290_290RS294095_16725_RAW.jpg
941909_RS_290_290RS070691_02451,train,Pothole,0,672,348114,d:/current project/SIH PPts/roadsense_webapp/roadsense_webapp/Cracks-and-Potholes-in-Road-Images-Dataset-master/Cracks-and-Potholes-in-Road-Images-Dataset-master/Dataset/941909_RS_290_290RS070691_02451/941909_RS_290_290RS070691_02451_RAW.jpg
1083994_DF_080_080BDF0090_00778,train,Crack,8327,0,323662,d:/current project/SIH PPts/roadsense_webapp/roadsense_webapp/Cracks-and-Potholes-in-Road-Images-Dataset-master/Cracks-and-Potholes-in-Road-Images-Dataset-master/Dataset/1083994_DF_080_080BDF0090_00778/1083994_DF_080_080BDF0090_00778_RAW.jpg
1091751_DF_251_251BDF0490_00851,val,Crack,1923,0,348973,d:/current project/SIH PPts/roadsense_webapp/roadsense_webapp/Cracks-and-Potholes-in-Road-Images-Dataset-master/Cracks-and-Potholes-in-Road-Images-Dataset-master/Dataset/1091751_DF_251_251BDF0490_00851/1091751_DF_251_251BDF0490_00851_RAW.jpg
1091873_DF_251_251BDF0490_01082,train,Crack,9075,0,361048,d:/current project/SIH PPts/roadsense_webapp/roadsense_webapp/Cracks-and-Potholes-in-Road-Images-Dataset-master/Cracks-and-Potholes-in-Road-Images-Dataset-master/Dataset/1091873_DF_251_251BDF0490_01082/1091873_DF_251_251BDF0490_01082_RAW.jpg
916665_RS_290_290RS294095_16775,val,Pothole,2660,1921,351655,d:/current project/SIH PPts/roadsense_webapp/roadsense_webapp/Cracks-and-Potholes-in-Road-Images-Dataset-master/Cracks-and-Potholes-in-Road-Images-Dataset-master/Dataset/916665_RS_290_290RS294095_16775/916665_RS_290_290RS294095_16775_RAW.jpg
1084547_DF_080_080BDF0090_01856,train,Pothole,0,10147,312433,d:/current project/SIH PPts/roadsense_webapp/roadsense_webapp/Cracks-and-Potholes-in-Road-Images-Dataset-master/Cracks-and-Potholes-in-Road-Images-Dataset-master/Dataset/1084547_DF_080_080BDF0090_01856/1084547_DF_080_080BDF0090_01856_RAW.jpg
1014619_RS_386_386RS124739_30020,train,Pothole,4920,1291,412570,d:/current project/SIH PPts/roadsense_webapp/roadsense_webapp/Cracks-and-Potholes-in-Road-Images-Dataset-master/Cracks-and-Potholes-in-Road-Images-Dataset-master/Dataset/1014619_RS_386_386RS124739_30020/1014619_RS_386_386RS124739_30020_RAW.jpg
916869_RS_290_290RS294095_17795,train,Crack,2560,0,360676,d:/current project/SIH PPts/roadsense_webapp/roadsense_webapp/Cracks-and-Potholes-in-Road-Images-Dataset-master/Cracks-and-Potholes-in-Road-Images-Dataset-master/Dataset/916869_RS_290_290RS294095_17795/916869_RS_290_290RS294095_17795_RAW.jpg
1077212_DF_251_251BDF0530_04962,train,Normal,424,0,322514,d:/current project/SIH PPts/roadsense_webapp/roadsense_webapp/Cracks-and-Potholes-in-Road-Images-Dataset-master/Cracks-and-Potholes-in-Road-Images-Dataset-master/Dataset/1077212_DF_251_251BDF0530_04962/1077212_DF_251_251BDF0530_04962_RAW.jpg
917449_RS_290_290RS294095_20695,val,Crack,6318,0,353909,d:/current project/SIH PPts/roadsense_webapp/roadsense_webapp/Cracks-and-Potholes-in-Road-Images-Dataset-master/Cracks-and-Potholes-in-Road-Images-Dataset-master/Dataset/917449_RS_290_290RS294095_20695/917449_RS_290_290RS294095_20695_RAW.jpg
1084398_DF_080_080BDF0090_01592,train,Crack,6608,0,307338,d:/current project/SIH PPts/roadsense_webapp/roadsense_webapp/Cracks-and-Potholes-in-Road-Images-Dataset-master/Cracks-and-Potholes-in-Road-Images-Dataset-master/Dataset/1084398_DF_080_080BDF0090_01592/1084398_DF_080_080BDF0090_01592_RAW.jpg
1084273_DF_080_080BDF0090_01371,val,Crack,6013,0,321718,d:/current project/SIH PPts/roadsense_webapp/roadsense_webapp/Cracks-and-Potholes-in-Road-Images-Dataset-master/Cracks-and-Potholes-in-Road-Images-Dataset-master/Dataset/1084273_DF_080_080BDF0090_01371/1084273_DF_080_080BDF0090_01371_RAW.jpg
919554_RS_290_290RS294095_31220,val,Crack,3389,0,337025,d:/current project/SIH PPts/roadsense_webapp/roadsense_webapp/Cracks-and-Potholes-in-Road-Images-Dataset-master/Cracks-and-Potholes-in-Road-Images-Dataset-master/Dataset/919554_RS_290_290RS294095_31220/919554_RS_290_290RS294095_31220_RAW.jpg
1025866_RS_386_386RS169832_09070,train,Crack,1548,0,408858,d:/current project/SIH PPts/roadsense_webapp/roadsense_webapp/Cracks-and-Potholes-in-Road-Images-Dataset-master/Cracks-and-Potholes-in-Road-Images-Dataset-master/Dataset/1025866_RS_386_386RS169832_09070/1025866_RS_386_386RS169832_09070_RAW.jpg
1054897_DF_020_020BDF0070_07945,train,Normal,1221,0,368406,d:/current project/SIH PPts/roadsense_webapp/roadsense_webapp/Cracks-and-Potholes-in-Road-Images-Dataset-master/Cracks-and-Potholes-in-Road-Images-Dataset-master/Dataset/1054897_DF_020_020BDF0070_07945/1054897_DF_020_020BDF0070_07945_RAW.jpg
919553_RS_290_290RS294095_31216,train,Normal,1021,0,347309,d:/current project/SIH PPts/roadsense_webapp/roadsense_webapp/Cracks-and-Potholes-in-Road-Images-Dataset-master/Cracks-and-Potholes-in-Road-Images-Dataset-master/Dataset/919553_RS_290_290RS294095_31216/919553_RS_290_290RS294095_31216_RAW.jpg
1092983_DF_251_251BDF0052_00914,train,Crack,11123,0,359708,d:/current project/SIH PPts/roadsense_webapp/roadsense_webapp/Cracks-and-Potholes-in-Road-Images-Dataset-master/Cracks-and-Potholes-in-Road-Images-Dataset-master/Dataset/1092983_DF_251_251BDF0052_00914/1092983_DF_251_251BDF0052_00914_RAW.jpg
1084259_DF_080_080BDF0090_01344,train,Crack,8308,0,324801,d:/current project/SIH PPts/roadsense_webapp/roadsense_webapp/Cracks-and-Potholes-in-Road-Images-Dataset-master/Cracks-and-Potholes-in-Road-Images-Dataset-master/Dataset/1084259_DF_080_080BDF0090_01344/1084259_DF_080_080BDF0090_01344_RAW.jpg
1075621_DF_251_251BDF0530_02002,train,Pothole,5743,1806,350383,d:/current project/SIH PPts/roadsense_webapp/roadsense_webapp/Cracks-and-Potholes-in-Road-Images-Dataset-master/Cracks-and-Potholes-in-Road-Images-Dataset-master/Dataset/1075621_DF_251_251BDF0530_02002/1075621_DF_251_251BDF0530_02002_RAW.jpg
917505_RS_290_290RS294095_20975,train,Pothole,654,7049,348906,d:/current project/SIH PPts/roadsense_webapp/roadsense_webapp/Cracks-and-Potholes-in-Road-Images-Dataset-master/Cracks-and-Potholes-in-Road-Images-Dataset-master/Dataset/917505_RS_290_290RS294095_20975/917505_RS_290_290RS294095_20975_RAW.jpg
774081_ES_259_259ES000000_44505,train,Pothole,1345,1585,406328,d:/current project/SIH PPts/roadsense_webapp/roadsense_webapp/Cracks-and-Potholes-in-Road-Images-Dataset-master/Cracks-and-Potholes-in-Road-Images-Dataset-master/Dataset/774081_ES_259_259ES000000_44505/774081_ES_259_259ES000000_44505_RAW.jpg
994588_RS_386_386RS191729_09705,train,Crack,10768,0,356060,d:/current project/SIH PPts/roadsense_webapp/roadsense_webapp/Cracks-and-Potholes-in-Road-Images-Dataset-master/Cracks-and-Potholes-in-Road-Images-Dataset-master/Dataset/994588_RS_386_386RS191729_09705/994588_RS_386_386RS191729_09705_RAW.jpg
916893_RS_290_290RS294095_17916,train,Pothole,0,5775,362470,d:/current project/SIH PPts/roadsense_webapp/roadsense_webapp/Cracks-and-Potholes-in-Road-Images-Dataset-master/Cracks-and-Potholes-in-Road-Images-Dataset-master/Dataset/916893_RS_290_290RS294095_17916/916893_RS_290_290RS294095_17916_RAW.jpg
1092082_DF_251_251BDF0490_01470,train,Crack,4618,0,365525,d:/current project/SIH PPts/roadsense_webapp/roadsense_webapp/Cracks-and-Potholes-in-Road-Images-Dataset-master/Cracks-and-Potholes-in-Road-Images-Dataset-master/Dataset/1092082_DF_251_251BDF0490_01470/1092082_DF_251_251BDF0490_01470_RAW.jpg
1014870_RS_386_386RS124739_31275,train,Crack,4292,0,378563,d:/current project/SIH PPts/roadsense_webapp/roadsense_webapp/Cracks-and-Potholes-in-Road-Images-Dataset-master/Cracks-and-Potholes-in-Road-Images-Dataset-master/Dataset/1014870_RS_386_386RS124739_31275/1014870_RS_386_386RS124739_31275_RAW.jpg
1047052_DF_060_060BDF0030_02817,train,Pothole,0,1656,356329,d:/current project/SIH PPts/roadsense_webapp/roadsense_webapp/Cracks-and-Potholes-in-Road-Images-Dataset-master/Cracks-and-Potholes-in-Road-Images-Dataset-master/Dataset/1047052_DF_060_060BDF0030_02817/1047052_DF_060_060BDF0030_02817_RAW.jpg
1014857_RS_386_386RS124739_31210,val,Crack,7604,0,380150,d:/current project/SIH PPts/roadsense_webapp/roadsense_webapp/Cracks-and-Potholes-in-Road-Images-Dataset-master/Cracks-and-Potholes-in-Road-Images-Dataset-master/Dataset/1014857_RS_386_386RS124739_31210/1014857_RS_386_386RS124739_31210_RAW.jpg
1092541_DF_251_251BDF0052_00143,train,Crack,8005,0,367080,d:/current project/SIH PPts/roadsense_webapp/roadsense_webapp/Cracks-and-Potholes-in-Road-Images-Dataset-master/Cracks-and-Potholes-in-Road-Images-Dataset-master/Dataset/1092541_DF_251_251BDF0052_00143/1092541_DF_251_251BDF0052_00143_RAW.jpg
918976_RS_290_290RS294095_28330,val,Normal,1235,0,345271,d:/current project/SIH PPts/roadsense_webapp/roadsense_webapp/Cracks-and-Potholes-in-Road-Images-Dataset-master/Cracks-and-Potholes-in-Road-Images-Dataset-master/Dataset/918976_RS_290_290RS294095_28330/918976_RS_290_290RS294095_28330_RAW.jpg
1092554_DF_251_251BDF0052_00167,train,Crack,6611,0,355912,d:/current project/SIH PPts/roadsense_webapp/roadsense_webapp/Cracks-and-Potholes-in-Road-Images-Dataset-master/Cracks-and-Potholes-in-Road-Images-Dataset-master/Dataset/1092554_DF_251_251BDF0052_00167/1092554_DF_251_251BDF0052_00167_RAW.jpg
1025743_RS_386_386RS169832_08455,train,Crack,1515,0,380008,d:/current project/SIH PPts/roadsense_webapp/roadsense_webapp/Cracks-and-Potholes-in-Road-Images-Dataset-master/Cracks-and-Potholes-in-Road-Images-Dataset-master/Dataset/1025743_RS_386_386RS169832_08455/1025743_RS_386_386RS169832_08455_RAW.jpg
1092102_DF_251_251BDF0490_01506,val,Crack,4386,0,361106,d:/current project/SIH PPts/roadsense_webapp/roadsense_webapp/Cracks-and-Potholes-in-Road-Images-Dataset-master/Cracks-and-Potholes-in-Road-Images-Dataset-master/Dataset/1092102_DF_251_251BDF0490_01506/1092102_DF_251_251BDF0490_01506_RAW.jpg
1092908_DF_251_251BDF0052_00782,val,Crack,5754,0,360283,d:/current project/SIH PPts/roadsense_webapp/roadsense_webapp/Cracks-and-Potholes-in-Road-Images-Dataset-master/Cracks-and-Potholes-in-Road-Images-Dataset-master/Dataset/1092908_DF_251_251BDF0052_00782/1092908_DF_251_251BDF0052_00782_RAW.jpg
1054940_DF_020_020BDF0070_08024,val,Crack,2791,0,386096,d:/current project/SIH PPts/roadsense_webapp/roadsense_webapp/Cracks-and-Potholes-in-Road-Images-Dataset-master/Cracks-and-Potholes-in-Road-Images-Dataset-master/Dataset/1054940_DF_020_020BDF0070_08024/1054940_DF_020_020BDF0070_08024_RAW.jpg
1014818_RS_386_386RS124739_31015,train,Crack,2502,0,397894,d:/current project/SIH PPts/roadsense_webapp/roadsense_webapp/Cracks-and-Potholes-in-Road-Images-Dataset-master/Cracks-and-Potholes-in-Road-Images-Dataset-master/Dataset/1014818_RS_386_386RS124739_31015/1014818_RS_386_386RS124739_31015_RAW.jpg
1084437_DF_080_080BDF0090_01663,train,Pothole,12135,16452,329588,d:/current project/SIH PPts/roadsense_webapp/roadsense_webapp/Cracks-and-Potholes-in-Road-Images-Dataset-master/Cracks-and-Potholes-in-Road-Images-Dataset-master/Dataset/1084437_DF_080_080BDF0090_01663/1084437_DF_080_080BDF0090_01663_RAW.jpg
1014690_RS_386_386RS124739_30375,train,Normal,573,0,391021,d:/current project/SIH PPts/roadsense_webapp/roadsense_webapp/Cracks-and-Potholes-in-Road-Images-Dataset-master/Cracks-and-Potholes-in-Road-Images-Dataset-master/Dataset/1014690_RS_386_386RS124739_30375/1014690_RS_386_386RS124739_30375_RAW.jpg
919565_RS_290_290RS294095_31275,train,Crack,11522,0,346234,d:/current project/SIH PPts/roadsense_webapp/roadsense_webapp/Cracks-and-Potholes-in-Road-Images-Dataset-master/Cracks-and-Potholes-in-Road-Images-Dataset-master/Dataset/919565_RS_290_290RS294095_31275/919565_RS_290_290RS294095_31275_RAW.jpg
916636_RS_290_290RS294095_16630,train,Crack,5179,0,352549,d:/current project/SIH PPts/roadsense_webapp/roadsense_webapp/Cracks-and-Potholes-in-Road-Images-Dataset-master/Cracks-and-Potholes-in-Road-Images-Dataset-master/Dataset/916636_RS_290_290RS294095_16630/916636_RS_290_290RS294095_16630_RAW.jpg
1014891_RS_386_386RS124739_31381,val,Crack,10092,0,367244,d:/current project/SIH PPts/roadsense_webapp/roadsense_webapp/Cracks-and-Potholes-in-Road-Images-Dataset-master/Cracks-and-Potholes-in-Road-Images-Dataset-master/Dataset/1014891_RS_386_386RS124739_31381/1014891_RS_386_386RS124739_31381_RAW.jpg
1083731_DF_080_080BDF0090_00251,train,Crack,8628,0,326833,d:/current project/SIH PPts/roadsense_webapp/roadsense_webapp/Cracks-and-Potholes-in-Road-Images-Dataset-master/Cracks-and-Potholes-in-Road-Images-Dataset-master/Dataset/1083731_DF_080_080BDF0090_00251/1083731_DF_080_080BDF0090_00251_RAW.jpg
1091612_DF_251_251BDF0490_00589,val,Crack,3650,0,364842,d:/current project/SIH PPts/roadsense_webapp/roadsense_webapp/Cracks-and-Potholes-in-Road-Images-Dataset-master/Cracks-and-Potholes-in-Road-Images-Dataset-master/Dataset/1091612_DF_251_251BDF0490_00589/1091612_DF_251_251BDF0490_00589_RAW.jpg
1076330_DF_251_251BDF0530_03317,val,Crack,9476,0,346815,d:/current project/SIH PPts/roadsense_webapp/roadsense_webapp/Cracks-and-Potholes-in-Road-Images-Dataset-master/Cracks-and-Potholes-in-Road-Images-Dataset-master/Dataset/1076330_DF_251_251BDF0530_03317/1076330_DF_251_251BDF0530_03317_RAW.jpg
917395_RS_290_290RS294095_20425,train,Pothole,6631,1057,346336,d:/current project/SIH PPts/roadsense_webapp/roadsense_webapp/Cracks-and-Potholes-in-Road-Images-Dataset-master/Cracks-and-Potholes-in-Road-Images-Dataset-master/Dataset/917395_RS_290_290RS294095_20425/917395_RS_290_290RS294095_20425_RAW.jpg
1090135_DF_070_070BDF0050_05559,train,Normal,380,0,357572,d:/current project/SIH PPts/roadsense_webapp/roadsense_webapp/Cracks-and-Potholes-in-Road-Images-Dataset-master/Cracks-and-Potholes-in-Road-Images-Dataset-master/Dataset/1090135_DF_070_070BDF0050_05559/1090135_DF_070_070BDF0050_05559_RAW.jpg
773851_ES_259_259ES000000_43355,train,Normal,408,0,425116,d:/current project/SIH PPts/roadsense_webapp/roadsense_webapp/Cracks-and-Potholes-in-Road-Images-Dataset-master/Cracks-and-Potholes-in-Road-Images-Dataset-master/Dataset/773851_ES_259_259ES000000_43355/773851_ES_259_259ES000000_43355_RAW.jpg
917207_RS_290_290RS294095_19485,val,Crack,1792,0,370621,d:/current project/SIH PPts/roadsense_webapp/roadsense_webapp/Cracks-and-Potholes-in-Road-Images-Dataset-master/Cracks-and-Potholes-in-Road-Images-Dataset-master/Dataset/917207_RS_290_290RS294095_19485/917207_RS_290_290RS294095_19485_RAW.jpg
1093250_DF_251_251BDF0052_01416,train,Normal,668,0,353497,d:/current project/SIH PPts/roadsense_webapp/roadsense_webapp/Cracks-and-Potholes-in-Road-Images-Dataset-master/Cracks-and-Potholes-in-Road-Images-Dataset-master/Dataset/1093250_DF_251_251BDF0052_01416/1093250_DF_251_251BDF0052_01416_RAW.jpg
916112_RS_290_290RS294095_14010,train,Pothole,8905,1963,352001,d:/current project/SIH PPts/roadsense_webapp/roadsense_webapp/Cracks-and-Potholes-in-Road-Images-Dataset-master/Cracks-and-Potholes-in-Road-Images-Dataset-master/Dataset/916112_RS_290_290RS294095_14010/916112_RS_290_290RS294095_14010_RAW.jpg
1081813_DF_080_080BDF0070_00891,val,Crack,15222,0,319933,d:/current project/SIH PPts/roadsense_webapp/roadsense_webapp/Cracks-and-Potholes-in-Road-Images-Dataset-master/Cracks-and-Potholes-in-Road-Images-Dataset-master/Dataset/1081813_DF_080_080BDF0070_00891/1081813_DF_080_080BDF0070_00891_RAW.jpg
1014755_RS_386_386RS124739_30700,val,Normal,641,0,391933,d:/current project/SIH PPts/roadsense_webapp/roadsense_webapp/Cracks-and-Potholes-in-Road-Images-Dataset-master/Cracks-and-Potholes-in-Road-Images-Dataset-master/Dataset/1014755_RS_386_386RS124739_30700/1014755_RS_386_386RS124739_30700_RAW.jpg
916682_RS_290_290RS294095_16860,train,Pothole,0,11609,342263,d:/current project/SIH PPts/roadsense_webapp/roadsense_webapp/Cracks-and-Potholes-in-Road-Images-Dataset-master/Cracks-and-Potholes-in-Road-Images-Dataset-master/Dataset/916682_RS_290_290RS294095_16860/916682_RS_290_290RS294095_16860_RAW.jpg
1092835_DF_251_251BDF0052_00654,train,Crack,11921,0,352477,d:/current project/SIH PPts/roadsense_webapp/roadsense_webapp/Cracks-and-Potholes-in-Road-Images-Dataset-master/Cracks-and-Potholes-in-Road-Images-Dataset-master/Dataset/1092835_DF_251_251BDF0052_00654/1092835_DF_251_251BDF0052_00654_RAW.jpg
917503_RS_290_290RS294095_20965,train,Pothole,0,1067,351132,d:/current project/SIH PPts/roadsense_webapp/roadsense_webapp/Cracks-and-Potholes-in-Road-Images-Dataset-master/Cracks-and-Potholes-in-Road-Images-Dataset-master/Dataset/917503_RS_290_290RS294095_20965/917503_RS_290_290RS294095_20965_RAW.jpg
942027_RS_290_290RS070691_03040,train,Pothole,0,5236,354122,d:/current project/SIH PPts/roadsense_webapp/roadsense_webapp/Cracks-and-Potholes-in-Road-Images-Dataset-master/Cracks-and-Potholes-in-Road-Images-Dataset-master/Dataset/942027_RS_290_290RS070691_03040/942027_RS_290_290RS070691_03040_RAW.jpg
917114_RS_290_290RS294095_19020,train,Crack,9607,0,357306,d:/current project/SIH PPts/roadsense_webapp/roadsense_webapp/Cracks-and-Potholes-in-Road-Images-Dataset-master/Cracks-and-Potholes-in-Road-Images-Dataset-master/Dataset/917114_RS_290_290RS294095_19020/917114_RS_290_290RS294095_19020_RAW.jpg
1091974_DF_251_251BDF0490_01271,train,Crack,3935,0,358320,d:/current project/SIH PPts/roadsense_webapp/roadsense_webapp/Cracks-and-Potholes-in-Road-Images-Dataset-master/Cracks-and-Potholes-in-Road-Images-Dataset-master/Dataset/1091974_DF_251_251BDF0490_01271/1091974_DF_251_251BDF0490_01271_RAW.jpg
1058912_DF_010_010BDF0010_06344,train,Pothole,0,856,362436,d:/current project/SIH PPts/roadsense_webapp/roadsense_webapp/Cracks-and-Potholes-in-Road-Images-Dataset-master/Cracks-and-Potholes-in-Road-Images-Dataset-master/Dataset/1058912_DF_010_010BDF0010_06344/1058912_DF_010_010BDF0010_06344_RAW.jpg
994082_RS_386_386RS191729_07175,train,Crack,17731,0,362899,d:/current project/SIH PPts/roadsense_webapp/roadsense_webapp/Cracks-and-Potholes-in-Road-Images-Dataset-master/Cracks-and-Potholes-in-Road-Images-Dataset-master/Dataset/994082_RS_386_386RS191729_07175/994082_RS_386_386RS191729_07175_RAW.jpg
1084280_DF_080_080BDF0090_01384,train,Pothole,22048,3368,323216,d:/current project/SIH PPts/roadsense_webapp/roadsense_webapp/Cracks-and-Potholes-in-Road-Images-Dataset-master/Cracks-and-Potholes-in-Road-Images-Dataset-master/Dataset/1084280_DF_080_080BDF0090_01384/1084280_DF_080_080BDF0090_01384_RAW.jpg
1054198_DF_020_020BDF0070_06648,train,Crack,2068,0,374437,d:/current project/SIH PPts/roadsense_webapp/roadsense_webapp/Cracks-and-Potholes-in-Road-Images-Dataset-master/Cracks-and-Potholes-in-Road-Images-Dataset-master/Dataset/1054198_DF_020_020BDF0070_06648/1054198_DF_020_020BDF0070_06648_RAW.jpg
994591_RS_386_386RS191729_09720,train,Pothole,10578,683,363871,d:/current project/SIH PPts/roadsense_webapp/roadsense_webapp/Cracks-and-Potholes-in-Road-Images-Dataset-master/Cracks-and-Potholes-in-Road-Images-Dataset-master/Dataset/994591_RS_386_386RS191729_09720/994591_RS_386_386RS191729_09720_RAW.jpg
918235_RS_290_290RS294095_24625,train,Crack,5694,0,358454,d:/current project/SIH PPts/roadsense_webapp/roadsense_webapp/Cracks-and-Potholes-in-Road-Images-Dataset-master/Cracks-and-Potholes-in-Road-Images-Dataset-master/Dataset/918235_RS_290_290RS294095_24625/918235_RS_290_290RS294095_24625_RAW.jpg
919721_RS_290_290RS294095_32055,val,Crack,7642,0,368266,d:/current project/SIH PPts/roadsense_webapp/roadsense_webapp/Cracks-and-Potholes-in-Road-Images-Dataset-master/Cracks-and-Potholes-in-Road-Images-Dataset-master/Dataset/919721_RS_290_290RS294095_32055/919721_RS_290_290RS294095_32055_RAW.jpg
1014622_RS_386_386RS124739_30035,train,Crack,2143,0,387323,d:/current project/SIH PPts/roadsense_webapp/roadsense_webapp/Cracks-and-Potholes-in-Road-Images-Dataset-master/Cracks-and-Potholes-in-Road-Images-Dataset-master/Dataset/1014622_RS_386_386RS124739_30035/1014622_RS_386_386RS124739_30035_RAW.jpg
1025797_RS_386_386RS169832_08725,val,Pothole,6094,1435,397932,d:/current project/SIH PPts/roadsense_webapp/roadsense_webapp/Cracks-and-Potholes-in-Road-Images-Dataset-master/Cracks-and-Potholes-in-Road-Images-Dataset-master/Dataset/1025797_RS_386_386RS169832_08725/1025797_RS_386_386RS169832_08725_RAW.jpg
1092068_DF_251_251BDF0490_01445,train,Crack,8078,0,380081,d:/current project/SIH PPts/roadsense_webapp/roadsense_webapp/Cracks-and-Potholes-in-Road-Images-Dataset-master/Cracks-and-Potholes-in-Road-Images-Dataset-master/Dataset/1092068_DF_251_251BDF0490_01445/1092068_DF_251_251BDF0490_01445_RAW.jpg
883272_RS_290_290RS150131_17090,val,Pothole,0,91154,342400,d:/current project/SIH PPts/roadsense_webapp/roadsense_webapp/Cracks-and-Potholes-in-Road-Images-Dataset-master/Cracks-and-Potholes-in-Road-Images-Dataset-master/Dataset/883272_RS_290_290RS150131_17090/883272_RS_290_290RS150131_17090_RAW.jpg
941801_RS_290_290RS070691_01911,train,Pothole,0,3280,379273,d:/current project/SIH PPts/roadsense_webapp/roadsense_webapp/Cracks-and-Potholes-in-Road-Images-Dataset-master/Cracks-and-Potholes-in-Road-Images-Dataset-master/Dataset/941801_RS_290_290RS070691_01911/941801_RS_290_290RS070691_01911_RAW.jpg
1085394_DF_080_080BDF0090_03533,val,Crack,6030,0,356415,d:/current project/SIH PPts/roadsense_webapp/roadsense_webapp/Cracks-and-Potholes-in-Road-Images-Dataset-master/Cracks-and-Potholes-in-Road-Images-Dataset-master/Dataset/1085394_DF_080_080BDF0090_03533/1085394_DF_080_080BDF0090_03533_RAW.jpg
1091738_DF_251_251BDF0490_00826,train,Crack,4674,0,366962,d:/current project/SIH PPts/roadsense_webapp/roadsense_webapp/Cracks-and-Potholes-in-Road-Images-Dataset-master/Cracks-and-Potholes-in-Road-Images-Dataset-master/Dataset/1091738_DF_251_251BDF0490_00826/1091738_DF_251_251BDF0490_00826_RAW.jpg
916119_RS_290_290RS294095_14045,train,Crack,2863,0,350859,d:/current project/SIH PPts/roadsense_webapp/roadsense_webapp/Cracks-and-Potholes-in-Road-Images-Dataset-master/Cracks-and-Potholes-in-Road-Images-Dataset-master/Dataset/916119_RS_290_290RS294095_14045/916119_RS_290_290RS294095_14045_RAW.jpg
916114_RS_290_290RS294095_14020,train,Crack,10764,0,355229,d:/current project/SIH PPts/roadsense_webapp/roadsense_webapp/Cracks-and-Potholes-in-Road-Images-Dataset-master/Cracks-and-Potholes-in-Road-Images-Dataset-master/Dataset/916114_RS_290_290RS294095_14020/916114_RS_290_290RS294095_14020_RAW.jpg
941900_RS_290_290RS070691_02405,val,Pothole,0,9934,363646,d:/current project/SIH PPts/roadsense_webapp/roadsense_webapp/Cracks-and-Potholes-in-Road-Images-Dataset-master/Cracks-and-Potholes-in-Road-Images-Dataset-master/Dataset/941900_RS_290_290RS070691_02405/941900_RS_290_290RS070691_02405_RAW.jpg
918231_RS_290_290RS294095_24605,train,Crack,4946,0,351754,d:/current project/SIH PPts/roadsense_webapp/roadsense_webapp/Cracks-and-Potholes-in-Road-Images-Dataset-master/Cracks-and-Potholes-in-Road-Images-Dataset-master/Dataset/918231_RS_290_290RS294095_24605/918231_RS_290_290RS294095_24605_RAW.jpg
941510_RS_290_290RS070691_00455,val,Pothole,0,5841,354448,d:/current project/SIH PPts/roadsense_webapp/roadsense_webapp/Cracks-and-Potholes-in-Road-Images-Dataset-master/Cracks-and-Potholes-in-Road-Images-Dataset-master/Dataset/941510_RS_290_290RS070691_00455/941510_RS_290_290RS070691_00455_RAW.jpg
919809_RS_290_290RS294095_32495,train,Crack,3897,0,355937,d:/current project/SIH PPts/roadsense_webapp/roadsense_webapp/Cracks-and-Potholes-in-Road-Images-Dataset-master/Cracks-and-Potholes-in-Road-Images-Dataset-master/Dataset/919809_RS_290_290RS294095_32495/919809_RS_290_290RS294095_32495_RAW.jpg
766032_ES_259_259ES000000_04260,train,Crack,3595,0,419659,d:/current project/SIH PPts/roadsense_webapp/roadsense_webapp/Cracks-and-Potholes-in-Road-Images-Dataset-master/Cracks-and-Potholes-in-Road-Images-Dataset-master/Dataset/766032_ES_259_259ES000000_04260/766032_ES_259_259ES000000_04260_RAW.jpg
1094243_DF_251_251BDF0052_03205,val,Crack,4354,0,340974,d:/current project/SIH PPts/roadsense_webapp/roadsense_webapp/Cracks-and-Potholes-in-Road-Images-Dataset-master/Cracks-and-Potholes-in-Road-Images-Dataset-master/Dataset/1094243_DF_251_251BDF0052_03205/1094243_DF_251_251BDF0052_03205_RAW.jpg
917208_RS_290_290RS294095_19490,val,Crack,6533,0,362975,d:/current project/SIH PPts/roadsense_webapp/roadsense_webapp/Cracks-and-Potholes-in-Road-Images-Dataset-master/Cracks-and-Potholes-in-Road-Images-Dataset-master/Dataset/917208_RS_290_290RS294095_19490/917208_RS_290_290RS294095_19490_RAW.jpg
1014776_RS_386_386RS124739_30806,train,Pothole,1282,20141,379705,d:/current project/SIH PPts/roadsense_webapp/roadsense_webapp/Cracks-and-Potholes-in-Road-Images-Dataset-master/Cracks-and-Potholes-in-Road-Images-Dataset-master/Dataset/1014776_RS_386_386RS124739_30806/1014776_RS_386_386RS124739_30806_RAW.jpg
917070_RS_290_290RS294095_18800,train,Crack,5888,0,354693,d:/current project/SIH PPts/roadsense_webapp/roadsense_webapp/Cracks-and-Potholes-in-Road-Images-Dataset-master/Cracks-and-Potholes-in-Road-Images-Dataset-master/Dataset/917070_RS_290_290RS294095_18800/917070_RS_290_290RS294095_18800_RAW.jpg
916436_RS_290_290RS294095_15630,train,Crack,3594,0,341940,d:/current project/SIH PPts/roadsense_webapp/roadsense_webapp/Cracks-and-Potholes-in-Road-Images-Dataset-master/Cracks-and-Potholes-in-Road-Images-Dataset-master/Dataset/916436_RS_290_290RS294095_15630/916436_RS_290_290RS294095_15630_RAW.jpg
917766_RS_290_290RS294095_22280,train,Crack,5181,0,376001,d:/current project/SIH PPts/roadsense_webapp/roadsense_webapp/Cracks-and-Potholes-in-Road-Images-Dataset-master/Cracks-and-Potholes-in-Road-Images-Dataset-master/Dataset/917766_RS_290_290RS294095_22280/917766_RS_290_290RS294095_22280_RAW.jpg
1092544_DF_251_251BDF0052_00150,val,Crack,7335,0,363139,d:/current project/SIH PPts/roadsense_webapp/roadsense_webapp/Cracks-and-Potholes-in-Road-Images-Dataset-master/Cracks-and-Potholes-in-Road-Images-Dataset-master/Dataset/1092544_DF_251_251BDF0052_00150/1092544_DF_251_251BDF0052_00150_RAW.jpg
883073_RS_290_290RS150131_16095,val,Pothole,0,48007,353996,d:/current project/SIH PPts/roadsense_webapp/roadsense_webapp/Cracks-and-Potholes-in-Road-Images-Dataset-master/Cracks-and-Potholes-in-Road-Images-Dataset-master/Dataset/883073_RS_290_290RS150131_16095/883073_RS_290_290RS150131_16095_RAW.jpg
917324_RS_290_290RS294095_20070,train,Crack,2999,0,357999,d:/current project/SIH PPts/roadsense_webapp/roadsense_webapp/Cracks-and-Potholes-in-Road-Images-Dataset-master/Cracks-and-Potholes-in-Road-Images-Dataset-master/Dataset/917324_RS_290_290RS294095_20070/917324_RS_290_290RS294095_20070_RAW.jpg
941886_RS_290_290RS070691_02335,train,Pothole,0,928,351503,d:/current project/SIH PPts/roadsense_webapp/roadsense_webapp/Cracks-and-Potholes-in-Road-Images-Dataset-master/Cracks-and-Potholes-in-Road-Images-Dataset-master/Dataset/941886_RS_290_290RS070691_02335/941886_RS_290_290RS070691_02335_RAW.jpg
1092820_DF_251_251BDF0052_00627,train,Crack,7249,0,340311,d:/current project/SIH PPts/roadsense_webapp/roadsense_webapp/Cracks-and-Potholes-in-Road-Images-Dataset-master/Cracks-and-Potholes-in-Road-Images-Dataset-master/Dataset/1092820_DF_251_251BDF0052_00627/1092820_DF_251_251BDF0052_00627_RAW.jpg
1075617_DF_251_251BDF0530_01995,val,Pothole,8581,3457,366216,d:/current project/SIH PPts/roadsense_webapp/roadsense_webapp/Cracks-and-Potholes-in-Road-Images-Dataset-master/Cracks-and-Potholes-in-Road-Images-Dataset-master/Dataset/1075617_DF_251_251BDF0530_01995/1075617_DF_251_251BDF0530_01995_RAW.jpg
916152_RS_290_290RS294095_14210,train,Normal,609,0,343633,d:/current project/SIH PPts/roadsense_webapp/roadsense_webapp/Cracks-and-Potholes-in-Road-Images-Dataset-master/Cracks-and-Potholes-in-Road-Images-Dataset-master/Dataset/916152_RS_290_290RS294095_14210/916152_RS_290_290RS294095_14210_RAW.jpg
1014832_RS_386_386RS124739_31085,train,Crack,9182,0,375340,d:/current project/SIH PPts/roadsense_webapp/roadsense_webapp/Cracks-and-Potholes-in-Road-Images-Dataset-master/Cracks-and-Potholes-in-Road-Images-Dataset-master/Dataset/1014832_RS_386_386RS124739_31085/1014832_RS_386_386RS124739_31085_RAW.jpg
917441_RS_290_290RS294095_20655,train,Crack,13400,0,357406,d:/current project/SIH PPts/roadsense_webapp/roadsense_webapp/Cracks-and-Potholes-in-Road-Images-Dataset-master/Cracks-and-Potholes-in-Road-Images-Dataset-master/Dataset/917441_RS_290_290RS294095_20655/917441_RS_290_290RS294095_20655_RAW.jpg
1026265_RS_386_386RS169832_11065,train,Pothole,308,2355,376686,d:/current project/SIH PPts/roadsense_webapp/roadsense_webapp/Cracks-and-Potholes-in-Road-Images-Dataset-master/Cracks-and-Potholes-in-Road-Images-Dataset-master/Dataset/1026265_RS_386_386RS169832_11065/1026265_RS_386_386RS169832_11065_RAW.jpg
1008367_RS_386_386RS289112_32760,train,Pothole,1981,1678,358383,d:/current project/SIH PPts/roadsense_webapp/roadsense_webapp/Cracks-and-Potholes-in-Road-Images-Dataset-master/Cracks-and-Potholes-in-Road-Images-Dataset-master/Dataset/1008367_RS_386_386RS289112_32760/1008367_RS_386_386RS289112_32760_RAW.jpg
1076756_DF_251_251BDF0530_04109,train,Crack,2664,0,336587,d:/current project/SIH PPts/roadsense_webapp/roadsense_webapp/Cracks-and-Potholes-in-Road-Images-Dataset-master/Cracks-and-Potholes-in-Road-Images-Dataset-master/Dataset/1076756_DF_251_251BDF0530_04109/1076756_DF_251_251BDF0530_04109_RAW.jpg
1068090_DF_010_010BDF0018_04321,train,Pothole,0,6607,358346,d:/current project/SIH PPts/roadsense_webapp/roadsense_webapp/Cracks-and-Potholes-in-Road-Images-Dataset-master/Cracks-and-Potholes-in-Road-Images-Dataset-master/Dataset/1068090_DF_010_010BDF0018_04321/1068090_DF_010_010BDF0018_04321_RAW.jpg
1093878_DF_251_251BDF0052_02531,train,Crack,8987,0,336025,d:/current project/SIH PPts/roadsense_webapp/roadsense_webapp/Cracks-and-Potholes-in-Road-Images-Dataset-master/Cracks-and-Potholes-in-Road-Images-Dataset-master/Dataset/1093878_DF_251_251BDF0052_02531/1093878_DF_251_251BDF0052_02531_RAW.jpg
1014631_RS_386_386RS124739_30080,train,Pothole,7102,1277,387537,d:/current project/SIH PPts/roadsense_webapp/roadsense_webapp/Cracks-and-Potholes-in-Road-Images-Dataset-master/Cracks-and-Potholes-in-Road-Images-Dataset-master/Dataset/1014631_RS_386_386RS124739_30080/1014631_RS_386_386RS124739_30080_RAW.jpg
1081509_DF_080_080BDF0070_00332,train,Crack,8568,0,349436,d:/current project/SIH PPts/roadsense_webapp/roadsense_webapp/Cracks-and-Potholes-in-Road-Images-Dataset-master/Cracks-and-Potholes-in-Road-Images-Dataset-master/Dataset/1081509_DF_080_080BDF0070_00332/1081509_DF_080_080BDF0070_00332_RAW.jpg
917802_RS_290_290RS294095_22460,train,Pothole,3840,1538,366778,d:/current project/SIH PPts/roadsense_webapp/roadsense_webapp/Cracks-and-Potholes-in-Road-Images-Dataset-master/Cracks-and-Potholes-in-Road-Images-Dataset-master/Dataset/917802_RS_290_290RS294095_22460/917802_RS_290_290RS294095_22460_RAW.jpg
1025900_RS_386_386RS169832_09240,train,Crack,2588,0,407299,d:/current project/SIH PPts/roadsense_webapp/roadsense_webapp/Cracks-and-Potholes-in-Road-Images-Dataset-master/Cracks-and-Potholes-in-Road-Images-Dataset-master/Dataset/1025900_RS_386_386RS169832_09240/1025900_RS_386_386RS169832_09240_RAW.jpg
917466_RS_290_290RS294095_20780,val,Crack,2370,0,348610,d:/current project/SIH PPts/roadsense_webapp/roadsense_webapp/Cracks-and-Potholes-in-Road-Images-Dataset-master/Cracks-and-Potholes-in-Road-Images-Dataset-master/Dataset/917466_RS_290_290RS294095_20780/917466_RS_290_290RS294095_20780_RAW.jpg
1067844_DF_010_010BDF0018_03824,val,Crack,4422,0,379000,d:/current project/SIH PPts/roadsense_webapp/roadsense_webapp/Cracks-and-Potholes-in-Road-Images-Dataset-master/Cracks-and-Potholes-in-Road-Images-Dataset-master/Dataset/1067844_DF_010_010BDF0018_03824/1067844_DF_010_010BDF0018_03824_RAW.jpg
1084355_DF_080_080BDF0090_01517,val,Crack,11647,0,323101,d:/current project/SIH PPts/roadsense_webapp/roadsense_webapp/Cracks-and-Potholes-in-Road-Images-Dataset-master/Cracks-and-Potholes-in-Road-Images-Dataset-master/Dataset/1084355_DF_080_080BDF0090_01517/1084355_DF_080_080BDF0090_01517_RAW.jpg
917072_RS_290_290RS294095_18810,val,Normal,1022,0,345576,d:/current project/SIH PPts/roadsense_webapp/roadsense_webapp/Cracks-and-Potholes-in-Road-Images-Dataset-master/Cracks-and-Potholes-in-Road-Images-Dataset-master/Dataset/917072_RS_290_290RS294095_18810/917072_RS_290_290RS294095_18810_RAW.jpg
917287_RS_290_290RS294095_19885,train,Crack,4690,0,367080,d:/current project/SIH PPts/roadsense_webapp/roadsense_webapp/Cracks-and-Potholes-in-Road-Images-Dataset-master/Cracks-and-Potholes-in-Road-Images-Dataset-master/Dataset/917287_RS_290_290RS294095_19885/917287_RS_290_290RS294095_19885_RAW.jpg
1092007_DF_251_251BDF0490_01332,train,Crack,1592,0,367478,d:/current project/SIH PPts/roadsense_webapp/roadsense_webapp/Cracks-and-Potholes-in-Road-Images-Dataset-master/Cracks-and-Potholes-in-Road-Images-Dataset-master/Dataset/1092007_DF_251_251BDF0490_01332/1092007_DF_251_251BDF0490_01332_RAW.jpg
1091963_DF_251_251BDF0490_01252,train,Crack,9516,0,364207,d:/current project/SIH PPts/roadsense_webapp/roadsense_webapp/Cracks-and-Potholes-in-Road-Images-Dataset-master/Cracks-and-Potholes-in-Road-Images-Dataset-master/Dataset/1091963_DF_251_251BDF0490_01252/1091963_DF_251_251BDF0490_01252_RAW.jpg
917886_RS_290_290RS294095_22880,train,Crack,2761,0,371445,d:/current project/SIH PPts/roadsense_webapp/roadsense_webapp/Cracks-and-Potholes-in-Road-Images-Dataset-master/Cracks-and-Potholes-in-Road-Images-Dataset-master/Dataset/917886_RS_290_290RS294095_22880/917886_RS_290_290RS294095_22880_RAW.jpg
918130_RS_290_290RS294095_24100,train,Crack,3557,0,365706,d:/current project/SIH PPts/roadsense_webapp/roadsense_webapp/Cracks-and-Potholes-in-Road-Images-Dataset-master/Cracks-and-Potholes-in-Road-Images-Dataset-master/Dataset/918130_RS_290_290RS294095_24100/918130_RS_290_290RS294095_24100_RAW.jpg
1092857_DF_251_251BDF0052_00692,train,Crack,11167,0,358839,d:/current project/SIH PPts/roadsense_webapp/roadsense_webapp/Cracks-and-Potholes-in-Road-Images-Dataset-master/Cracks-and-Potholes-in-Road-Images-Dataset-master/Dataset/1092857_DF_251_251BDF0052_00692/1092857_DF_251_251BDF0052_00692_RAW.jpg
1089879_DF_070_070BDF0050_05037,train,Pothole,1581,4379,370080,d:/current project/SIH PPts/roadsense_webapp/roadsense_webapp/Cracks-and-Potholes-in-Road-Images-Dataset-master/Cracks-and-Potholes-in-Road-Images-Dataset-master/Dataset/1089879_DF_070_070BDF0050_05037/1089879_DF_070_070BDF0050_05037_RAW.jpg
1092868_DF_251_251BDF0052_00711,train,Crack,12509,0,364165,d:/current project/SIH PPts/roadsense_webapp/roadsense_webapp/Cracks-and-Potholes-in-Road-Images-Dataset-master/Cracks-and-Potholes-in-Road-Images-Dataset-master/Dataset/1092868_DF_251_251BDF0052_00711/1092868_DF_251_251BDF0052_00711_RAW.jpg
1014840_RS_386_386RS124739_31125,train,Crack,17555,0,385666,d:/current project/SIH PPts/roadsense_webapp/roadsense_webapp/Cracks-and-Potholes-in-Road-Images-Dataset-master/Cracks-and-Potholes-in-Road-Images-Dataset-master/Dataset/1014840_RS_386_386RS124739_31125/1014840_RS_386_386RS124739_31125_RAW.jpg
1093882_DF_251_251BDF0052_02538,train,Crack,6760,0,340181,d:/current project/SIH PPts/roadsense_webapp/roadsense_webapp/Cracks-and-Potholes-in-Road-Images-Dataset-master/Cracks-and-Potholes-in-Road-Images-Dataset-master/Dataset/1093882_DF_251_251BDF0052_02538/1093882_DF_251_251BDF0052_02538_RAW.jpg
1090288_DF_070_070BDF0050_05839,train,Crack,3536,0,362539,d:/current project/SIH PPts/roadsense_webapp/roadsense_webapp/Cracks-and-Potholes-in-Road-Images-Dataset-master/Cracks-and-Potholes-in-Road-Images-Dataset-master/Dataset/1090288_DF_070_070BDF0050_05839/1090288_DF_070_070BDF0050_05839_RAW.jpg
1092998_DF_251_251BDF0052_00941,train,Crack,4440,0,365827,d:/current project/SIH PPts/roadsense_webapp/roadsense_webapp/Cracks-and-Potholes-in-Road-Images-Dataset-master/Cracks-and-Potholes-in-Road-Images-Dataset-master/Dataset/1092998_DF_251_251BDF0052_00941/1092998_DF_251_251BDF0052_00941_RAW.jpg
1091937_DF_251_251BDF0490_01204,val,Crack,2332,0,362666,d:/current project/SIH PPts/roadsense_webapp/roadsense_webapp/Cracks-and-Potholes-in-Road-Images-Dataset-master/Cracks-and-Potholes-in-Road-Images-Dataset-master/Dataset/1091937_DF_251_251BDF0490_01204/1091937_DF_251_251BDF0490_01204_RAW.jpg
1014695_RS_386_386RS124739_30400,train,Crack,7486,0,380259,d:/current project/SIH PPts/roadsense_webapp/roadsense_webapp/Cracks-and-Potholes-in-Road-Images-Dataset-master/Cracks-and-Potholes-in-Road-Images-Dataset-master/Dataset/1014695_RS_386_386RS124739_30400/1014695_RS_386_386RS124739_30400_RAW.jpg
1014888_RS_386_386RS124739_31365,train,Pothole,13936,5997,369315,d:/current project/SIH PPts/roadsense_webapp/roadsense_webapp/Cracks-and-Potholes-in-Road-Images-Dataset-master/Cracks-and-Potholes-in-Road-Images-Dataset-master/Dataset/1014888_RS_386_386RS124739_31365/1014888_RS_386_386RS124739_31365_RAW.jpg
1091753_DF_251_251BDF0490_00855,train,Crack,5107,0,348076,d:/current project/SIH PPts/roadsense_webapp/roadsense_webapp/Cracks-and-Potholes-in-Road-Images-Dataset-master/Cracks-and-Potholes-in-Road-Images-Dataset-master/Dataset/1091753_DF_251_251BDF0490_00855/1091753_DF_251_251BDF0490_00855_RAW.jpg
917906_RS_290_290RS294095_22980,val,Crack,4519,0,366880,d:/current project/SIH PPts/roadsense_webapp/roadsense_webapp/Cracks-and-Potholes-in-Road-Images-Dataset-master/Cracks-and-Potholes-in-Road-Images-Dataset-master/Dataset/917906_RS_290_290RS294095_22980/917906_RS_290_290RS294095_22980_RAW.jpg
1084107_DF_080_080BDF0090_00987,val,Crack,14412,0,335942,d:/current project/SIH PPts/roadsense_webapp/roadsense_webapp/Cracks-and-Potholes-in-Road-Images-Dataset-master/Cracks-and-Potholes-in-Road-Images-Dataset-master/Dataset/1084107_DF_080_080BDF0090_00987/1084107_DF_080_080BDF0090_00987_RAW.jpg
916321_RS_290_290RS294095_15055,train,Pothole,446,1097,361914,d:/current project/SIH PPts/roadsense_webapp/roadsense_webapp/Cracks-and-Potholes-in-Road-Images-Dataset-master/Cracks-and-Potholes-in-Road-Images-Dataset-master/Dataset/916321_RS_290_290RS294095_15055/916321_RS_290_290RS294095_15055_RAW.jpg
1090732_DF_070_070BDF0050_06657,val,Crack,6163,0,379176,d:/current project/SIH PPts/roadsense_webapp/roadsense_webapp/Cracks-and-Potholes-in-Road-Images-Dataset-master/Cracks-and-Potholes-in-Road-Images-Dataset-master/Dataset/1090732_DF_070_070BDF0050_06657/1090732_DF_070_070BDF0050_06657_RAW.jpg
919808_RS_290_290RS294095_32490,train,Pothole,4020,589,351311,d:/current project/SIH PPts/roadsense_webapp/roadsense_webapp/Cracks-and-Potholes-in-Road-Images-Dataset-master/Cracks-and-Potholes-in-Road-Images-Dataset-master/Dataset/919808_RS_290_290RS294095_32490/919808_RS_290_290RS294095_32490_RAW.jpg
1090136_DF_070_070BDF0050_05561,train,Crack,3170,0,348315,d:/current project/SIH PPts/roadsense_webapp/roadsense_webapp/Cracks-and-Potholes-in-Road-Images-Dataset-master/Cracks-and-Potholes-in-Road-Images-Dataset-master/Dataset/1090136_DF_070_070BDF0050_05561/1090136_DF_070_070BDF0050_05561_RAW.jpg
1014632_RS_386_386RS124739_30085,train,Crack,4181,0,387151,d:/current project/SIH PPts/roadsense_webapp/roadsense_webapp/Cracks-and-Potholes-in-Road-Images-Dataset-master/Cracks-and-Potholes-in-Road-Images-Dataset-master/Dataset/1014632_RS_386_386RS124739_30085/1014632_RS_386_386RS124739_30085_RAW.jpg
1094241_DF_251_251BDF0052_03202,train,Normal,1183,0,347529,d:/current project/SIH PPts/roadsense_webapp/roadsense_webapp/Cracks-and-Potholes-in-Road-Images-Dataset-master/Cracks-and-Potholes-in-Road-Images-Dataset-master/Dataset/1094241_DF_251_251BDF0052_03202/1094241_DF_251_251BDF0052_03202_RAW.jpg
994085_RS_386_386RS191729_07192,val,Crack,9876,0,362621,d:/current project/SIH PPts/roadsense_webapp/roadsense_webapp/Cracks-and-Potholes-in-Road-Images-Dataset-master/Cracks-and-Potholes-in-Road-Images-Dataset-master/Dataset/994085_RS_386_386RS191729_07192/994085_RS_386_386RS191729_07192_RAW.jpg
1055376_DF_020_020BDF0070_08828,train,Crack,3941,0,371815,d:/current project/SIH PPts/roadsense_webapp/roadsense_webapp/Cracks-and-Potholes-in-Road-Images-Dataset-master/Cracks-and-Potholes-in-Road-Images-Dataset-master/Dataset/1055376_DF_020_020BDF0070_08828/1055376_DF_020_020BDF0070_08828_RAW.jpg
917907_RS_290_290RS294095_22986,train,Crack,1775,0,367271,d:/current project/SIH PPts/roadsense_webapp/roadsense_webapp/Cracks-and-Potholes-in-Road-Images-Dataset-master/Cracks-and-Potholes-in-Road-Images-Dataset-master/Dataset/917907_RS_290_290RS294095_22986/917907_RS_290_290RS294095_22986_RAW.jpg
1085430_DF_080_080BDF0090_03602,train,Crack,4759,0,361494,d:/current project/SIH PPts/roadsense_webapp/roadsense_webapp/Cracks-and-Potholes-in-Road-Images-Dataset-master/Cracks-and-Potholes-in-Road-Images-Dataset-master/Dataset/1085430_DF_080_080BDF0090_03602/1085430_DF_080_080BDF0090_03602_RAW.jpg
916111_RS_290_290RS294095_14005,train,Pothole,7710,8815,349487,d:/current project/SIH PPts/roadsense_webapp/roadsense_webapp/Cracks-and-Potholes-in-Road-Images-Dataset-master/Cracks-and-Potholes-in-Road-Images-Dataset-master/Dataset/916111_RS_290_290RS294095_14005/916111_RS_290_290RS294095_14005_RAW.jpg
1093082_DF_251_251BDF0052_01089,val,Crack,7903,0,359751,d:/current project/SIH PPts/roadsense_webapp/roadsense_webapp/Cracks-and-Potholes-in-Road-Images-Dataset-master/Cracks-and-Potholes-in-Road-Images-Dataset-master/Dataset/1093082_DF_251_251BDF0052_01089/1093082_DF_251_251BDF0052_01089_RAW.jpg
1053837_DF_020_020BDF0070_05988,train,Pothole,0,1028,370009,d:/current project/SIH PPts/roadsense_webapp/roadsense_webapp/Cracks-and-Potholes-in-Road-Images-Dataset-master/Cracks-and-Potholes-in-Road-Images-Dataset-master/Dataset/1053837_DF_020_020BDF0070_05988/1053837_DF_020_020BDF0070_05988_RAW.jpg
1066460_DF_010_010BDF0018_00939,train,Pothole,0,208,355306,d:/current project/SIH PPts/roadsense_webapp/roadsense_webapp/Cracks-and-Potholes-in-Road-Images-Dataset-master/Cracks-and-Potholes-in-Road-Images-Dataset-master/Dataset/1066460_DF_010_010BDF0018_00939/1066460_DF_010_010BDF0018_00939_RAW.jpg
1014910_RS_386_386RS124739_31475,train,Crack,2674,0,374798,d:/current project/SIH PPts/roadsense_webapp/roadsense_webapp/Cracks-and-Potholes-in-Road-Images-Dataset-master/Cracks-and-Potholes-in-Road-Images-Dataset-master/Dataset/1014910_RS_386_386RS124739_31475/1014910_RS_386_386RS124739_31475_RAW.jpg
941927_RS_290_290RS070691_02540,train,Pothole,0,2993,358583,d:/current project/SIH PPts/roadsense_webapp/roadsense_webapp/Cracks-and-Potholes-in-Road-Images-Dataset-master/Cracks-and-Potholes-in-Road-Images-Dataset-master/Dataset/941927_RS_290_290RS070691_02540/941927_RS_290_290RS070691_02540_RAW.jpg
1014708_RS_386_386RS124739_30465,train,Crack,18840,0,380290,d:/current project/SIH PPts/roadsense_webapp/roadsense_webapp/Cracks-and-Potholes-in-Road-Images-Dataset-master/Cracks-and-Potholes-in-Road-Images-Dataset-master/Dataset/1014708_RS_386_386RS124739_30465/1014708_RS_386_386RS124739_30465_RAW.jpg
917494_RS_290_290RS294095_20920,val,Normal,466,0,347744,d:/current project/SIH PPts/roadsense_webapp/roadsense_webapp/Cracks-and-Potholes-in-Road-Images-Dataset-master/Cracks-and-Potholes-in-Road-Images-Dataset-master/Dataset/917494_RS_290_290RS294095_20920/917494_RS_290_290RS294095_20920_RAW.jpg
919493_RS_290_290RS294095_30915,train,Normal,923,0,349396,d:/current project/SIH PPts/roadsense_webapp/roadsense_webapp/Cracks-and-Potholes-in-Road-Images-Dataset-master/Cracks-and-Potholes-in-Road-Images-Dataset-master/Dataset/919493_RS_290_290RS294095_30915/919493_RS_290_290RS294095_30915_RAW.jpg
1092067_DF_251_251BDF0490_01443,val,Crack,4840,0,374240,d:/current project/SIH PPts/roadsense_webapp/roadsense_webapp/Cracks-and-Potholes-in-Road-Images-Dataset-master/Cracks-and-Potholes-in-Road-Images-Dataset-master/Dataset/1092067_DF_251_251BDF0490_01443/1092067_DF_251_251BDF0490_01443_RAW.jpg
919164_RS_290_290RS294095_29271,train,Crack,4423,0,356489,d:/current project/SIH PPts/roadsense_webapp/roadsense_webapp/Cracks-and-Potholes-in-Road-Images-Dataset-master/Cracks-and-Potholes-in-Road-Images-Dataset-master/Dataset/919164_RS_290_290RS294095_29271/919164_RS_290_290RS294095_29271_RAW.jpg
1014868_RS_386_386RS124739_31265,val,Normal,930,0,387011,d:/current project/SIH PPts/roadsense_webapp/roadsense_webapp/Cracks-and-Potholes-in-Road-Images-Dataset-master/Cracks-and-Potholes-in-Road-Images-Dataset-master/Dataset/1014868_RS_386_386RS124739_31265/1014868_RS_386_386RS124739_31265_RAW.jpg
919185_RS_290_290RS294095_29375,train,Crack,6314,0,361213,d:/current project/SIH PPts/roadsense_webapp/roadsense_webapp/Cracks-and-Potholes-in-Road-Images-Dataset-master/Cracks-and-Potholes-in-Road-Images-Dataset-master/Dataset/919185_RS_290_290RS294095_29375/919185_RS_290_290RS294095_29375_RAW.jpg
1092894_DF_251_251BDF0052_00757,train,Crack,9483,0,375877,d:/current project/SIH PPts/roadsense_webapp/roadsense_webapp/Cracks-and-Potholes-in-Road-Images-Dataset-master/Cracks-and-Potholes-in-Road-Images-Dataset-master/Dataset/1092894_DF_251_251BDF0052_00757/1092894_DF_251_251BDF0052_00757_RAW.jpg
918467_RS_290_290RS294095_25785,train,Normal,1026,0,362558,d:/current project/SIH PPts/roadsense_webapp/roadsense_webapp/Cracks-and-Potholes-in-Road-Images-Dataset-master/Cracks-and-Potholes-in-Road-Images-Dataset-master/Dataset/918467_RS_290_290RS294095_25785/918467_RS_290_290RS294095_25785_RAW.jpg
1014645_RS_386_386RS124739_30150,train,Crack,4645,0,374559,d:/current project/SIH PPts/roadsense_webapp/roadsense_webapp/Cracks-and-Potholes-in-Road-Images-Dataset-master/Cracks-and-Potholes-in-Road-Images-Dataset-master/Dataset/1014645_RS_386_386RS124739_30150/1014645_RS_386_386RS124739_30150_RAW.jpg
1092661_DF_251_251BDF0052_00350,train,Pothole,13843,3276,379090,d:/current project/SIH PPts/roadsense_webapp/roadsense_webapp/Cracks-and-Potholes-in-Road-Images-Dataset-master/Cracks-and-Potholes-in-Road-Images-Dataset-master/Dataset/1092661_DF_251_251BDF0052_00350/1092661_DF_251_251BDF0052_00350_RAW.jpg
1075539_DF_251_251BDF0530_01857,train,Crack,4001,0,347659,d:/current project/SIH PPts/roadsense_webapp/roadsense_webapp/Cracks-and-Potholes-in-Road-Images-Dataset-master/Cracks-and-Potholes-in-Road-Images-Dataset-master/Dataset/1075539_DF_251_251BDF0530_01857/1075539_DF_251_251BDF0530_01857_RAW.jpg
917838_RS_290_290RS294095_22640,train,Crack,2883,0,375272,d:/current project/SIH PPts/roadsense_webapp/roadsense_webapp/Cracks-and-Potholes-in-Road-Images-Dataset-master/Cracks-and-Potholes-in-Road-Images-Dataset-master/Dataset/917838_RS_290_290RS294095_22640/917838_RS_290_290RS294095_22640_RAW.jpg
994594_RS_386_386RS191729_09736,train,Crack,11646,0,364647,d:/current project/SIH PPts/roadsense_webapp/roadsense_webapp/Cracks-and-Potholes-in-Road-Images-Dataset-master/Cracks-and-Potholes-in-Road-Images-Dataset-master/Dataset/994594_RS_386_386RS191729_09736/994594_RS_386_386RS191729_09736_RAW.jpg
1014826_RS_386_386RS124739_31055,val,Crack,6920,0,384486,d:/current project/SIH PPts/roadsense_webapp/roadsense_webapp/Cracks-and-Potholes-in-Road-Images-Dataset-master/Cracks-and-Potholes-in-Road-Images-Dataset-master/Dataset/1014826_RS_386_386RS124739_31055/1014826_RS_386_386RS124739_31055_RAW.jpg
919474_RS_290_290RS294095_30820,train,Normal,520,0,356061,d:/current project/SIH PPts/roadsense_webapp/roadsense_webapp/Cracks-and-Potholes-in-Road-Images-Dataset-master/Cracks-and-Potholes-in-Road-Images-Dataset-master/Dataset/919474_RS_290_290RS294095_30820/919474_RS_290_290RS294095_30820_RAW.jpg
919101_RS_290_290RS294095_28955,train,Crack,3945,0,351123,d:/current project/SIH PPts/roadsense_webapp/roadsense_webapp/Cracks-and-Potholes-in-Road-Images-Dataset-master/Cracks-and-Potholes-in-Road-Images-Dataset-master/Dataset/919101_RS_290_290RS294095_28955/919101_RS_290_290RS294095_28955_RAW.jpg
917272_RS_290_290RS294095_19810,val,Crack,6887,0,369170,d:/current project/SIH PPts/roadsense_webapp/roadsense_webapp/Cracks-and-Potholes-in-Road-Images-Dataset-master/Cracks-and-Potholes-in-Road-Images-Dataset-master/Dataset/917272_RS_290_290RS294095_19810/917272_RS_290_290RS294095_19810_RAW.jpg
1092999_DF_251_251BDF0052_00943,train,Crack,7998,0,372893,d:/current project/SIH PPts/roadsense_webapp/roadsense_webapp/Cracks-and-Potholes-in-Road-Images-Dataset-master/Cracks-and-Potholes-in-Road-Images-Dataset-master/Dataset/1092999_DF_251_251BDF0052_00943/1092999_DF_251_251BDF0052_00943_RAW.jpg
916659_RS_290_290RS294095_16745,train,Crack,6454,0,353770,d:/current project/SIH PPts/roadsense_webapp/roadsense_webapp/Cracks-and-Potholes-in-Road-Images-Dataset-master/Cracks-and-Potholes-in-Road-Images-Dataset-master/Dataset/916659_RS_290_290RS294095_16745/916659_RS_290_290RS294095_16745_RAW.jpg
1014705_RS_386_386RS124739_30450,train,Crack,30761,0,378349,d:/current project/SIH PPts/roadsense_webapp/roadsense_webapp/Cracks-and-Potholes-in-Road-Images-Dataset-master/Cracks-and-Potholes-in-Road-Images-Dataset-master/Dataset/1014705_RS_386_386RS124739_30450/1014705_RS_386_386RS124739_30450_RAW.jpg
917188_RS_290_290RS294095_19390,train,Crack,19355,0,365481,d:/current project/SIH PPts/roadsense_webapp/roadsense_webapp/Cracks-and-Potholes-in-Road-Images-Dataset-master/Cracks-and-Potholes-in-Road-Images-Dataset-master/Dataset/917188_RS_290_290RS294095_19390/917188_RS_290_290RS294095_19390_RAW.jpg
919775_RS_290_290RS294095_32325,val,Crack,14853,0,364791,d:/current project/SIH PPts/roadsense_webapp/roadsense_webapp/Cracks-and-Potholes-in-Road-Images-Dataset-master/Cracks-and-Potholes-in-Road-Images-Dataset-master/Dataset/919775_RS_290_290RS294095_32325/919775_RS_290_290RS294095_32325_RAW.jpg
919137_RS_290_290RS294095_29135,train,Crack,3648,0,363705,d:/current project/SIH PPts/roadsense_webapp/roadsense_webapp/Cracks-and-Potholes-in-Road-Images-Dataset-master/Cracks-and-Potholes-in-Road-Images-Dataset-master/Dataset/919137_RS_290_290RS294095_29135/919137_RS_290_290RS294095_29135_RAW.jpg
917254_RS_290_290RS294095_19721,train,Crack,15341,0,368560,d:/current project/SIH PPts/roadsense_webapp/roadsense_webapp/Cracks-and-Potholes-in-Road-Images-Dataset-master/Cracks-and-Potholes-in-Road-Images-Dataset-master/Dataset/917254_RS_290_290RS294095_19721/917254_RS_290_290RS294095_19721_RAW.jpg
917282_RS_290_290RS294095_19860,train,Crack,3778,0,375239,d:/current project/SIH PPts/roadsense_webapp/roadsense_webapp/Cracks-and-Potholes-in-Road-Images-Dataset-master/Cracks-and-Potholes-in-Road-Images-Dataset-master/Dataset/917282_RS_290_290RS294095_19860/917282_RS_290_290RS294095_19860_RAW.jpg
994090_RS_386_386RS191729_07215,train,Crack,16357,0,356783,d:/current project/SIH PPts/roadsense_webapp/roadsense_webapp/Cracks-and-Potholes-in-Road-Images-Dataset-master/Cracks-and-Potholes-in-Road-Images-Dataset-master/Dataset/994090_RS_386_386RS191729_07215/994090_RS_386_386RS191729_07215_RAW.jpg
919702_RS_290_290RS294095_31960,train,Crack,2320,0,361518,d:/current project/SIH PPts/roadsense_webapp/roadsense_webapp/Cracks-and-Potholes-in-Road-Images-Dataset-master/Cracks-and-Potholes-in-Road-Images-Dataset-master/Dataset/919702_RS_290_290RS294095_31960/919702_RS_290_290RS294095_31960_RAW.jpg
1092944_DF_251_251BDF0052_00844,val,Normal,963,0,342602,d:/current project/SIH PPts/roadsense_webapp/roadsense_webapp/Cracks-and-Potholes-in-Road-Images-Dataset-master/Cracks-and-Potholes-in-Road-Images-Dataset-master/Dataset/1092944_DF_251_251BDF0052_00844/1092944_DF_251_251BDF0052_00844_RAW.jpg
883133_RS_290_290RS150131_16395,train,Pothole,0,22950,362170,d:/current project/SIH PPts/roadsense_webapp/roadsense_webapp/Cracks-and-Potholes-in-Road-Images-Dataset-master/Cracks-and-Potholes-in-Road-Images-Dataset-master/Dataset/883133_RS_290_290RS150131_16395/883133_RS_290_290RS150131_16395_RAW.jpg
1014664_RS_386_386RS124739_30246,train,Crack,1890,0,385116,d:/current project/SIH PPts/roadsense_webapp/roadsense_webapp/Cracks-and-Potholes-in-Road-Images-Dataset-master/Cracks-and-Potholes-in-Road-Images-Dataset-master/Dataset/1014664_RS_386_386RS124739_30246/1014664_RS_386_386RS124739_30246_RAW.jpg
917670_RS_290_290RS294095_21800,train,Pothole,0,4786,364702,d:/current project/SIH PPts/roadsense_webapp/roadsense_webapp/Cracks-and-Potholes-in-Road-Images-Dataset-master/Cracks-and-Potholes-in-Road-Images-Dataset-master/Dataset/917670_RS_290_290RS294095_21800/917670_RS_290_290RS294095_21800_RAW.jpg
1051763_DF_020_020BDF0070_01670,train,Pothole,3307,214,394555,d:/current project/SIH PPts/roadsense_webapp/roadsense_webapp/Cracks-and-Potholes-in-Road-Images-Dataset-master/Cracks-and-Potholes-in-Road-Images-Dataset-master/Dataset/1051763_DF_020_020BDF0070_01670/1051763_DF_020_020BDF0070_01670_RAW.jpg
917231_RS_290_290RS294095_19605,train,Crack,9770,0,368940,d:/current project/SIH PPts/roadsense_webapp/roadsense_webapp/Cracks-and-Potholes-in-Road-Images-Dataset-master/Cracks-and-Potholes-in-Road-Images-Dataset-master/Dataset/917231_RS_290_290RS294095_19605/917231_RS_290_290RS294095_19605_RAW.jpg
994087_RS_386_386RS191729_07200,train,Crack,25868,0,367635,d:/current project/SIH PPts/roadsense_webapp/roadsense_webapp/Cracks-and-Potholes-in-Road-Images-Dataset-master/Cracks-and-Potholes-in-Road-Images-Dataset-master/Dataset/994087_RS_386_386RS191729_07200/994087_RS_386_386RS191729_07200_RAW.jpg
1091845_DF_251_251BDF0490_01029,train,Crack,2923,0,357239,d:/current project/SIH PPts/roadsense_webapp/roadsense_webapp/Cracks-and-Potholes-in-Road-Images-Dataset-master/Cracks-and-Potholes-in-Road-Images-Dataset-master/Dataset/1091845_DF_251_251BDF0490_01029/1091845_DF_251_251BDF0490_01029_RAW.jpg
916644_RS_290_290RS294095_16670,train,Crack,8110,0,357176,d:/current project/SIH PPts/roadsense_webapp/roadsense_webapp/Cracks-and-Potholes-in-Road-Images-Dataset-master/Cracks-and-Potholes-in-Road-Images-Dataset-master/Dataset/916644_RS_290_290RS294095_16670/916644_RS_290_290RS294095_16670_RAW.jpg
1091913_DF_251_251BDF0490_01158,val,Crack,2711,0,356626,d:/current project/SIH PPts/roadsense_webapp/roadsense_webapp/Cracks-and-Potholes-in-Road-Images-Dataset-master/Cracks-and-Potholes-in-Road-Images-Dataset-master/Dataset/1091913_DF_251_251BDF0490_01158/1091913_DF_251_251BDF0490_01158_RAW.jpg
1093015_DF_251_251BDF0052_00971,train,Crack,8031,0,366986,d:/current project/SIH PPts/roadsense_webapp/roadsense_webapp/Cracks-and-Potholes-in-Road-Images-Dataset-master/Cracks-and-Potholes-in-Road-Images-Dataset-master/Dataset/1093015_DF_251_251BDF0052_00971/1093015_DF_251_251BDF0052_00971_RAW.jpg
1092793_DF_251_251BDF0052_00580,train,Crack,15926,0,358828,d:/current project/SIH PPts/roadsense_webapp/roadsense_webapp/Cracks-and-Potholes-in-Road-Images-Dataset-master/Cracks-and-Potholes-in-Road-Images-Dataset-master/Dataset/1092793_DF_251_251BDF0052_00580/1092793_DF_251_251BDF0052_00580_RAW.jpg
918923_RS_290_290RS294095_28065,train,Crack,5510,0,343213,d:/current project/SIH PPts/roadsense_webapp/roadsense_webapp/Cracks-and-Potholes-in-Road-Images-Dataset-master/Cracks-and-Potholes-in-Road-Images-Dataset-master/Dataset/918923_RS_290_290RS294095_28065/918923_RS_290_290RS294095_28065_RAW.jpg
1077246_DF_251_251BDF0530_05025,train,Crack,13791,0,354884,d:/current project/SIH PPts/roadsense_webapp/roadsense_webapp/Cracks-and-Potholes-in-Road-Images-Dataset-master/Cracks-and-Potholes-in-Road-Images-Dataset-master/Dataset/1077246_DF_251_251BDF0530_05025/1077246_DF_251_251BDF0530_05025_RAW.jpg
919778_RS_290_290RS294095_32340,train,Crack,7964,0,348154,d:/current project/SIH PPts/roadsense_webapp/roadsense_webapp/Cracks-and-Potholes-in-Road-Images-Dataset-master/Cracks-and-Potholes-in-Road-Images-Dataset-master/Dataset/919778_RS_290_290RS294095_32340/919778_RS_290_290RS294095_32340_RAW.jpg
918233_RS_290_290RS294095_24615,train,Crack,6791,0,355714,d:/current project/SIH PPts/roadsense_webapp/roadsense_webapp/Cracks-and-Potholes-in-Road-Images-Dataset-master/Cracks-and-Potholes-in-Road-Images-Dataset-master/Dataset/918233_RS_290_290RS294095_24615/918233_RS_290_290RS294095_24615_RAW.jpg
820243_ES_259_259ES000000_02700,train,Pothole,0,4736,476693,d:/current project/SIH PPts/roadsense_webapp/roadsense_webapp/Cracks-and-Potholes-in-Road-Images-Dataset-master/Cracks-and-Potholes-in-Road-Images-Dataset-master/Dataset/820243_ES_259_259ES000000_02700/820243_ES_259_259ES000000_02700_RAW.jpg
994468_RS_386_386RS191729_09105,val,Pothole,0,690,354194,d:/current project/SIH PPts/roadsense_webapp/roadsense_webapp/Cracks-and-Potholes-in-Road-Images-Dataset-master/Cracks-and-Potholes-in-Road-Images-Dataset-master/Dataset/994468_RS_386_386RS191729_09105/994468_RS_386_386RS191729_09105_RAW.jpg
1076632_DF_251_251BDF0530_03880,train,Crack,9032,0,341791,d:/current project/SIH PPts/roadsense_webapp/roadsense_webapp/Cracks-and-Potholes-in-Road-Images-Dataset-master/Cracks-and-Potholes-in-Road-Images-Dataset-master/Dataset/1076632_DF_251_251BDF0530_03880/1076632_DF_251_251BDF0530_03880_RAW.jpg
883253_RS_290_290RS150131_16996,val,Pothole,0,45701,338741,d:/current project/SIH PPts/roadsense_webapp/roadsense_webapp/Cracks-and-Potholes-in-Road-Images-Dataset-master/Cracks-and-Potholes-in-Road-Images-Dataset-master/Dataset/883253_RS_290_290RS150131_16996/883253_RS_290_290RS150131_16996_RAW.jpg
1014736_RS_386_386RS124739_30605,train,Crack,3205,0,378593,d:/current project/SIH PPts/roadsense_webapp/roadsense_webapp/Cracks-and-Potholes-in-Road-Images-Dataset-master/Cracks-and-Potholes-in-Road-Images-Dataset-master/Dataset/1014736_RS_386_386RS124739_30605/1014736_RS_386_386RS124739_30605_RAW.jpg
992865_RS_386_386RS191729_01090,train,Pothole,1396,6174,368010,d:/current project/SIH PPts/roadsense_webapp/roadsense_webapp/Cracks-and-Potholes-in-Road-Images-Dataset-master/Cracks-and-Potholes-in-Road-Images-Dataset-master/Dataset/992865_RS_386_386RS191729_01090/992865_RS_386_386RS191729_01090_RAW.jpg
1082104_DF_080_080BDF0070_01444,train,Crack,1850,0,323208,d:/current project/SIH PPts/roadsense_webapp/roadsense_webapp/Cracks-and-Potholes-in-Road-Images-Dataset-master/Cracks-and-Potholes-in-Road-Images-Dataset-master/Dataset/1082104_DF_080_080BDF0070_01444/1082104_DF_080_080BDF0070_01444_RAW.jpg
919151_RS_290_290RS294095_29205,val,Normal,971,0,371082,d:/current project/SIH PPts/roadsense_webapp/roadsense_webapp/Cracks-and-Potholes-in-Road-Images-Dataset-master/Cracks-and-Potholes-in-Road-Images-Dataset-master/Dataset/919151_RS_290_290RS294095_29205/919151_RS_290_290RS294095_29205_RAW.jpg
917938_RS_290_290RS294095_23140,train,Normal,855,0,362873,d:/current project/SIH PPts/roadsense_webapp/roadsense_webapp/Cracks-and-Potholes-in-Road-Images-Dataset-master/Cracks-and-Potholes-in-Road-Images-Dataset-master/Dataset/917938_RS_290_290RS294095_23140/917938_RS_290_290RS294095_23140_RAW.jpg
774082_ES_259_259ES000000_44510,val,Pothole,0,2954,415020,d:/current project/SIH PPts/roadsense_webapp/roadsense_webapp/Cracks-and-Potholes-in-Road-Images-Dataset-master/Cracks-and-Potholes-in-Road-Images-Dataset-master/Dataset/774082_ES_259_259ES000000_44510/774082_ES_259_259ES000000_44510_RAW.jpg
1091622_DF_251_251BDF0490_00606,train,Crack,6637,0,352997,d:/current project/SIH PPts/roadsense_webapp/roadsense_webapp/Cracks-and-Potholes-in-Road-Images-Dataset-master/Cracks-and-Potholes-in-Road-Images-Dataset-master/Dataset/1091622_DF_251_251BDF0490_00606/1091622_DF_251_251BDF0490_00606_RAW.jpg
1075584_DF_251_251BDF0530_01938,train,Crack,3952,0,328147,d:/current project/SIH PPts/roadsense_webapp/roadsense_webapp/Cracks-and-Potholes-in-Road-Images-Dataset-master/Cracks-and-Potholes-in-Road-Images-Dataset-master/Dataset/1075584_DF_251_251BDF0530_01938/1075584_DF_251_251BDF0530_01938_RAW.jpg
1066571_DF_010_010BDF0018_01158,train,Pothole,126,1002,357378,d:/current project/SIH PPts/roadsense_webapp/roadsense_webapp/Cracks-and-Potholes-in-Road-Images-Dataset-master/Cracks-and-Potholes-in-Road-Images-Dataset-master/Dataset/1066571_DF_010_010BDF0018_01158/1066571_DF_010_010BDF0018_01158_RAW.jpg
1094259_DF_251_251BDF0052_03238,train,Crack,10818,0,357645,d:/current project/SIH PPts/roadsense_webapp/roadsense_webapp/Cracks-and-Potholes-in-Road-Images-Dataset-master/Cracks-and-Potholes-in-Road-Images-Dataset-master/Dataset/1094259_DF_251_251BDF0052_03238/1094259_DF_251_251BDF0052_03238_RAW.jpg
1084105_DF_080_080BDF0090_00984,val,Crack,9137,0,338901,d:/current project/SIH PPts/roadsense_webapp/roadsense_webapp/Cracks-and-Potholes-in-Road-Images-Dataset-master/Cracks-and-Potholes-in-Road-Images-Dataset-master/Dataset/1084105_DF_080_080BDF0090_00984/1084105_DF_080_080BDF0090_00984_RAW.jpg
917215_RS_290_290RS294095_19525,train,Pothole,11168,2493,367681,d:/current project/SIH PPts/roadsense_webapp/roadsense_webapp/Cracks-and-Potholes-in-Road-Images-Dataset-master/Cracks-and-Potholes-in-Road-Images-Dataset-master/Dataset/917215_RS_290_290RS294095_19525/917215_RS_290_290RS294095_19525_RAW.jpg
919546_RS_290_290RS294095_31180,train,Crack,18425,0,350182,d:/current project/SIH PPts/roadsense_webapp/roadsense_webapp/Cracks-and-Potholes-in-Road-Images-Dataset-master/Cracks-and-Potholes-in-Road-Images-Dataset-master/Dataset/919546_RS_290_290RS294095_31180/919546_RS_290_290RS294095_31180_RAW.jpg
1081800_DF_080_080BDF0070_00867,train,Crack,18990,0,333561,d:/current project/SIH PPts/roadsense_webapp/roadsense_webapp/Cracks-and-Potholes-in-Road-Images-Dataset-master/Cracks-and-Potholes-in-Road-Images-Dataset-master/Dataset/1081800_DF_080_080BDF0070_00867/1081800_DF_080_080BDF0070_00867_RAW.jpg
915963_RS_290_290RS294095_13265,train,Normal,658,0,362472,d:/current project/SIH PPts/roadsense_webapp/roadsense_webapp/Cracks-and-Potholes-in-Road-Images-Dataset-master/Cracks-and-Potholes-in-Road-Images-Dataset-master/Dataset/915963_RS_290_290RS294095_13265/915963_RS_290_290RS294095_13265_RAW.jpg
917193_RS_290_290RS294095_19415,train,Crack,5648,0,366296,d:/current project/SIH PPts/roadsense_webapp/roadsense_webapp/Cracks-and-Potholes-in-Road-Images-Dataset-master/Cracks-and-Potholes-in-Road-Images-Dataset-master/Dataset/917193_RS_290_290RS294095_19415/917193_RS_290_290RS294095_19415_RAW.jpg
1083783_DF_080_080BDF0090_00352,train,Crack,12789,0,349440,d:/current project/SIH PPts/roadsense_webapp/roadsense_webapp/Cracks-and-Potholes-in-Road-Images-Dataset-master/Cracks-and-Potholes-in-Road-Images-Dataset-master/Dataset/1083783_DF_080_080BDF0090_00352/1083783_DF_080_080BDF0090_00352_RAW.jpg
883273_RS_290_290RS150131_17095,val,Pothole,0,42465,340650,d:/current project/SIH PPts/roadsense_webapp/roadsense_webapp/Cracks-and-Potholes-in-Road-Images-Dataset-master/Cracks-and-Potholes-in-Road-Images-Dataset-master/Dataset/883273_RS_290_290RS150131_17095/883273_RS_290_290RS150131_17095_RAW.jpg
1092875_DF_251_251BDF0052_00723,val,Crack,11016,0,364253,d:/current project/SIH PPts/roadsense_webapp/roadsense_webapp/Cracks-and-Potholes-in-Road-Images-Dataset-master/Cracks-and-Potholes-in-Road-Images-Dataset-master/Dataset/1092875_DF_251_251BDF0052_00723/1092875_DF_251_251BDF0052_00723_RAW.jpg
1092818_DF_251_251BDF0052_00624,train,Crack,9879,0,340953,d:/current project/SIH PPts/roadsense_webapp/roadsense_webapp/Cracks-and-Potholes-in-Road-Images-Dataset-master/Cracks-and-Potholes-in-Road-Images-Dataset-master/Dataset/1092818_DF_251_251BDF0052_00624/1092818_DF_251_251BDF0052_00624_RAW.jpg
1091673_DF_251_251BDF0490_00700,train,Pothole,2177,1902,366017,d:/current project/SIH PPts/roadsense_webapp/roadsense_webapp/Cracks-and-Potholes-in-Road-Images-Dataset-master/Cracks-and-Potholes-in-Road-Images-Dataset-master/Dataset/1091673_DF_251_251BDF0490_00700/1091673_DF_251_251BDF0490_00700_RAW.jpg
1025788_RS_386_386RS169832_08680,train,Crack,2104,0,393449,d:/current project/SIH PPts/roadsense_webapp/roadsense_webapp/Cracks-and-Potholes-in-Road-Images-Dataset-master/Cracks-and-Potholes-in-Road-Images-Dataset-master/Dataset/1025788_RS_386_386RS169832_08680/1025788_RS_386_386RS169832_08680_RAW.jpg
1082234_DF_080_080BDF0070_01764,val,Crack,12993,0,396519,d:/current project/SIH PPts/roadsense_webapp/roadsense_webapp/Cracks-and-Potholes-in-Road-Images-Dataset-master/Cracks-and-Potholes-in-Road-Images-Dataset-master/Dataset/1082234_DF_080_080BDF0070_01764/1082234_DF_080_080BDF0070_01764_RAW.jpg
1014668_RS_386_386RS124739_30265,train,Crack,2288,0,381547,d:/current project/SIH PPts/roadsense_webapp/roadsense_webapp/Cracks-and-Potholes-in-Road-Images-Dataset-master/Cracks-and-Potholes-in-Road-Images-Dataset-master/Dataset/1014668_RS_386_386RS124739_30265/1014668_RS_386_386RS124739_30265_RAW.jpg
1091884_DF_251_251BDF0490_01104,train,Crack,3501,0,357583,d:/current project/SIH PPts/roadsense_webapp/roadsense_webapp/Cracks-and-Potholes-in-Road-Images-Dataset-master/Cracks-and-Potholes-in-Road-Images-Dataset-master/Dataset/1091884_DF_251_251BDF0490_01104/1091884_DF_251_251BDF0490_01104_RAW.jpg
1025795_RS_386_386RS169832_08715,train,Pothole,5580,962,397490,d:/current project/SIH PPts/roadsense_webapp/roadsense_webapp/Cracks-and-Potholes-in-Road-Images-Dataset-master/Cracks-and-Potholes-in-Road-Images-Dataset-master/Dataset/1025795_RS_386_386RS169832_08715/1025795_RS_386_386RS169832_08715_RAW.jpg
1094275_DF_251_251BDF0052_03267,val,Normal,708,0,356431,d:/current project/SIH PPts/roadsense_webapp/roadsense_webapp/Cracks-and-Potholes-in-Road-Images-Dataset-master/Cracks-and-Potholes-in-Road-Images-Dataset-master/Dataset/1094275_DF_251_251BDF0052_03267/1094275_DF_251_251BDF0052_03267_RAW.jpg
917701_RS_290_290RS294095_21955,val,Pothole,0,23122,372212,d:/current project/SIH PPts/roadsense_webapp/roadsense_webapp/Cracks-and-Potholes-in-Road-Images-Dataset-master/Cracks-and-Potholes-in-Road-Images-Dataset-master/Dataset/917701_RS_290_290RS294095_21955/917701_RS_290_290RS294095_21955_RAW.jpg
1025812_RS_386_386RS169832_08800,train,Pothole,3810,560,394771,d:/current project/SIH PPts/roadsense_webapp/roadsense_webapp/Cracks-and-Potholes-in-Road-Images-Dataset-master/Cracks-and-Potholes-in-Road-Images-Dataset-master/Dataset/1025812_RS_386_386RS169832_08800/1025812_RS_386_386RS169832_08800_RAW.jpg
1053818_DF_020_020BDF0070_05954,val,Pothole,0,5932,364426,d:/current project/SIH PPts/roadsense_webapp/roadsense_webapp/Cracks-and-Potholes-in-Road-Images-Dataset-master/Cracks-and-Potholes-in-Road-Images-Dataset-master/Dataset/1053818_DF_020_020BDF0070_05954/1053818_DF_020_020BDF0070_05954_RAW.jpg
919210_RS_290_290RS294095_29500,train,Crack,4793,0,362047,d:/current project/SIH PPts/roadsense_webapp/roadsense_webapp/Cracks-and-Potholes-in-Road-Images-Dataset-master/Cracks-and-Potholes-in-Road-Images-Dataset-master/Dataset/919210_RS_290_290RS294095_29500/919210_RS_290_290RS294095_29500_RAW.jpg
917071_RS_290_290RS294095_18805,train,Crack,8016,0,349327,d:/current project/SIH PPts/roadsense_webapp/roadsense_webapp/Cracks-and-Potholes-in-Road-Images-Dataset-master/Cracks-and-Potholes-in-Road-Images-Dataset-master/Dataset/917071_RS_290_290RS294095_18805/917071_RS_290_290RS294095_18805_RAW.jpg
1055783_DF_020_020BDF0070_09590,val,Pothole,3104,817,383598,d:/current project/SIH PPts/roadsense_webapp/roadsense_webapp/Cracks-and-Potholes-in-Road-Images-Dataset-master/Cracks-and-Potholes-in-Road-Images-Dataset-master/Dataset/1055783_DF_020_020BDF0070_09590/1055783_DF_020_020BDF0070_09590_RAW.jpg
992772_RS_386_386RS191729_00625,train,Pothole,612,2793,364809,d:/current project/SIH PPts/roadsense_webapp/roadsense_webapp/Cracks-and-Potholes-in-Road-Images-Dataset-master/Cracks-and-Potholes-in-Road-Images-Dataset-master/Dataset/992772_RS_386_386RS191729_00625/992772_RS_386_386RS191729_00625_RAW.jpg
992850_RS_386_386RS191729_01015,train,Pothole,1122,5433,368693,d:/current project/SIH PPts/roadsense_webapp/roadsense_webapp/Cracks-and-Potholes-in-Road-Images-Dataset-master/Cracks-and-Potholes-in-Road-Images-Dataset-master/Dataset/992850_RS_386_386RS191729_01015/992850_RS_386_386RS191729_01015_RAW.jpg
1025924_RS_386_386RS169832_09360,val,Crack,4982,0,389830,d:/current project/SIH PPts/roadsense_webapp/roadsense_webapp/Cracks-and-Potholes-in-Road-Images-Dataset-master/Cracks-and-Potholes-in-Road-Images-Dataset-master/Dataset/1025924_RS_386_386RS169832_09360/1025924_RS_386_386RS169832_09360_RAW.jpg
1093021_DF_251_251BDF0052_00982,train,Crack,19592,0,356512,d:/current project/SIH PPts/roadsense_webapp/roadsense_webapp/Cracks-and-Potholes-in-Road-Images-Dataset-master/Cracks-and-Potholes-in-Road-Images-Dataset-master/Dataset/1093021_DF_251_251BDF0052_00982/1093021_DF_251_251BDF0052_00982_RAW.jpg
1091966_DF_251_251BDF0490_01257,train,Crack,4219,0,368197,d:/current project/SIH PPts/roadsense_webapp/roadsense_webapp/Cracks-and-Potholes-in-Road-Images-Dataset-master/Cracks-and-Potholes-in-Road-Images-Dataset-master/Dataset/1091966_DF_251_251BDF0490_01257/1091966_DF_251_251BDF0490_01257_RAW.jpg
917910_RS_290_290RS294095_23000,train,Normal,1310,0,357098,d:/current project/SIH PPts/roadsense_webapp/roadsense_webapp/Cracks-and-Potholes-in-Road-Images-Dataset-master/Cracks-and-Potholes-in-Road-Images-Dataset-master/Dataset/917910_RS_290_290RS294095_23000/917910_RS_290_290RS294095_23000_RAW.jpg
1025802_RS_386_386RS169832_08750,train,Pothole,2054,1323,395441,d:/current project/SIH PPts/roadsense_webapp/roadsense_webapp/Cracks-and-Potholes-in-Road-Images-Dataset-master/Cracks-and-Potholes-in-Road-Images-Dataset-master/Dataset/1025802_RS_386_386RS169832_08750/1025802_RS_386_386RS169832_08750_RAW.jpg
994109_RS_386_386RS191729_07311,train,Pothole,5643,1867,355795,d:/current project/SIH PPts/roadsense_webapp/roadsense_webapp/Cracks-and-Potholes-in-Road-Images-Dataset-master/Cracks-and-Potholes-in-Road-Images-Dataset-master/Dataset/994109_RS_386_386RS191729_07311/994109_RS_386_386RS191729_07311_RAW.jpg
1091747_DF_251_251BDF0490_00844,train,Crack,3449,0,362919,d:/current project/SIH PPts/roadsense_webapp/roadsense_webapp/Cracks-and-Potholes-in-Road-Images-Dataset-master/Cracks-and-Potholes-in-Road-Images-Dataset-master/Dataset/1091747_DF_251_251BDF0490_00844/1091747_DF_251_251BDF0490_00844_RAW.jpg
1076435_DF_251_251BDF0530_03507,train,Crack,12100,0,343459,d:/current project/SIH PPts/roadsense_webapp/roadsense_webapp/Cracks-and-Potholes-in-Road-Images-Dataset-master/Cracks-and-Potholes-in-Road-Images-Dataset-master/Dataset/1076435_DF_251_251BDF0530_03507/1076435_DF_251_251BDF0530_03507_RAW.jpg
917120_RS_290_290RS294095_19051,train,Crack,8623,0,362969,d:/current project/SIH PPts/roadsense_webapp/roadsense_webapp/Cracks-and-Potholes-in-Road-Images-Dataset-master/Cracks-and-Potholes-in-Road-Images-Dataset-master/Dataset/917120_RS_290_290RS294095_19051/917120_RS_290_290RS294095_19051_RAW.jpg
1014896_RS_386_386RS124739_31405,train,Crack,21679,0,374100,d:/current project/SIH PPts/roadsense_webapp/roadsense_webapp/Cracks-and-Potholes-in-Road-Images-Dataset-master/Cracks-and-Potholes-in-Road-Images-Dataset-master/Dataset/1014896_RS_386_386RS124739_31405/1014896_RS_386_386RS124739_31405_RAW.jpg
819785_ES_259_259ES000000_00410,train,Crack,17936,0,347042,d:/current project/SIH PPts/roadsense_webapp/roadsense_webapp/Cracks-and-Potholes-in-Road-Images-Dataset-master/Cracks-and-Potholes-in-Road-Images-Dataset-master/Dataset/819785_ES_259_259ES000000_00410/819785_ES_259_259ES000000_00410_RAW.jpg
994128_RS_386_386RS191729_07405,train,Normal,150,0,361920,d:/current project/SIH PPts/roadsense_webapp/roadsense_webapp/Cracks-and-Potholes-in-Road-Images-Dataset-master/Cracks-and-Potholes-in-Road-Images-Dataset-master/Dataset/994128_RS_386_386RS191729_07405/994128_RS_386_386RS191729_07405_RAW.jpg
883245_RS_290_290RS150131_16955,train,Pothole,0,36982,335233,d:/current project/SIH PPts/roadsense_webapp/roadsense_webapp/Cracks-and-Potholes-in-Road-Images-Dataset-master/Cracks-and-Potholes-in-Road-Images-Dataset-master/Dataset/883245_RS_290_290RS150131_16955/883245_RS_290_290RS150131_16955_RAW.jpg
1014789_RS_386_386RS124739_30870,val,Pothole,9021,1255,394776,d:/current project/SIH PPts/roadsense_webapp/roadsense_webapp/Cracks-and-Potholes-in-Road-Images-Dataset-master/Cracks-and-Potholes-in-Road-Images-Dataset-master/Dataset/1014789_RS_386_386RS124739_30870/1014789_RS_386_386RS124739_30870_RAW.jpg
766116_ES_259_259ES000000_04680,train,Normal,284,0,423867,d:/current project/SIH PPts/roadsense_webapp/roadsense_webapp/Cracks-and-Potholes-in-Road-Images-Dataset-master/Cracks-and-Potholes-in-Road-Images-Dataset-master/Dataset/766116_ES_259_259ES000000_04680/766116_ES_259_259ES000000_04680_RAW.jpg
917294_RS_290_290RS294095_19920,val,Crack,3834,0,348483,d:/current project/SIH PPts/roadsense_webapp/roadsense_webapp/Cracks-and-Potholes-in-Road-Images-Dataset-master/Cracks-and-Potholes-in-Road-Images-Dataset-master/Dataset/917294_RS_290_290RS294095_19920/917294_RS_290_290RS294095_19920_RAW.jpg
1068382_DF_010_010BDF0018_04988,train,Pothole,760,2490,392235,d:/current project/SIH PPts/roadsense_webapp/roadsense_webapp/Cracks-and-Potholes-in-Road-Images-Dataset-master/Cracks-and-Potholes-in-Road-Images-Dataset-master/Dataset/1068382_DF_010_010BDF0018_04988/1068382_DF_010_010BDF0018_04988_RAW.jpg
994583_RS_386_386RS191729_09680,train,Crack,28796,0,355461,d:/current project/SIH PPts/roadsense_webapp/roadsense_webapp/Cracks-and-Potholes-in-Road-Images-Dataset-master/Cracks-and-Potholes-in-Road-Images-Dataset-master/Dataset/994583_RS_386_386RS191729_09680/994583_RS_386_386RS191729_09680_RAW.jpg
1081577_DF_080_080BDF0070_00457,val,Crack,5076,0,329689,d:/current project/SIH PPts/roadsense_webapp/roadsense_webapp/Cracks-and-Potholes-in-Road-Images-Dataset-master/Cracks-and-Potholes-in-Road-Images-Dataset-master/Dataset/1081577_DF_080_080BDF0070_00457/1081577_DF_080_080BDF0070_00457_RAW.jpg
941938_RS_290_290RS070691_02595,val,Pothole,0,14011,364319,d:/current project/SIH PPts/roadsense_webapp/roadsense_webapp/Cracks-and-Potholes-in-Road-Images-Dataset-master/Cracks-and-Potholes-in-Road-Images-Dataset-master/Dataset/941938_RS_290_290RS070691_02595/941938_RS_290_290RS070691_02595_RAW.jpg
918905_RS_290_290RS294095_27975,train,Crack,1602,0,348012,d:/current project/SIH PPts/roadsense_webapp/roadsense_webapp/Cracks-and-Potholes-in-Road-Images-Dataset-master/Cracks-and-Potholes-in-Road-Images-Dataset-master/Dataset/918905_RS_290_290RS294095_27975/918905_RS_290_290RS294095_27975_RAW.jpg
1092836_DF_251_251BDF0052_00655,train,Crack,10717,0,356398,d:/current project/SIH PPts/roadsense_webapp/roadsense_webapp/Cracks-and-Potholes-in-Road-Images-Dataset-master/Cracks-and-Potholes-in-Road-Images-Dataset-master/Dataset/1092836_DF_251_251BDF0052_00655/1092836_DF_251_251BDF0052_00655_RAW.jpg
919127_RS_290_290RS294095_29085,train,Normal,924,0,368853,d:/current project/SIH PPts/roadsense_webapp/roadsense_webapp/Cracks-and-Potholes-in-Road-Images-Dataset-master/Cracks-and-Potholes-in-Road-Images-Dataset-master/Dataset/919127_RS_290_290RS294095_29085/919127_RS_290_290RS294095_29085_RAW.jpg
1091869_DF_251_251BDF0490_01075,train,Crack,2674,0,360819,d:/current project/SIH PPts/roadsense_webapp/roadsense_webapp/Cracks-and-Potholes-in-Road-Images-Dataset-master/Cracks-and-Potholes-in-Road-Images-Dataset-master/Dataset/1091869_DF_251_251BDF0490_01075/1091869_DF_251_251BDF0490_01075_RAW.jpg
1094000_DF_251_251BDF0052_02753,train,Crack,5538,0,353381,d:/current project/SIH PPts/roadsense_webapp/roadsense_webapp/Cracks-and-Potholes-in-Road-Images-Dataset-master/Cracks-and-Potholes-in-Road-Images-Dataset-master/Dataset/1094000_DF_251_251BDF0052_02753/1094000_DF_251_251BDF0052_02753_RAW.jpg
1093257_DF_251_251BDF0052_01427,train,Normal,1021,0,365132,d:/current project/SIH PPts/roadsense_webapp/roadsense_webapp/Cracks-and-Potholes-in-Road-Images-Dataset-master/Cracks-and-Potholes-in-Road-Images-Dataset-master/Dataset/1093257_DF_251_251BDF0052_01427/1093257_DF_251_251BDF0052_01427_RAW.jpg
1058798_DF_010_010BDF0010_06135,train,Pothole,0,998,367796,d:/current project/SIH PPts/roadsense_webapp/roadsense_webapp/Cracks-and-Potholes-in-Road-Images-Dataset-master/Cracks-and-Potholes-in-Road-Images-Dataset-master/Dataset/1058798_DF_010_010BDF0010_06135/1058798_DF_010_010BDF0010_06135_RAW.jpg
1092891_DF_251_251BDF0052_00751,train,Crack,5191,0,360125,d:/current project/SIH PPts/roadsense_webapp/roadsense_webapp/Cracks-and-Potholes-in-Road-Images-Dataset-master/Cracks-and-Potholes-in-Road-Images-Dataset-master/Dataset/1092891_DF_251_251BDF0052_00751/1092891_DF_251_251BDF0052_00751_RAW.jpg
1025810_RS_386_386RS169832_08790,train,Crack,1577,0,393349,d:/current project/SIH PPts/roadsense_webapp/roadsense_webapp/Cracks-and-Potholes-in-Road-Images-Dataset-master/Cracks-and-Potholes-in-Road-Images-Dataset-master/Dataset/1025810_RS_386_386RS169832_08790/1025810_RS_386_386RS169832_08790_RAW.jpg
1044260_DF_060_060BDF0050_00122,train,Pothole,0,478,404837,d:/current project/SIH PPts/roadsense_webapp/roadsense_webapp/Cracks-and-Potholes-in-Road-Images-Dataset-master/Cracks-and-Potholes-in-Road-Images-Dataset-master/Dataset/1044260_DF_060_060BDF0050_00122/1044260_DF_060_060BDF0050_00122_RAW.jpg
1014874_RS_386_386RS124739_31295,train,Pothole,5380,246,378173,d:/current project/SIH PPts/roadsense_webapp/roadsense_webapp/Cracks-and-Potholes-in-Road-Images-Dataset-master/Cracks-and-Potholes-in-Road-Images-Dataset-master/Dataset/1014874_RS_386_386RS124739_31295/1014874_RS_386_386RS124739_31295_RAW.jpg
1081595_DF_080_080BDF0070_00490,train,Normal,679,0,336582,d:/current project/SIH PPts/roadsense_webapp/roadsense_webapp/Cracks-and-Potholes-in-Road-Images-Dataset-master/Cracks-and-Potholes-in-Road-Images-Dataset-master/Dataset/1081595_DF_080_080BDF0070_00490/1081595_DF_080_080BDF0070_00490_RAW.jpg
917454_RS_290_290RS294095_20720,train,Crack,1957,0,348600,d:/current project/SIH PPts/roadsense_webapp/roadsense_webapp/Cracks-and-Potholes-in-Road-Images-Dataset-master/Cracks-and-Potholes-in-Road-Images-Dataset-master/Dataset/917454_RS_290_290RS294095_20720/917454_RS_290_290RS294095_20720_RAW.jpg
1014777_RS_386_386RS124739_30811,train,Pothole,2053,317,393436,d:/current project/SIH PPts/roadsense_webapp/roadsense_webapp/Cracks-and-Potholes-in-Road-Images-Dataset-master/Cracks-and-Potholes-in-Road-Images-Dataset-master/Dataset/1014777_RS_386_386RS124739_30811/1014777_RS_386_386RS124739_30811_RAW.jpg
1053962_DF_020_020BDF0070_06208,val,Pothole,0,1694,350343,d:/current project/SIH PPts/roadsense_webapp/roadsense_webapp/Cracks-and-Potholes-in-Road-Images-Dataset-master/Cracks-and-Potholes-in-Road-Images-Dataset-master/Dataset/1053962_DF_020_020BDF0070_06208/1053962_DF_020_020BDF0070_06208_RAW.jpg
917566_RS_290_290RS294095_21280,train,Crack,4101,0,349761,d:/current project/SIH PPts/roadsense_webapp/roadsense_webapp/Cracks-and-Potholes-in-Road-Images-Dataset-master/Cracks-and-Potholes-in-Road-Images-Dataset-master/Dataset/917566_RS_290_290RS294095_21280/917566_RS_290_290RS294095_21280_RAW.jpg
1095846_DF_070_070BDF0010_01635,train,Crack,3057,0,390860,d:/current project/SIH PPts/roadsense_webapp/roadsense_webapp/Cracks-and-Potholes-in-Road-Images-Dataset-master/Cracks-and-Potholes-in-Road-Images-Dataset-master/Dataset/1095846_DF_070_070BDF0010_01635/1095846_DF_070_070BDF0010_01635_RAW.jpg
1092109_DF_251_251BDF0490_01519,train,Crack,3400,0,362694,d:/current project/SIH PPts/roadsense_webapp/roadsense_webapp/Cracks-and-Potholes-in-Road-Images-Dataset-master/Cracks-and-Potholes-in-Road-Images-Dataset-master/Dataset/1092109_DF_251_251BDF0490_01519/1092109_DF_251_251BDF0490_01519_RAW.jpg
1077208_DF_251_251BDF0530_04954,train,Crack,5127,0,336465,d:/current project/SIH PPts/roadsense_webapp/roadsense_webapp/Cracks-and-Potholes-in-Road-Images-Dataset-master/Cracks-and-Potholes-in-Road-Images-Dataset-master/Dataset/1077208_DF_251_251BDF0530_04954/1077208_DF_251_251BDF0530_04954_RAW.jpg
917481_RS_290_290RS294095_20856,train,Crack,5477,0,349453,d:/current project/SIH PPts/roadsense_webapp/roadsense_webapp/Cracks-and-Potholes-in-Road-Images-Dataset-master/Cracks-and-Potholes-in-Road-Images-Dataset-master/Dataset/917481_RS_290_290RS294095_20856/917481_RS_290_290RS294095_20856_RAW.jpg
1092499_DF_251_251BDF0052_00068,val,Crack,5735,0,329264,d:/current project/SIH PPts/roadsense_webapp/roadsense_webapp/Cracks-and-Potholes-in-Road-Images-Dataset-master/Cracks-and-Potholes-in-Road-Images-Dataset-master/Dataset/1092499_DF_251_251BDF0052_00068/1092499_DF_251_251BDF0052_00068_RAW.jpg
1014621_RS_386_386RS124739_30030,train,Crack,2350,0,408936,d:/current project/SIH PPts/roadsense_webapp/roadsense_webapp/Cracks-and-Potholes-in-Road-Images-Dataset-master/Cracks-and-Potholes-in-Road-Images-Dataset-master/Dataset/1014621_RS_386_386RS124739_30030/1014621_RS_386_386RS124739_30030_RAW.jpg
1051772_DF_020_020BDF0070_01686,train,Pothole,0,641,382315,d:/current project/SIH PPts/roadsense_webapp/roadsense_webapp/Cracks-and-Potholes-in-Road-Images-Dataset-master/Cracks-and-Potholes-in-Road-Images-Dataset-master/Dataset/1051772_DF_020_020BDF0070_01686/1051772_DF_020_020BDF0070_01686_RAW.jpg
1091647_DF_251_251BDF0490_00652,train,Crack,5207,0,362097,d:/current project/SIH PPts/roadsense_webapp/roadsense_webapp/Cracks-and-Potholes-in-Road-Images-Dataset-master/Cracks-and-Potholes-in-Road-Images-Dataset-master/Dataset/1091647_DF_251_251BDF0490_00652/1091647_DF_251_251BDF0490_00652_RAW.jpg
1081523_DF_080_080BDF0070_00360,train,Crack,11057,0,328128,d:/current project/SIH PPts/roadsense_webapp/roadsense_webapp/Cracks-and-Potholes-in-Road-Images-Dataset-master/Cracks-and-Potholes-in-Road-Images-Dataset-master/Dataset/1081523_DF_080_080BDF0070_00360/1081523_DF_080_080BDF0070_00360_RAW.jpg
1014638_RS_386_386RS124739_30115,train,Crack,4080,0,381935,d:/current project/SIH PPts/roadsense_webapp/roadsense_webapp/Cracks-and-Potholes-in-Road-Images-Dataset-master/Cracks-and-Potholes-in-Road-Images-Dataset-master/Dataset/1014638_RS_386_386RS124739_30115/1014638_RS_386_386RS124739_30115_RAW.jpg
1091978_DF_251_251BDF0490_01279,train,Crack,2363,0,344233,d:/current project/SIH PPts/roadsense_webapp/roadsense_webapp/Cracks-and-Potholes-in-Road-Images-Dataset-master/Cracks-and-Potholes-in-Road-Images-Dataset-master/Dataset/1091978_DF_251_251BDF0490_01279/1091978_DF_251_251BDF0490_01279_RAW.jpg
942028_RS_290_290RS070691_03045,train,Pothole,0,22025,350822,d:/current project/SIH PPts/roadsense_webapp/roadsense_webapp/Cracks-and-Potholes-in-Road-Images-Dataset-master/Cracks-and-Potholes-in-Road-Images-Dataset-master/Dataset/942028_RS_290_290RS070691_03045/942028_RS_290_290RS070691_03045_RAW.jpg
941603_RS_290_290RS070691_00921,train,Pothole,0,84550,369688,d:/current project/SIH PPts/roadsense_webapp/roadsense_webapp/Cracks-and-Potholes-in-Road-Images-Dataset-master/Cracks-and-Potholes-in-Road-Images-Dataset-master/Dataset/941603_RS_290_290RS070691_00921/941603_RS_290_290RS070691_00921_RAW.jpg
1077243_DF_251_251BDF0530_05020,train,Crack,3172,0,351392,d:/current project/SIH PPts/roadsense_webapp/roadsense_webapp/Cracks-and-Potholes-in-Road-Images-Dataset-master/Cracks-and-Potholes-in-Road-Images-Dataset-master/Dataset/1077243_DF_251_251BDF0530_05020/1077243_DF_251_251BDF0530_05020_RAW.jpg
1051484_DF_020_020BDF0070_01140,val,Crack,3415,0,363782,d:/current project/SIH PPts/roadsense_webapp/roadsense_webapp/Cracks-and-Potholes-in-Road-Images-Dataset-master/Cracks-and-Potholes-in-Road-Images-Dataset-master/Dataset/1051484_DF_020_020BDF0070_01140/1051484_DF_020_020BDF0070_01140_RAW.jpg
1014609_RS_386_386RS124739_29970,train,Normal,838,0,382751,d:/current project/SIH PPts/roadsense_webapp/roadsense_webapp/Cracks-and-Potholes-in-Road-Images-Dataset-master/Cracks-and-Potholes-in-Road-Images-Dataset-master/Dataset/1014609_RS_386_386RS124739_29970/1014609_RS_386_386RS124739_29970_RAW.jpg
917244_RS_290_290RS294095_19670,val,Crack,2573,0,364253,d:/current project/SIH PPts/roadsense_webapp/roadsense_webapp/Cracks-and-Potholes-in-Road-Images-Dataset-master/Cracks-and-Potholes-in-Road-Images-Dataset-master/Dataset/917244_RS_290_290RS294095_19670/917244_RS_290_290RS294095_19670_RAW.jpg
1082219_DF_080_080BDF0070_01724,train,Normal,1216,0,370301,d:/current project/SIH PPts/roadsense_webapp/roadsense_webapp/Cracks-and-Potholes-in-Road-Images-Dataset-master/Cracks-and-Potholes-in-Road-Images-Dataset-master/Dataset/1082219_DF_080_080BDF0070_01724/1082219_DF_080_080BDF0070_01724_RAW.jpg
1097237_DF_070_070BDF0010_04139,train,Pothole,6993,7383,370800,d:/current project/SIH PPts/roadsense_webapp/roadsense_webapp/Cracks-and-Potholes-in-Road-Images-Dataset-master/Cracks-and-Potholes-in-Road-Images-Dataset-master/Dataset/1097237_DF_070_070BDF0010_04139/1097237_DF_070_070BDF0010_04139_RAW.jpg
1081579_DF_080_080BDF0070_00460,train,Crack,1979,0,336766,d:/current project/SIH PPts/roadsense_webapp/roadsense_webapp/Cracks-and-Potholes-in-Road-Images-Dataset-master/Cracks-and-Potholes-in-Road-Images-Dataset-master/Dataset/1081579_DF_080_080BDF0070_00460/1081579_DF_080_080BDF0070_00460_RAW.jpg
916891_RS_290_290RS294095_17905,train,Pothole,0,1778,360572,d:/current project/SIH PPts/roadsense_webapp/roadsense_webapp/Cracks-and-Potholes-in-Road-Images-Dataset-master/Cracks-and-Potholes-in-Road-Images-Dataset-master/Dataset/916891_RS_290_290RS294095_17905/916891_RS_290_290RS294095_17905_RAW.jpg
1092941_DF_251_251BDF0052_00839,train,Crack,5428,0,347406,d:/current project/SIH PPts/roadsense_webapp/roadsense_webapp/Cracks-and-Potholes-in-Road-Images-Dataset-master/Cracks-and-Potholes-in-Road-Images-Dataset-master/Dataset/1092941_DF_251_251BDF0052_00839/1092941_DF_251_251BDF0052_00839_RAW.jpg
883239_RS_290_290RS150131_16926,val,Pothole,0,30432,348041,d:/current project/SIH PPts/roadsense_webapp/roadsense_webapp/Cracks-and-Potholes-in-Road-Images-Dataset-master/Cracks-and-Potholes-in-Road-Images-Dataset-master/Dataset/883239_RS_290_290RS150131_16926/883239_RS_290_290RS150131_16926_RAW.jpg
917202_RS_290_290RS294095_19460,train,Crack,13478,0,365160,d:/current project/SIH PPts/roadsense_webapp/roadsense_webapp/Cracks-and-Potholes-in-Road-Images-Dataset-master/Cracks-and-Potholes-in-Road-Images-Dataset-master/Dataset/917202_RS_290_290RS294095_19460/917202_RS_290_290RS294095_19460_RAW.jpg
918128_RS_290_290RS294095_24091,val,Crack,2768,0,368617,d:/current project/SIH PPts/roadsense_webapp/roadsense_webapp/Cracks-and-Potholes-in-Road-Images-Dataset-master/Cracks-and-Potholes-in-Road-Images-Dataset-master/Dataset/918128_RS_290_290RS294095_24091/918128_RS_290_290RS294095_24091_RAW.jpg
917118_RS_290_290RS294095_19040,train,Crack,2450,0,355826,d:/current project/SIH PPts/roadsense_webapp/roadsense_webapp/Cracks-and-Potholes-in-Road-Images-Dataset-master/Cracks-and-Potholes-in-Road-Images-Dataset-master/Dataset/917118_RS_290_290RS294095_19040/917118_RS_290_290RS294095_19040_RAW.jpg
1091787_DF_251_251BDF0490_00919,val,Crack,3709,0,348079,d:/current project/SIH PPts/roadsense_webapp/roadsense_webapp/Cracks-and-Potholes-in-Road-Images-Dataset-master/Cracks-and-Potholes-in-Road-Images-Dataset-master/Dataset/1091787_DF_251_251BDF0490_00919/1091787_DF_251_251BDF0490_00919_RAW.jpg
918396_RS_290_290RS294095_25430,train,Crack,1718,0,352195,d:/current project/SIH PPts/roadsense_webapp/roadsense_webapp/Cracks-and-Potholes-in-Road-Images-Dataset-master/Cracks-and-Potholes-in-Road-Images-Dataset-master/Dataset/918396_RS_290_290RS294095_25430/918396_RS_290_290RS294095_25430_RAW.jpg
1058796_DF_010_010BDF0010_06132,train,Pothole,0,429,360763,d:/current project/SIH PPts/roadsense_webapp/roadsense_webapp/Cracks-and-Potholes-in-Road-Images-Dataset-master/Cracks-and-Potholes-in-Road-Images-Dataset-master/Dataset/1058796_DF_010_010BDF0010_06132/1058796_DF_010_010BDF0010_06132_RAW.jpg
1014685_RS_386_386RS124739_30350,val,Crack,5607,0,388866,d:/current project/SIH PPts/roadsense_webapp/roadsense_webapp/Cracks-and-Potholes-in-Road-Images-Dataset-master/Cracks-and-Potholes-in-Road-Images-Dataset-master/Dataset/1014685_RS_386_386RS124739_30350/1014685_RS_386_386RS124739_30350_RAW.jpg
994597_RS_386_386RS191729_09750,train,Crack,13288,0,355444,d:/current project/SIH PPts/roadsense_webapp/roadsense_webapp/Cracks-and-Potholes-in-Road-Images-Dataset-master/Cracks-and-Potholes-in-Road-Images-Dataset-master/Dataset/994597_RS_386_386RS191729_09750/994597_RS_386_386RS191729_09750_RAW.jpg
919704_RS_290_290RS294095_31970,train,Crack,1511,0,366151,d:/current project/SIH PPts/roadsense_webapp/roadsense_webapp/Cracks-and-Potholes-in-Road-Images-Dataset-master/Cracks-and-Potholes-in-Road-Images-Dataset-master/Dataset/919704_RS_290_290RS294095_31970/919704_RS_290_290RS294095_31970_RAW.jpg
741369_ES_101_101ES000000_00345,train,Pothole,6763,1485,450037,d:/current project/SIH PPts/roadsense_webapp/roadsense_webapp/Cracks-and-Potholes-in-Road-Images-Dataset-master/Cracks-and-Potholes-in-Road-Images-Dataset-master/Dataset/741369_ES_101_101ES000000_00345/741369_ES_101_101ES000000_00345_RAW.jpg
992866_RS_386_386RS191729_01095,train,Pothole,3831,19786,371888,d:/current project/SIH PPts/roadsense_webapp/roadsense_webapp/Cracks-and-Potholes-in-Road-Images-Dataset-master/Cracks-and-Potholes-in-Road-Images-Dataset-master/Dataset/992866_RS_386_386RS191729_01095/992866_RS_386_386RS191729_01095_RAW.jpg
941604_RS_290_290RS070691_00925,val,Pothole,0,66998,378191,d:/current project/SIH PPts/roadsense_webapp/roadsense_webapp/Cracks-and-Potholes-in-Road-Images-Dataset-master/Cracks-and-Potholes-in-Road-Images-Dataset-master/Dataset/941604_RS_290_290RS070691_00925/941604_RS_290_290RS070691_00925_RAW.jpg
1084356_DF_080_080BDF0090_01519,train,Crack,3095,0,316005,d:/current project/SIH PPts/roadsense_webapp/roadsense_webapp/Cracks-and-Potholes-in-Road-Images-Dataset-master/Cracks-and-Potholes-in-Road-Images-Dataset-master/Dataset/1084356_DF_080_080BDF0090_01519/1084356_DF_080_080BDF0090_01519_RAW.jpg
1092812_DF_251_251BDF0052_00613,train,Crack,13357,0,341479,d:/current project/SIH PPts/roadsense_webapp/roadsense_webapp/Cracks-and-Potholes-in-Road-Images-Dataset-master/Cracks-and-Potholes-in-Road-Images-Dataset-master/Dataset/1092812_DF_251_251BDF0052_00613/1092812_DF_251_251BDF0052_00613_RAW.jpg
1077169_DF_251_251BDF0530_04882,train,Crack,4841,0,342911,d:/current project/SIH PPts/roadsense_webapp/roadsense_webapp/Cracks-and-Potholes-in-Road-Images-Dataset-master/Cracks-and-Potholes-in-Road-Images-Dataset-master/Dataset/1077169_DF_251_251BDF0530_04882/1077169_DF_251_251BDF0530_04882_RAW.jpg
1093881_DF_251_251BDF0052_02537,train,Crack,2126,0,338695,d:/current project/SIH PPts/roadsense_webapp/roadsense_webapp/Cracks-and-Potholes-in-Road-Images-Dataset-master/Cracks-and-Potholes-in-Road-Images-Dataset-master/Dataset/1093881_DF_251_251BDF0052_02537/1093881_DF_251_251BDF0052_02537_RAW.jpg
1081566_DF_080_080BDF0070_00437,train,Crack,4336,0,330653,d:/current project/SIH PPts/roadsense_webapp/roadsense_webapp/Cracks-and-Potholes-in-Road-Images-Dataset-master/Cracks-and-Potholes-in-Road-Images-Dataset-master/Dataset/1081566_DF_080_080BDF0070_00437/1081566_DF_080_080BDF0070_00437_RAW.jpg
1084319_DF_080_080BDF0090_01456,train,Crack,5070,0,338606,d:/current project/SIH PPts/roadsense_webapp/roadsense_webapp/Cracks-and-Potholes-in-Road-Images-Dataset-master/Cracks-and-Potholes-in-Road-Images-Dataset-master/Dataset/1084319_DF_080_080BDF0090_01456/1084319_DF_080_080BDF0090_01456_RAW.jpg
1085409_DF_080_080BDF0090_03562,val,Crack,7410,0,343516,d:/current project/SIH PPts/roadsense_webapp/roadsense_webapp/Cracks-and-Potholes-in-Road-Images-Dataset-master/Cracks-and-Potholes-in-Road-Images-Dataset-master/Dataset/1085409_DF_080_080BDF0090_03562/1085409_DF_080_080BDF0090_03562_RAW.jpg
918232_RS_290_290RS294095_24610,train,Pothole,3118,3857,352119,d:/current project/SIH PPts/roadsense_webapp/roadsense_webapp/Cracks-and-Potholes-in-Road-Images-Dataset-master/Cracks-and-Potholes-in-Road-Images-Dataset-master/Dataset/918232_RS_290_290RS294095_24610/918232_RS_290_290RS294095_24610_RAW.jpg
1083104_DF_080_080BDF0070_03436,val,Crack,3584,0,356074,d:/current project/SIH PPts/roadsense_webapp/roadsense_webapp/Cracks-and-Potholes-in-Road-Images-Dataset-master/Cracks-and-Potholes-in-Road-Images-Dataset-master/Dataset/1083104_DF_080_080BDF0070_03436/1083104_DF_080_080BDF0070_03436_RAW.jpg
941571_RS_290_290RS070691_00760,train,Pothole,0,24797,350996,d:/current project/SIH PPts/roadsense_webapp/roadsense_webapp/Cracks-and-Potholes-in-Road-Images-Dataset-master/Cracks-and-Potholes-in-Road-Images-Dataset-master/Dataset/941571_RS_290_290RS070691_00760/941571_RS_290_290RS070691_00760_RAW.jpg
917873_RS_290_290RS294095_22815,train,Crack,3569,0,365077,d:/current project/SIH PPts/roadsense_webapp/roadsense_webapp/Cracks-and-Potholes-in-Road-Images-Dataset-master/Cracks-and-Potholes-in-Road-Images-Dataset-master/Dataset/917873_RS_290_290RS294095_22815/917873_RS_290_290RS294095_22815_RAW.jpg
1076073_DF_251_251BDF0530_02837,val,Crack,6094,0,365867,d:/current project/SIH PPts/roadsense_webapp/roadsense_webapp/Cracks-and-Potholes-in-Road-Images-Dataset-master/Cracks-and-Potholes-in-Road-Images-Dataset-master/Dataset/1076073_DF_251_251BDF0530_02837/1076073_DF_251_251BDF0530_02837_RAW.jpg
1014791_RS_386_386RS124739_30880,val,Pothole,2427,4884,401806,d:/current project/SIH PPts/roadsense_webapp/roadsense_webapp/Cracks-and-Potholes-in-Road-Images-Dataset-master/Cracks-and-Potholes-in-Road-Images-Dataset-master/Dataset/1014791_RS_386_386RS124739_30880/1014791_RS_386_386RS124739_30880_RAW.jpg
917945_RS_290_290RS294095_23175,train,Crack,1603,0,378208,d:/current project/SIH PPts/roadsense_webapp/roadsense_webapp/Cracks-and-Potholes-in-Road-Images-Dataset-master/Cracks-and-Potholes-in-Road-Images-Dataset-master/Dataset/917945_RS_290_290RS294095_23175/917945_RS_290_290RS294095_23175_RAW.jpg
1091882_DF_251_251BDF0490_01100,train,Crack,5484,0,361840,d:/current project/SIH PPts/roadsense_webapp/roadsense_webapp/Cracks-and-Potholes-in-Road-Images-Dataset-master/Cracks-and-Potholes-in-Road-Images-Dataset-master/Dataset/1091882_DF_251_251BDF0490_01100/1091882_DF_251_251BDF0490_01100_RAW.jpg
1096522_DF_070_070BDF0010_02866,train,Normal,1067,0,391443,d:/current project/SIH PPts/roadsense_webapp/roadsense_webapp/Cracks-and-Potholes-in-Road-Images-Dataset-master/Cracks-and-Potholes-in-Road-Images-Dataset-master/Dataset/1096522_DF_070_070BDF0010_02866/1096522_DF_070_070BDF0010_02866_RAW.jpg
1014694_RS_386_386RS124739_30395,train,Crack,7217,0,382947,d:/current project/SIH PPts/roadsense_webapp/roadsense_webapp/Cracks-and-Potholes-in-Road-Images-Dataset-master/Cracks-and-Potholes-in-Road-Images-Dataset-master/Dataset/1014694_RS_386_386RS124739_30395/1014694_RS_386_386RS124739_30395_RAW.jpg
917926_RS_290_290RS294095_23080,train,Normal,494,0,358439,d:/current project/SIH PPts/roadsense_webapp/roadsense_webapp/Cracks-and-Potholes-in-Road-Images-Dataset-master/Cracks-and-Potholes-in-Road-Images-Dataset-master/Dataset/917926_RS_290_290RS294095_23080/917926_RS_290_290RS294095_23080_RAW.jpg
916434_RS_290_290RS294095_15621,train,Normal,498,0,345875,d:/current project/SIH PPts/roadsense_webapp/roadsense_webapp/Cracks-and-Potholes-in-Road-Images-Dataset-master/Cracks-and-Potholes-in-Road-Images-Dataset-master/Dataset/916434_RS_290_290RS294095_15621/916434_RS_290_290RS294095_15621_RAW.jpg
1092996_DF_251_251BDF0052_00937,train,Crack,12592,0,369993,d:/current project/SIH PPts/roadsense_webapp/roadsense_webapp/Cracks-and-Potholes-in-Road-Images-Dataset-master/Cracks-and-Potholes-in-Road-Images-Dataset-master/Dataset/1092996_DF_251_251BDF0052_00937/1092996_DF_251_251BDF0052_00937_RAW.jpg
1093012_DF_251_251BDF0052_00966,train,Normal,1060,0,364231,d:/current project/SIH PPts/roadsense_webapp/roadsense_webapp/Cracks-and-Potholes-in-Road-Images-Dataset-master/Cracks-and-Potholes-in-Road-Images-Dataset-master/Dataset/1093012_DF_251_251BDF0052_00966/1093012_DF_251_251BDF0052_00966_RAW.jpg
1014691_RS_386_386RS124739_30380,train,Pothole,2420,377,391054,d:/current project/SIH PPts/roadsense_webapp/roadsense_webapp/Cracks-and-Potholes-in-Road-Images-Dataset-master/Cracks-and-Potholes-in-Road-Images-Dataset-master/Dataset/1014691_RS_386_386RS124739_30380/1014691_RS_386_386RS124739_30380_RAW.jpg
1084157_DF_080_080BDF0090_01081,train,Crack,5365,0,323720,d:/current project/SIH PPts/roadsense_webapp/roadsense_webapp/Cracks-and-Potholes-in-Road-Images-Dataset-master/Cracks-and-Potholes-in-Road-Images-Dataset-master/Dataset/1084157_DF_080_080BDF0090_01081/1084157_DF_080_080BDF0090_01081_RAW.jpg
919523_RS_290_290RS294095_31066,train,Crack,9379,0,346398,d:/current project/SIH PPts/roadsense_webapp/roadsense_webapp/Cracks-and-Potholes-in-Road-Images-Dataset-master/Cracks-and-Potholes-in-Road-Images-Dataset-master/Dataset/919523_RS_290_290RS294095_31066/919523_RS_290_290RS294095_31066_RAW.jpg
917937_RS_290_290RS294095_23135,train,Normal,1130,0,358686,d:/current project/SIH PPts/roadsense_webapp/roadsense_webapp/Cracks-and-Potholes-in-Road-Images-Dataset-master/Cracks-and-Potholes-in-Road-Images-Dataset-master/Dataset/917937_RS_290_290RS294095_23135/917937_RS_290_290RS294095_23135_RAW.jpg
1014735_RS_386_386RS124739_30601,train,Normal,416,0,380090,d:/current project/SIH PPts/roadsense_webapp/roadsense_webapp/Cracks-and-Potholes-in-Road-Images-Dataset-master/Cracks-and-Potholes-in-Road-Images-Dataset-master/Dataset/1014735_RS_386_386RS124739_30601/1014735_RS_386_386RS124739_30601_RAW.jpg
1092816_DF_251_251BDF0052_00620,train,Crack,9318,0,337221,d:/current project/SIH PPts/roadsense_webapp/roadsense_webapp/Cracks-and-Potholes-in-Road-Images-Dataset-master/Cracks-and-Potholes-in-Road-Images-Dataset-master/Dataset/1092816_DF_251_251BDF0052_00620/1092816_DF_251_251BDF0052_00620_RAW.jpg
1081568_DF_080_080BDF0070_00441,train,Crack,6962,0,334883,d:/current project/SIH PPts/roadsense_webapp/roadsense_webapp/Cracks-and-Potholes-in-Road-Images-Dataset-master/Cracks-and-Potholes-in-Road-Images-Dataset-master/Dataset/1081568_DF_080_080BDF0070_00441/1081568_DF_080_080BDF0070_00441_RAW.jpg
884192_RS_290_290RS150131_21690,train,Pothole,0,12231,363238,d:/current project/SIH PPts/roadsense_webapp/roadsense_webapp/Cracks-and-Potholes-in-Road-Images-Dataset-master/Cracks-and-Potholes-in-Road-Images-Dataset-master/Dataset/884192_RS_290_290RS150131_21690/884192_RS_290_290RS150131_21690_RAW.jpg
1091754_DF_251_251BDF0490_00857,train,Normal,1315,0,360395,d:/current project/SIH PPts/roadsense_webapp/roadsense_webapp/Cracks-and-Potholes-in-Road-Images-Dataset-master/Cracks-and-Potholes-in-Road-Images-Dataset-master/Dataset/1091754_DF_251_251BDF0490_00857/1091754_DF_251_251BDF0490_00857_RAW.jpg
1092284_DF_251_251BDF0490_01839,train,Pothole,11228,1411,361623,d:/current project/SIH PPts/roadsense_webapp/roadsense_webapp/Cracks-and-Potholes-in-Road-Images-Dataset-master/Cracks-and-Potholes-in-Road-Images-Dataset-master/Dataset/1092284_DF_251_251BDF0490_01839/1092284_DF_251_251BDF0490_01839_RAW.jpg
1025934_RS_386_386RS169832_09410,train,Crack,2439,0,382977,d:/current project/SIH PPts/roadsense_webapp/roadsense_webapp/Cracks-and-Potholes-in-Road-Images-Dataset-master/Cracks-and-Potholes-in-Road-Images-Dataset-master/Dataset/1025934_RS_386_386RS169832_09410/1025934_RS_386_386RS169832_09410_RAW.jpg
1094276_DF_251_251BDF0052_03269,train,Crack,2799,0,356108,d:/current project/SIH PPts/roadsense_webapp/roadsense_webapp/Cracks-and-Potholes-in-Road-Images-Dataset-master/Cracks-and-Potholes-in-Road-Images-Dataset-master/Dataset/1094276_DF_251_251BDF0052_03269/1094276_DF_251_251BDF0052_03269_RAW.jpg
918383_RS_290_290RS294095_25365,train,Normal,737,0,360243,d:/current project/SIH PPts/roadsense_webapp/roadsense_webapp/Cracks-and-Potholes-in-Road-Images-Dataset-master/Cracks-and-Potholes-in-Road-Images-Dataset-master/Dataset/918383_RS_290_290RS294095_25365/918383_RS_290_290RS294095_25365_RAW.jpg
941555_RS_290_290RS070691_00680,train,Pothole,0,3147,354948,d:/current project/SIH PPts/roadsense_webapp/roadsense_webapp/Cracks-and-Potholes-in-Road-Images-Dataset-master/Cracks-and-Potholes-in-Road-Images-Dataset-master/Dataset/941555_RS_290_290RS070691_00680/941555_RS_290_290RS070691_00680_RAW.jpg
1082253_DF_080_080BDF0070_01829,train,Crack,48583,0,341757,d:/current project/SIH PPts/roadsense_webapp/roadsense_webapp/Cracks-and-Potholes-in-Road-Images-Dataset-master/Cracks-and-Potholes-in-Road-Images-Dataset-master/Dataset/1082253_DF_080_080BDF0070_01829/1082253_DF_080_080BDF0070_01829_RAW.jpg
1014724_RS_386_386RS124739_30545,train,Pothole,0,506,362828,d:/current project/SIH PPts/roadsense_webapp/roadsense_webapp/Cracks-and-Potholes-in-Road-Images-Dataset-master/Cracks-and-Potholes-in-Road-Images-Dataset-master/Dataset/1014724_RS_386_386RS124739_30545/1014724_RS_386_386RS124739_30545_RAW.jpg
917504_RS_290_290RS294095_20970,val,Pothole,0,1902,353256,d:/current project/SIH PPts/roadsense_webapp/roadsense_webapp/Cracks-and-Potholes-in-Road-Images-Dataset-master/Cracks-and-Potholes-in-Road-Images-Dataset-master/Dataset/917504_RS_290_290RS294095_20970/917504_RS_290_290RS294095_20970_RAW.jpg
1084108_DF_080_080BDF0090_00989,train,Crack,5161,0,339558,d:/current project/SIH PPts/roadsense_webapp/roadsense_webapp/Cracks-and-Potholes-in-Road-Images-Dataset-master/Cracks-and-Potholes-in-Road-Images-Dataset-master/Dataset/1084108_DF_080_080BDF0090_00989/1084108_DF_080_080BDF0090_00989_RAW.jpg
1081576_DF_080_080BDF0070_00455,train,Crack,3167,0,363249,d:/current project/SIH PPts/roadsense_webapp/roadsense_webapp/Cracks-and-Potholes-in-Road-Images-Dataset-master/Cracks-and-Potholes-in-Road-Images-Dataset-master/Dataset/1081576_DF_080_080BDF0070_00455/1081576_DF_080_080BDF0070_00455_RAW.jpg
1091992_DF_251_251BDF0490_01304,train,Normal,948,0,359078,d:/current project/SIH PPts/roadsense_webapp/roadsense_webapp/Cracks-and-Potholes-in-Road-Images-Dataset-master/Cracks-and-Potholes-in-Road-Images-Dataset-master/Dataset/1091992_DF_251_251BDF0490_01304/1091992_DF_251_251BDF0490_01304_RAW.jpg
917273_RS_290_290RS294095_19816,train,Crack,16628,0,367843,d:/current project/SIH PPts/roadsense_webapp/roadsense_webapp/Cracks-and-Potholes-in-Road-Images-Dataset-master/Cracks-and-Potholes-in-Road-Images-Dataset-master/Dataset/917273_RS_290_290RS294095_19816/917273_RS_290_290RS294095_19816_RAW.jpg
917902_RS_290_290RS294095_22960,train,Crack,6713,0,365766,d:/current project/SIH PPts/roadsense_webapp/roadsense_webapp/Cracks-and-Potholes-in-Road-Images-Dataset-master/Cracks-and-Potholes-in-Road-Images-Dataset-master/Dataset/917902_RS_290_290RS294095_22960/917902_RS_290_290RS294095_22960_RAW.jpg
917230_RS_290_290RS294095_19600,train,Crack,6808,0,369388,d:/current project/SIH PPts/roadsense_webapp/roadsense_webapp/Cracks-and-Potholes-in-Road-Images-Dataset-master/Cracks-and-Potholes-in-Road-Images-Dataset-master/Dataset/917230_RS_290_290RS294095_19600/917230_RS_290_290RS294095_19600_RAW.jpg
1053881_DF_020_020BDF0070_06062,train,Crack,6037,0,386462,d:/current project/SIH PPts/roadsense_webapp/roadsense_webapp/Cracks-and-Potholes-in-Road-Images-Dataset-master/Cracks-and-Potholes-in-Road-Images-Dataset-master/Dataset/1053881_DF_020_020BDF0070_06062/1053881_DF_020_020BDF0070_06062_RAW.jpg
1014653_RS_386_386RS124739_30190,train,Crack,12034,0,385601,d:/current project/SIH PPts/roadsense_webapp/roadsense_webapp/Cracks-and-Potholes-in-Road-Images-Dataset-master/Cracks-and-Potholes-in-Road-Images-Dataset-master/Dataset/1014653_RS_386_386RS124739_30190/1014653_RS_386_386RS124739_30190_RAW.jpg
1095862_DF_070_070BDF0010_01664,train,Crack,8587,0,358996,d:/current project/SIH PPts/roadsense_webapp/roadsense_webapp/Cracks-and-Potholes-in-Road-Images-Dataset-master/Cracks-and-Potholes-in-Road-Images-Dataset-master/Dataset/1095862_DF_070_070BDF0010_01664/1095862_DF_070_070BDF0010_01664_RAW.jpg
1055690_DF_020_020BDF0070_09415,train,Normal,236,0,393204,d:/current project/SIH PPts/roadsense_webapp/roadsense_webapp/Cracks-and-Potholes-in-Road-Images-Dataset-master/Cracks-and-Potholes-in-Road-Images-Dataset-master/Dataset/1055690_DF_020_020BDF0070_09415/1055690_DF_020_020BDF0070_09415_RAW.jpg
1076070_DF_251_251BDF0530_02832,val,Crack,5663,0,371539,d:/current project/SIH PPts/roadsense_webapp/roadsense_webapp/Cracks-and-Potholes-in-Road-Images-Dataset-master/Cracks-and-Potholes-in-Road-Images-Dataset-master/Dataset/1076070_DF_251_251BDF0530_02832/1076070_DF_251_251BDF0530_02832_RAW.jpg
1092754_DF_251_251BDF0052_00513,train,Crack,10319,0,333769,d:/current project/SIH PPts/roadsense_webapp/roadsense_webapp/Cracks-and-Potholes-in-Road-Images-Dataset-master/Cracks-and-Potholes-in-Road-Images-Dataset-master/Dataset/1092754_DF_251_251BDF0052_00513/1092754_DF_251_251BDF0052_00513_RAW.jpg
1091874_DF_251_251BDF0490_01084,train,Crack,7229,0,368049,d:/current project/SIH PPts/roadsense_webapp/roadsense_webapp/Cracks-and-Potholes-in-Road-Images-Dataset-master/Cracks-and-Potholes-in-Road-Images-Dataset-master/Dataset/1091874_DF_251_251BDF0490_01084/1091874_DF_251_251BDF0490_01084_RAW.jpg
1092990_DF_251_251BDF0052_00927,train,Crack,11449,0,370299,d:/current project/SIH PPts/roadsense_webapp/roadsense_webapp/Cracks-and-Potholes-in-Road-Images-Dataset-master/Cracks-and-Potholes-in-Road-Images-Dataset-master/Dataset/1092990_DF_251_251BDF0052_00927/1092990_DF_251_251BDF0052_00927_RAW.jpg
1077248_DF_251_251BDF0530_05029,train,Crack,8524,0,342513,d:/current project/SIH PPts/roadsense_webapp/roadsense_webapp/Cracks-and-Potholes-in-Road-Images-Dataset-master/Cracks-and-Potholes-in-Road-Images-Dataset-master/Dataset/1077248_DF_251_251BDF0530_05029/1077248_DF_251_251BDF0530_05029_RAW.jpg
1085368_DF_080_080BDF0090_03487,train,Crack,7220,0,344242,d:/current project/SIH PPts/roadsense_webapp/roadsense_webapp/Cracks-and-Potholes-in-Road-Images-Dataset-master/Cracks-and-Potholes-in-Road-Images-Dataset-master/Dataset/1085368_DF_080_080BDF0090_03487/1085368_DF_080_080BDF0090_03487_RAW.jpg
1052129_DF_020_020BDF0070_02453,train,Pothole,0,3127,365360,d:/current project/SIH PPts/roadsense_webapp/roadsense_webapp/Cracks-and-Potholes-in-Road-Images-Dataset-master/Cracks-and-Potholes-in-Road-Images-Dataset-master/Dataset/1052129_DF_020_020BDF0070_02453/1052129_DF_020_020BDF0070_02453_RAW.jpg
1094910_DF_251_251BDF0052_04492,train,Crack,9421,0,365483,d:/current project/SIH PPts/roadsense_webapp/roadsense_webapp/Cracks-and-Potholes-in-Road-Images-Dataset-master/Cracks-and-Potholes-in-Road-Images-Dataset-master/Dataset/1094910_DF_251_251BDF0052_04492/1094910_DF_251_251BDF0052_04492_RAW.jpg
994535_RS_386_386RS191729_09440,val,Crack,6757,0,360490,d:/current project/SIH PPts/roadsense_webapp/roadsense_webapp/Cracks-and-Potholes-in-Road-Images-Dataset-master/Cracks-and-Potholes-in-Road-Images-Dataset-master/Dataset/994535_RS_386_386RS191729_09440/994535_RS_386_386RS191729_09440_RAW.jpg
1076683_DF_251_251BDF0530_03975,train,Crack,3848,0,353719,d:/current project/SIH PPts/roadsense_webapp/roadsense_webapp/Cracks-and-Potholes-in-Road-Images-Dataset-master/Cracks-and-Potholes-in-Road-Images-Dataset-master/Dataset/1076683_DF_251_251BDF0530_03975/1076683_DF_251_251BDF0530_03975_RAW.jpg
917097_RS_290_290RS294095_18935,train,Crack,4996,0,355221,d:/current project/SIH PPts/roadsense_webapp/roadsense_webapp/Cracks-and-Potholes-in-Road-Images-Dataset-master/Cracks-and-Potholes-in-Road-Images-Dataset-master/Dataset/917097_RS_290_290RS294095_18935/917097_RS_290_290RS294095_18935_RAW.jpg
919545_RS_290_290RS294095_31175,train,Crack,6784,0,342621,d:/current project/SIH PPts/roadsense_webapp/roadsense_webapp/Cracks-and-Potholes-in-Road-Images-Dataset-master/Cracks-and-Potholes-in-Road-Images-Dataset-master/Dataset/919545_RS_290_290RS294095_31175/919545_RS_290_290RS294095_31175_RAW.jpg
1025817_RS_386_386RS169832_08825,train,Pothole,7280,1332,407201,d:/current project/SIH PPts/roadsense_webapp/roadsense_webapp/Cracks-and-Potholes-in-Road-Images-Dataset-master/Cracks-and-Potholes-in-Road-Images-Dataset-master/Dataset/1025817_RS_386_386RS169832_08825/1025817_RS_386_386RS169832_08825_RAW.jpg
917529_RS_290_290RS294095_21095,val,Crack,7050,0,347689,d:/current project/SIH PPts/roadsense_webapp/roadsense_webapp/Cracks-and-Potholes-in-Road-Images-Dataset-master/Cracks-and-Potholes-in-Road-Images-Dataset-master/Dataset/917529_RS_290_290RS294095_21095/917529_RS_290_290RS294095_21095_RAW.jpg
1014603_RS_386_386RS124739_29940,train,Crack,2732,0,383172,d:/current project/SIH PPts/roadsense_webapp/roadsense_webapp/Cracks-and-Potholes-in-Road-Images-Dataset-master/Cracks-and-Potholes-in-Road-Images-Dataset-master/Dataset/1014603_RS_386_386RS124739_29940/1014603_RS_386_386RS124739_29940_RAW.jpg
1091743_DF_251_251BDF0490_00836,train,Crack,9366,0,358850,d:/current project/SIH PPts/roadsense_webapp/roadsense_webapp/Cracks-and-Potholes-in-Road-Images-Dataset-master/Cracks-and-Potholes-in-Road-Images-Dataset-master/Dataset/1091743_DF_251_251BDF0490_00836/1091743_DF_251_251BDF0490_00836_RAW.jpg
1076639_DF_251_251BDF0530_03893,train,Crack,9665,0,346464,d:/current project/SIH PPts/roadsense_webapp/roadsense_webapp/Cracks-and-Potholes-in-Road-Images-Dataset-master/Cracks-and-Potholes-in-Road-Images-Dataset-master/Dataset/1076639_DF_251_251BDF0530_03893/1076639_DF_251_251BDF0530_03893_RAW.jpg
1091844_DF_251_251BDF0490_01027,train,Crack,2354,0,360039,d:/current project/SIH PPts/roadsense_webapp/roadsense_webapp/Cracks-and-Potholes-in-Road-Images-Dataset-master/Cracks-and-Potholes-in-Road-Images-Dataset-master/Dataset/1091844_DF_251_251BDF0490_01027/1091844_DF_251_251BDF0490_01027_RAW.jpg
916118_RS_290_290RS294095_14040,train,Crack,15196,0,351574,d:/current project/SIH PPts/roadsense_webapp/roadsense_webapp/Cracks-and-Potholes-in-Road-Images-Dataset-master/Cracks-and-Potholes-in-Road-Images-Dataset-master/Dataset/916118_RS_290_290RS294095_14040/916118_RS_290_290RS294095_14040_RAW.jpg
917803_RS_290_290RS294095_22466,train,Crack,7152,0,378672,d:/current project/SIH PPts/roadsense_webapp/roadsense_webapp/Cracks-and-Potholes-in-Road-Images-Dataset-master/Cracks-and-Potholes-in-Road-Images-Dataset-master/Dataset/917803_RS_290_290RS294095_22466/917803_RS_290_290RS294095_22466_RAW.jpg
994076_RS_386_386RS191729_07145,train,Crack,11798,0,362042,d:/current project/SIH PPts/roadsense_webapp/roadsense_webapp/Cracks-and-Potholes-in-Road-Images-Dataset-master/Cracks-and-Potholes-in-Road-Images-Dataset-master/Dataset/994076_RS_386_386RS191729_07145/994076_RS_386_386RS191729_07145_RAW.jpg
1083021_DF_080_080BDF0070_03280,train,Pothole,550,5091,324868,d:/current project/SIH PPts/roadsense_webapp/roadsense_webapp/Cracks-and-Potholes-in-Road-Images-Dataset-master/Cracks-and-Potholes-in-Road-Images-Dataset-master/Dataset/1083021_DF_080_080BDF0070_03280/1083021_DF_080_080BDF0070_03280_RAW.jpg
765204_ES_259_259ES000000_00120,train,Normal,657,0,401335,d:/current project/SIH PPts/roadsense_webapp/roadsense_webapp/Cracks-and-Potholes-in-Road-Images-Dataset-master/Cracks-and-Potholes-in-Road-Images-Dataset-master/Dataset/765204_ES_259_259ES000000_00120/765204_ES_259_259ES000000_00120_RAW.jpg
994586_RS_386_386RS191729_09695,train,Crack,4534,0,359318,d:/current project/SIH PPts/roadsense_webapp/roadsense_webapp/Cracks-and-Potholes-in-Road-Images-Dataset-master/Cracks-and-Potholes-in-Road-Images-Dataset-master/Dataset/994586_RS_386_386RS191729_09695/994586_RS_386_386RS191729_09695_RAW.jpg
1092881_DF_251_251BDF0052_00734,train,Crack,4642,0,355789,d:/current project/SIH PPts/roadsense_webapp/roadsense_webapp/Cracks-and-Potholes-in-Road-Images-Dataset-master/Cracks-and-Potholes-in-Road-Images-Dataset-master/Dataset/1092881_DF_251_251BDF0052_00734/1092881_DF_251_251BDF0052_00734_RAW.jpg
1025716_RS_386_386RS169832_08320,val,Pothole,0,790,371612,d:/current project/SIH PPts/roadsense_webapp/roadsense_webapp/Cracks-and-Potholes-in-Road-Images-Dataset-master/Cracks-and-Potholes-in-Road-Images-Dataset-master/Dataset/1025716_RS_386_386RS169832_08320/1025716_RS_386_386RS169832_08320_RAW.jpg
1091723_DF_251_251BDF0490_00797,train,Crack,5174,0,344655,d:/current project/SIH PPts/roadsense_webapp/roadsense_webapp/Cracks-and-Potholes-in-Road-Images-Dataset-master/Cracks-and-Potholes-in-Road-Images-Dataset-master/Dataset/1091723_DF_251_251BDF0490_00797/1091723_DF_251_251BDF0490_00797_RAW.jpg
1067607_DF_010_010BDF0018_03301,train,Pothole,0,636,353555,d:/current project/SIH PPts/roadsense_webapp/roadsense_webapp/Cracks-and-Potholes-in-Road-Images-Dataset-master/Cracks-and-Potholes-in-Road-Images-Dataset-master/Dataset/1067607_DF_010_010BDF0018_03301/1067607_DF_010_010BDF0018_03301_RAW.jpg
1081606_DF_080_080BDF0070_00510,train,Crack,7937,0,333029,d:/current project/SIH PPts/roadsense_webapp/roadsense_webapp/Cracks-and-Potholes-in-Road-Images-Dataset-master/Cracks-and-Potholes-in-Road-Images-Dataset-master/Dataset/1081606_DF_080_080BDF0070_00510/1081606_DF_080_080BDF0070_00510_RAW.jpg
1092870_DF_251_251BDF0052_00715,val,Crack,10132,0,361374,d:/current project/SIH PPts/roadsense_webapp/roadsense_webapp/Cracks-and-Potholes-in-Road-Images-Dataset-master/Cracks-and-Potholes-in-Road-Images-Dataset-master/Dataset/1092870_DF_251_251BDF0052_00715/1092870_DF_251_251BDF0052_00715_RAW.jpg
1091929_DF_251_251BDF0490_01189,train,Crack,5439,0,350747,d:/current project/SIH PPts/roadsense_webapp/roadsense_webapp/Cracks-and-Potholes-in-Road-Images-Dataset-master/Cracks-and-Potholes-in-Road-Images-Dataset-master/Dataset/1091929_DF_251_251BDF0490_01189/1091929_DF_251_251BDF0490_01189_RAW.jpg
733835_ES_482_482ES014500_05885,train,Normal,145,0,420251,d:/current project/SIH PPts/roadsense_webapp/roadsense_webapp/Cracks-and-Potholes-in-Road-Images-Dataset-master/Cracks-and-Potholes-in-Road-Images-Dataset-master/Dataset/733835_ES_482_482ES014500_05885/733835_ES_482_482ES014500_05885_RAW.jpg
766085_ES_259_259ES000000_04525,train,Pothole,0,5064,408485,d:/current project/SIH PPts/roadsense_webapp/roadsense_webapp/Cracks-and-Potholes-in-Road-Images-Dataset-master/Cracks-and-Potholes-in-Road-Images-Dataset-master/Dataset/766085_ES_259_259ES000000_04525/766085_ES_259_259ES000000_04525_RAW.jpg
919481_RS_290_290RS294095_30855,val,Normal,546,0,343438,d:/current project/SIH PPts/roadsense_webapp/roadsense_webapp/Cracks-and-Potholes-in-Road-Images-Dataset-master/Cracks-and-Potholes-in-Road-Images-Dataset-master/Dataset/919481_RS_290_290RS294095_30855/919481_RS_290_290RS294095_30855_RAW.jpg
1091782_DF_251_251BDF0490_00910,train,Crack,4174,0,356007,d:/current project/SIH PPts/roadsense_webapp/roadsense_webapp/Cracks-and-Potholes-in-Road-Images-Dataset-master/Cracks-and-Potholes-in-Road-Images-Dataset-master/Dataset/1091782_DF_251_251BDF0490_00910/1091782_DF_251_251BDF0490_00910_RAW.jpg
883218_RS_290_290RS150131_16820,train,Pothole,0,3668,358659,d:/current project/SIH PPts/roadsense_webapp/roadsense_webapp/Cracks-and-Potholes-in-Road-Images-Dataset-master/Cracks-and-Potholes-in-Road-Images-Dataset-master/Dataset/883218_RS_290_290RS150131_16820/883218_RS_290_290RS150131_16820_RAW.jpg
919559_RS_290_290RS294095_31245,val,Pothole,6844,870,342508,d:/current project/SIH PPts/roadsense_webapp/roadsense_webapp/Cracks-and-Potholes-in-Road-Images-Dataset-master/Cracks-and-Potholes-in-Road-Images-Dataset-master/Dataset/919559_RS_290_290RS294095_31245/919559_RS_290_290RS294095_31245_RAW.jpg
1092531_DF_251_251BDF0052_00126,train,Crack,14039,0,378332,d:/current project/SIH PPts/roadsense_webapp/roadsense_webapp/Cracks-and-Potholes-in-Road-Images-Dataset-master/Cracks-and-Potholes-in-Road-Images-Dataset-master/Dataset/1092531_DF_251_251BDF0052_00126/1092531_DF_251_251BDF0052_00126_RAW.jpg
919252_RS_290_290RS294095_29711,train,Pothole,6150,714,343813,d:/current project/SIH PPts/roadsense_webapp/roadsense_webapp/Cracks-and-Potholes-in-Road-Images-Dataset-master/Cracks-and-Potholes-in-Road-Images-Dataset-master/Dataset/919252_RS_290_290RS294095_29711/919252_RS_290_290RS294095_29711_RAW.jpg
1014859_RS_386_386RS124739_31220,val,Crack,18145,0,381379,d:/current project/SIH PPts/roadsense_webapp/roadsense_webapp/Cracks-and-Potholes-in-Road-Images-Dataset-master/Cracks-and-Potholes-in-Road-Images-Dataset-master/Dataset/1014859_RS_386_386RS124739_31220/1014859_RS_386_386RS124739_31220_RAW.jpg
1014765_RS_386_386RS124739_30750,train,Pothole,16147,679,379525,d:/current project/SIH PPts/roadsense_webapp/roadsense_webapp/Cracks-and-Potholes-in-Road-Images-Dataset-master/Cracks-and-Potholes-in-Road-Images-Dataset-master/Dataset/1014765_RS_386_386RS124739_30750/1014765_RS_386_386RS124739_30750_RAW.jpg
883275_RS_290_290RS150131_17105,train,Pothole,0,58414,344050,d:/current project/SIH PPts/roadsense_webapp/roadsense_webapp/Cracks-and-Potholes-in-Road-Images-Dataset-master/Cracks-and-Potholes-in-Road-Images-Dataset-master/Dataset/883275_RS_290_290RS150131_17105/883275_RS_290_290RS150131_17105_RAW.jpg
1093534_DF_251_251BDF0052_01931,train,Pothole,3764,951,370138,d:/current project/SIH PPts/roadsense_webapp/roadsense_webapp/Cracks-and-Potholes-in-Road-Images-Dataset-master/Cracks-and-Potholes-in-Road-Images-Dataset-master/Dataset/1093534_DF_251_251BDF0052_01931/1093534_DF_251_251BDF0052_01931_RAW.jpg
1014779_RS_386_386RS124739_30820,train,Crack,2632,0,400062,d:/current project/SIH PPts/roadsense_webapp/roadsense_webapp/Cracks-and-Potholes-in-Road-Images-Dataset-master/Cracks-and-Potholes-in-Road-Images-Dataset-master/Dataset/1014779_RS_386_386RS124739_30820/1014779_RS_386_386RS124739_30820_RAW.jpg
883204_RS_290_290RS150131_16750,train,Pothole,0,25543,360096,d:/current project/SIH PPts/roadsense_webapp/roadsense_webapp/Cracks-and-Potholes-in-Road-Images-Dataset-master/Cracks-and-Potholes-in-Road-Images-Dataset-master/Dataset/883204_RS_290_290RS150131_16750/883204_RS_290_290RS150131_16750_RAW.jpg
1014903_RS_386_386RS124739_31441,train,Crack,2361,0,378734,d:/current project/SIH PPts/roadsense_webapp/roadsense_webapp/Cracks-and-Potholes-in-Road-Images-Dataset-master/Cracks-and-Potholes-in-Road-Images-Dataset-master/Dataset/1014903_RS_386_386RS124739_31441/1014903_RS_386_386RS124739_31441_RAW.jpg
1084459_DF_080_080BDF0090_01703,train,Crack,5970,0,332149,d:/current project/SIH PPts/roadsense_webapp/roadsense_webapp/Cracks-and-Potholes-in-Road-Images-Dataset-master/Cracks-and-Potholes-in-Road-Images-Dataset-master/Dataset/1084459_DF_080_080BDF0090_01703/1084459_DF_080_080BDF0090_01703_RAW.jpg
1068449_DF_010_010BDF0018_05113,train,Pothole,0,5652,391519,d:/current project/SIH PPts/roadsense_webapp/roadsense_webapp/Cracks-and-Potholes-in-Road-Images-Dataset-master/Cracks-and-Potholes-in-Road-Images-Dataset-master/Dataset/1068449_DF_010_010BDF0018_05113/1068449_DF_010_010BDF0018_05113_RAW.jpg
917819_RS_290_290RS294095_22545,train,Crack,3894,0,371321,d:/current project/SIH PPts/roadsense_webapp/roadsense_webapp/Cracks-and-Potholes-in-Road-Images-Dataset-master/Cracks-and-Potholes-in-Road-Images-Dataset-master/Dataset/917819_RS_290_290RS294095_22545/917819_RS_290_290RS294095_22545_RAW.jpg
994099_RS_386_386RS191729_07260,train,Crack,9617,0,360549,d:/current project/SIH PPts/roadsense_webapp/roadsense_webapp/Cracks-and-Potholes-in-Road-Images-Dataset-master/Cracks-and-Potholes-in-Road-Images-Dataset-master/Dataset/994099_RS_386_386RS191729_07260/994099_RS_386_386RS191729_07260_RAW.jpg
1081513_DF_080_080BDF0070_00340,train,Crack,4607,0,339765,d:/current project/SIH PPts/roadsense_webapp/roadsense_webapp/Cracks-and-Potholes-in-Road-Images-Dataset-master/Cracks-and-Potholes-in-Road-Images-Dataset-master/Dataset/1081513_DF_080_080BDF0070_00340/1081513_DF_080_080BDF0070_00340_RAW.jpg
1062514_DF_080_080BDF0032_00044,train,Pothole,4472,5829,360440,d:/current project/SIH PPts/roadsense_webapp/roadsense_webapp/Cracks-and-Potholes-in-Road-Images-Dataset-master/Cracks-and-Potholes-in-Road-Images-Dataset-master/Dataset/1062514_DF_080_080BDF0032_00044/1062514_DF_080_080BDF0032_00044_RAW.jpg
1025782_RS_386_386RS169832_08650,train,Crack,4425,0,384828,d:/current project/SIH PPts/roadsense_webapp/roadsense_webapp/Cracks-and-Potholes-in-Road-Images-Dataset-master/Cracks-and-Potholes-in-Road-Images-Dataset-master/Dataset/1025782_RS_386_386RS169832_08650/1025782_RS_386_386RS169832_08650_RAW.jpg
1081891_DF_080_080BDF0070_01032,train,Crack,6349,0,312060,d:/current project/SIH PPts/roadsense_webapp/roadsense_webapp/Cracks-and-Potholes-in-Road-Images-Dataset-master/Cracks-and-Potholes-in-Road-Images-Dataset-master/Dataset/1081891_DF_080_080BDF0070_01032/1081891_DF_080_080BDF0070_01032_RAW.jpg
917944_RS_290_290RS294095_23170,train,Crack,4447,0,365296,d:/current project/SIH PPts/roadsense_webapp/roadsense_webapp/Cracks-and-Potholes-in-Road-Images-Dataset-master/Cracks-and-Potholes-in-Road-Images-Dataset-master/Dataset/917944_RS_290_290RS294095_23170/917944_RS_290_290RS294095_23170_RAW.jpg
919159_RS_290_290RS294095_29245,train,Crack,7296,0,361242,d:/current project/SIH PPts/roadsense_webapp/roadsense_webapp/Cracks-and-Potholes-in-Road-Images-Dataset-master/Cracks-and-Potholes-in-Road-Images-Dataset-master/Dataset/919159_RS_290_290RS294095_29245/919159_RS_290_290RS294095_29245_RAW.jpg
1066461_DF_010_010BDF0018_00941,val,Pothole,0,734,364877,d:/current project/SIH PPts/roadsense_webapp/roadsense_webapp/Cracks-and-Potholes-in-Road-Images-Dataset-master/Cracks-and-Potholes-in-Road-Images-Dataset-master/Dataset/1066461_DF_010_010BDF0018_00941/1066461_DF_010_010BDF0018_00941_RAW.jpg
917121_RS_290_290RS294095_19055,train,Crack,6640,0,356095,d:/current project/SIH PPts/roadsense_webapp/roadsense_webapp/Cracks-and-Potholes-in-Road-Images-Dataset-master/Cracks-and-Potholes-in-Road-Images-Dataset-master/Dataset/917121_RS_290_290RS294095_19055/917121_RS_290_290RS294095_19055_RAW.jpg
1014676_RS_386_386RS124739_30305,train,Crack,17431,0,382094,d:/current project/SIH PPts/roadsense_webapp/roadsense_webapp/Cracks-and-Potholes-in-Road-Images-Dataset-master/Cracks-and-Potholes-in-Road-Images-Dataset-master/Dataset/1014676_RS_386_386RS124739_30305/1014676_RS_386_386RS124739_30305_RAW.jpg
917240_RS_290_290RS294095_19650,train,Crack,10831,0,366113,d:/current project/SIH PPts/roadsense_webapp/roadsense_webapp/Cracks-and-Potholes-in-Road-Images-Dataset-master/Cracks-and-Potholes-in-Road-Images-Dataset-master/Dataset/917240_RS_290_290RS294095_19650/917240_RS_290_290RS294095_19650_RAW.jpg
917948_RS_290_290RS294095_23190,val,Crack,9746,0,361086,d:/current project/SIH PPts/roadsense_webapp/roadsense_webapp/Cracks-and-Potholes-in-Road-Images-Dataset-master/Cracks-and-Potholes-in-Road-Images-Dataset-master/Dataset/917948_RS_290_290RS294095_23190/917948_RS_290_290RS294095_23190_RAW.jpg
994600_RS_386_386RS191729_09765,val,Crack,19021,0,361299,d:/current project/SIH PPts/roadsense_webapp/roadsense_webapp/Cracks-and-Potholes-in-Road-Images-Dataset-master/Cracks-and-Potholes-in-Road-Images-Dataset-master/Dataset/994600_RS_386_386RS191729_09765/994600_RS_386_386RS191729_09765_RAW.jpg
919755_RS_290_290RS294095_32225,val,Crack,7013,0,365976,d:/current project/SIH PPts/roadsense_webapp/roadsense_webapp/Cracks-and-Potholes-in-Road-Images-Dataset-master/Cracks-and-Potholes-in-Road-Images-Dataset-master/Dataset/919755_RS_290_290RS294095_32225/919755_RS_290_290RS294095_32225_RAW.jpg
917198_RS_290_290RS294095_19440,train,Crack,10315,0,367745,d:/current project/SIH PPts/roadsense_webapp/roadsense_webapp/Cracks-and-Potholes-in-Road-Images-Dataset-master/Cracks-and-Potholes-in-Road-Images-Dataset-master/Dataset/917198_RS_290_290RS294095_19440/917198_RS_290_290RS294095_19440_RAW.jpg
1081512_DF_080_080BDF0070_00338,val,Crack,2570,0,342370,d:/current project/SIH PPts/roadsense_webapp/roadsense_webapp/Cracks-and-Potholes-in-Road-Images-Dataset-master/Cracks-and-Potholes-in-Road-Images-Dataset-master/Dataset/1081512_DF_080_080BDF0070_00338/1081512_DF_080_080BDF0070_00338_RAW.jpg
1092033_DF_251_251BDF0490_01381,train,Crack,7201,0,366466,d:/current project/SIH PPts/roadsense_webapp/roadsense_webapp/Cracks-and-Potholes-in-Road-Images-Dataset-master/Cracks-and-Potholes-in-Road-Images-Dataset-master/Dataset/1092033_DF_251_251BDF0490_01381/1092033_DF_251_251BDF0490_01381_RAW.jpg
883065_RS_290_290RS150131_16055,train,Pothole,0,69813,354351,d:/current project/SIH PPts/roadsense_webapp/roadsense_webapp/Cracks-and-Potholes-in-Road-Images-Dataset-master/Cracks-and-Potholes-in-Road-Images-Dataset-master/Dataset/883065_RS_290_290RS150131_16055/883065_RS_290_290RS150131_16055_RAW.jpg
1025811_RS_386_386RS169832_08795,train,Pothole,4241,952,393467,d:/current project/SIH PPts/roadsense_webapp/roadsense_webapp/Cracks-and-Potholes-in-Road-Images-Dataset-master/Cracks-and-Potholes-in-Road-Images-Dataset-master/Dataset/1025811_RS_386_386RS169832_08795/1025811_RS_386_386RS169832_08795_RAW.jpg
1091808_DF_251_251BDF0490_00958,val,Normal,1036,0,354830,d:/current project/SIH PPts/roadsense_webapp/roadsense_webapp/Cracks-and-Potholes-in-Road-Images-Dataset-master/Cracks-and-Potholes-in-Road-Images-Dataset-master/Dataset/1091808_DF_251_251BDF0490_00958/1091808_DF_251_251BDF0490_00958_RAW.jpg
774900_ES_259_259ES000000_48600,val,Normal,1150,0,398417,d:/current project/SIH PPts/roadsense_webapp/roadsense_webapp/Cracks-and-Potholes-in-Road-Images-Dataset-master/Cracks-and-Potholes-in-Road-Images-Dataset-master/Dataset/774900_ES_259_259ES000000_48600/774900_ES_259_259ES000000_48600_RAW.jpg
919412_RS_290_290RS294095_30511,val,Crack,2492,0,343946,d:/current project/SIH PPts/roadsense_webapp/roadsense_webapp/Cracks-and-Potholes-in-Road-Images-Dataset-master/Cracks-and-Potholes-in-Road-Images-Dataset-master/Dataset/919412_RS_290_290RS294095_30511/919412_RS_290_290RS294095_30511_RAW.jpg
919790_RS_290_290RS294095_32400,train,Crack,10827,0,355991,d:/current project/SIH PPts/roadsense_webapp/roadsense_webapp/Cracks-and-Potholes-in-Road-Images-Dataset-master/Cracks-and-Potholes-in-Road-Images-Dataset-master/Dataset/919790_RS_290_290RS294095_32400/919790_RS_290_290RS294095_32400_RAW.jpg
883046_RS_290_290RS150131_15960,train,Pothole,0,24361,355532,d:/current project/SIH PPts/roadsense_webapp/roadsense_webapp/Cracks-and-Potholes-in-Road-Images-Dataset-master/Cracks-and-Potholes-in-Road-Images-Dataset-master/Dataset/883046_RS_290_290RS150131_15960/883046_RS_290_290RS150131_15960_RAW.jpg
1083784_DF_080_080BDF0090_00354,val,Crack,20308,0,343038,d:/current project/SIH PPts/roadsense_webapp/roadsense_webapp/Cracks-and-Potholes-in-Road-Images-Dataset-master/Cracks-and-Potholes-in-Road-Images-Dataset-master/Dataset/1083784_DF_080_080BDF0090_00354/1083784_DF_080_080BDF0090_00354_RAW.jpg
1091886_DF_251_251BDF0490_01107,train,Crack,3469,0,356191,d:/current project/SIH PPts/roadsense_webapp/roadsense_webapp/Cracks-and-Potholes-in-Road-Images-Dataset-master/Cracks-and-Potholes-in-Road-Images-Dataset-master/Dataset/1091886_DF_251_251BDF0490_01107/1091886_DF_251_251BDF0490_01107_RAW.jpg
1092086_DF_251_251BDF0490_01477,train,Crack,3845,0,363707,d:/current project/SIH PPts/roadsense_webapp/roadsense_webapp/Cracks-and-Potholes-in-Road-Images-Dataset-master/Cracks-and-Potholes-in-Road-Images-Dataset-master/Dataset/1092086_DF_251_251BDF0490_01477/1092086_DF_251_251BDF0490_01477_RAW.jpg
1053996_DF_020_020BDF0070_06273,train,Crack,8659,0,364031,d:/current project/SIH PPts/roadsense_webapp/roadsense_webapp/Cracks-and-Potholes-in-Road-Images-Dataset-master/Cracks-and-Potholes-in-Road-Images-Dataset-master/Dataset/1053996_DF_020_020BDF0070_06273/1053996_DF_020_020BDF0070_06273_RAW.jpg
1025776_RS_386_386RS169832_08621,train,Crack,4836,0,394264,d:/current project/SIH PPts/roadsense_webapp/roadsense_webapp/Cracks-and-Potholes-in-Road-Images-Dataset-master/Cracks-and-Potholes-in-Road-Images-Dataset-master/Dataset/1025776_RS_386_386RS169832_08621/1025776_RS_386_386RS169832_08621_RAW.jpg
883274_RS_290_290RS150131_17100,train,Pothole,0,58907,339405,d:/current project/SIH PPts/roadsense_webapp/roadsense_webapp/Cracks-and-Potholes-in-Road-Images-Dataset-master/Cracks-and-Potholes-in-Road-Images-Dataset-master/Dataset/883274_RS_290_290RS150131_17100/883274_RS_290_290RS150131_17100_RAW.jpg
916443_RS_290_290RS294095_15665,train,Normal,784,0,337851,d:/current project/SIH PPts/roadsense_webapp/roadsense_webapp/Cracks-and-Potholes-in-Road-Images-Dataset-master/Cracks-and-Potholes-in-Road-Images-Dataset-master/Dataset/916443_RS_290_290RS294095_15665/916443_RS_290_290RS294095_15665_RAW.jpg
919788_RS_290_290RS294095_32390,train,Crack,6692,0,353068,d:/current project/SIH PPts/roadsense_webapp/roadsense_webapp/Cracks-and-Potholes-in-Road-Images-Dataset-master/Cracks-and-Potholes-in-Road-Images-Dataset-master/Dataset/919788_RS_290_290RS294095_32390/919788_RS_290_290RS294095_32390_RAW.jpg
1091828_DF_251_251BDF0490_00995,val,Crack,2383,0,366317,d:/current project/SIH PPts/roadsense_webapp/roadsense_webapp/Cracks-and-Potholes-in-Road-Images-Dataset-master/Cracks-and-Potholes-in-Road-Images-Dataset-master/Dataset/1091828_DF_251_251BDF0490_00995/1091828_DF_251_251BDF0490_00995_RAW.jpg
1083253_DF_080_080BDF0070_03828,train,Crack,9191,0,312151,d:/current project/SIH PPts/roadsense_webapp/roadsense_webapp/Cracks-and-Potholes-in-Road-Images-Dataset-master/Cracks-and-Potholes-in-Road-Images-Dataset-master/Dataset/1083253_DF_080_080BDF0070_03828/1083253_DF_080_080BDF0070_03828_RAW.jpg
1084529_DF_080_080BDF0090_01827,train,Pothole,3492,1276,330090,d:/current project/SIH PPts/roadsense_webapp/roadsense_webapp/Cracks-and-Potholes-in-Road-Images-Dataset-master/Cracks-and-Potholes-in-Road-Images-Dataset-master/Dataset/1084529_DF_080_080BDF0090_01827/1084529_DF_080_080BDF0090_01827_RAW.jpg
1014877_RS_386_386RS124739_31310,val,Pothole,3382,28194,381973,d:/current project/SIH PPts/roadsense_webapp/roadsense_webapp/Cracks-and-Potholes-in-Road-Images-Dataset-master/Cracks-and-Potholes-in-Road-Images-Dataset-master/Dataset/1014877_RS_386_386RS124739_31310/1014877_RS_386_386RS124739_31310_RAW.jpg
1068440_DF_010_010BDF0018_05096,train,Normal,292,0,384073,d:/current project/SIH PPts/roadsense_webapp/roadsense_webapp/Cracks-and-Potholes-in-Road-Images-Dataset-master/Cracks-and-Potholes-in-Road-Images-Dataset-master/Dataset/1068440_DF_010_010BDF0018_05096/1068440_DF_010_010BDF0018_05096_RAW.jpg
1081350_DF_080_080BDF0070_00026,train,Crack,5873,0,323278,d:/current project/SIH PPts/roadsense_webapp/roadsense_webapp/Cracks-and-Potholes-in-Road-Images-Dataset-master/Cracks-and-Potholes-in-Road-Images-Dataset-master/Dataset/1081350_DF_080_080BDF0070_00026/1081350_DF_080_080BDF0070_00026_RAW.jpg
766172_ES_259_259ES000000_04960,val,Crack,1958,0,425374,d:/current project/SIH PPts/roadsense_webapp/roadsense_webapp/Cracks-and-Potholes-in-Road-Images-Dataset-master/Cracks-and-Potholes-in-Road-Images-Dataset-master/Dataset/766172_ES_259_259ES000000_04960/766172_ES_259_259ES000000_04960_RAW.jpg
1075888_DF_251_251BDF0530_02487,train,Crack,4967,0,336135,d:/current project/SIH PPts/roadsense_webapp/roadsense_webapp/Cracks-and-Potholes-in-Road-Images-Dataset-master/Cracks-and-Potholes-in-Road-Images-Dataset-master/Dataset/1075888_DF_251_251BDF0530_02487/1075888_DF_251_251BDF0530_02487_RAW.jpg
1091788_DF_251_251BDF0490_00921,train,Crack,13792,0,343122,d:/current project/SIH PPts/roadsense_webapp/roadsense_webapp/Cracks-and-Potholes-in-Road-Images-Dataset-master/Cracks-and-Potholes-in-Road-Images-Dataset-master/Dataset/1091788_DF_251_251BDF0490_00921/1091788_DF_251_251BDF0490_00921_RAW.jpg
919155_RS_290_290RS294095_29225,train,Crack,9582,0,364452,d:/current project/SIH PPts/roadsense_webapp/roadsense_webapp/Cracks-and-Potholes-in-Road-Images-Dataset-master/Cracks-and-Potholes-in-Road-Images-Dataset-master/Dataset/919155_RS_290_290RS294095_29225/919155_RS_290_290RS294095_29225_RAW.jpg
919633_RS_290_290RS294095_31617,train,Crack,3676,0,345167,d:/current project/SIH PPts/roadsense_webapp/roadsense_webapp/Cracks-and-Potholes-in-Road-Images-Dataset-master/Cracks-and-Potholes-in-Road-Images-Dataset-master/Dataset/919633_RS_290_290RS294095_31617/919633_RS_290_290RS294095_31617_RAW.jpg
917289_RS_290_290RS294095_19895,val,Crack,5629,0,356421,d:/current project/SIH PPts/roadsense_webapp/roadsense_webapp/Cracks-and-Potholes-in-Road-Images-Dataset-master/Cracks-and-Potholes-in-Road-Images-Dataset-master/Dataset/917289_RS_290_290RS294095_19895/917289_RS_290_290RS294095_19895_RAW.jpg
819742_ES_259_259ES000000_00195,train,Crack,11529,0,359229,d:/current project/SIH PPts/roadsense_webapp/roadsense_webapp/Cracks-and-Potholes-in-Road-Images-Dataset-master/Cracks-and-Potholes-in-Road-Images-Dataset-master/Dataset/819742_ES_259_259ES000000_00195/819742_ES_259_259ES000000_00195_RAW.jpg
917293_RS_290_290RS294095_19915,train,Crack,11268,0,349059,d:/current project/SIH PPts/roadsense_webapp/roadsense_webapp/Cracks-and-Potholes-in-Road-Images-Dataset-master/Cracks-and-Potholes-in-Road-Images-Dataset-master/Dataset/917293_RS_290_290RS294095_19915/917293_RS_290_290RS294095_19915_RAW.jpg
919630_RS_290_290RS294095_31600,train,Crack,21048,0,350257,d:/current project/SIH PPts/roadsense_webapp/roadsense_webapp/Cracks-and-Potholes-in-Road-Images-Dataset-master/Cracks-and-Potholes-in-Road-Images-Dataset-master/Dataset/919630_RS_290_290RS294095_31600/919630_RS_290_290RS294095_31600_RAW.jpg
1014644_RS_386_386RS124739_30145,train,Crack,8292,0,380474,d:/current project/SIH PPts/roadsense_webapp/roadsense_webapp/Cracks-and-Potholes-in-Road-Images-Dataset-master/Cracks-and-Potholes-in-Road-Images-Dataset-master/Dataset/1014644_RS_386_386RS124739_30145/1014644_RS_386_386RS124739_30145_RAW.jpg
917460_RS_290_290RS294095_20750,train,Normal,630,0,345923,d:/current project/SIH PPts/roadsense_webapp/roadsense_webapp/Cracks-and-Potholes-in-Road-Images-Dataset-master/Cracks-and-Potholes-in-Road-Images-Dataset-master/Dataset/917460_RS_290_290RS294095_20750/917460_RS_290_290RS294095_20750_RAW.jpg
919413_RS_290_290RS294095_30515,train,Crack,12080,0,350364,d:/current project/SIH PPts/roadsense_webapp/roadsense_webapp/Cracks-and-Potholes-in-Road-Images-Dataset-master/Cracks-and-Potholes-in-Road-Images-Dataset-master/Dataset/919413_RS_290_290RS294095_30515/919413_RS_290_290RS294095_30515_RAW.jpg
1091733_DF_251_251BDF0490_00817,val,Crack,3484,0,358304,d:/current project/SIH PPts/roadsense_webapp/roadsense_webapp/Cracks-and-Potholes-in-Road-Images-Dataset-master/Cracks-and-Potholes-in-Road-Images-Dataset-master/Dataset/1091733_DF_251_251BDF0490_00817/1091733_DF_251_251BDF0490_00817_RAW.jpg
1092839_DF_251_251BDF0052_00660,train,Crack,12833,0,350730,d:/current project/SIH PPts/roadsense_webapp/roadsense_webapp/Cracks-and-Potholes-in-Road-Images-Dataset-master/Cracks-and-Potholes-in-Road-Images-Dataset-master/Dataset/1092839_DF_251_251BDF0052_00660/1092839_DF_251_251BDF0052_00660_RAW.jpg
1093017_DF_251_251BDF0052_00975,val,Crack,26796,0,360969,d:/current project/SIH PPts/roadsense_webapp/roadsense_webapp/Cracks-and-Potholes-in-Road-Images-Dataset-master/Cracks-and-Potholes-in-Road-Images-Dataset-master/Dataset/1093017_DF_251_251BDF0052_00975/1093017_DF_251_251BDF0052_00975_RAW.jpg
917517_RS_290_290RS294095_21035,train,Crack,3952,0,345699,d:/current project/SIH PPts/roadsense_webapp/roadsense_webapp/Cracks-and-Potholes-in-Road-Images-Dataset-master/Cracks-and-Potholes-in-Road-Images-Dataset-master/Dataset/917517_RS_290_290RS294095_21035/917517_RS_290_290RS294095_21035_RAW.jpg
919218_RS_290_290RS294095_29540,train,Crack,7066,0,367093,d:/current project/SIH PPts/roadsense_webapp/roadsense_webapp/Cracks-and-Potholes-in-Road-Images-Dataset-master/Cracks-and-Potholes-in-Road-Images-Dataset-master/Dataset/919218_RS_290_290RS294095_29540/919218_RS_290_290RS294095_29540_RAW.jpg
919634_RS_290_290RS294095_31621,train,Crack,3534,0,344022,d:/current project/SIH PPts/roadsense_webapp/roadsense_webapp/Cracks-and-Potholes-in-Road-Images-Dataset-master/Cracks-and-Potholes-in-Road-Images-Dataset-master/Dataset/919634_RS_290_290RS294095_31621/919634_RS_290_290RS294095_31621_RAW.jpg
1055555_DF_020_020BDF0070_09174,train,Pothole,0,6406,363409,d:/current project/SIH PPts/roadsense_webapp/roadsense_webapp/Cracks-and-Potholes-in-Road-Images-Dataset-master/Cracks-and-Potholes-in-Road-Images-Dataset-master/Dataset/1055555_DF_020_020BDF0070_09174/1055555_DF_020_020BDF0070_09174_RAW.jpg
1092533_DF_251_251BDF0052_00129,train,Crack,8964,0,360650,d:/current project/SIH PPts/roadsense_webapp/roadsense_webapp/Cracks-and-Potholes-in-Road-Images-Dataset-master/Cracks-and-Potholes-in-Road-Images-Dataset-master/Dataset/1092533_DF_251_251BDF0052_00129/1092533_DF_251_251BDF0052_00129_RAW.jpg
1091921_DF_251_251BDF0490_01174,train,Normal,1147,0,355261,d:/current project/SIH PPts/roadsense_webapp/roadsense_webapp/Cracks-and-Potholes-in-Road-Images-Dataset-master/Cracks-and-Potholes-in-Road-Images-Dataset-master/Dataset/1091921_DF_251_251BDF0490_01174/1091921_DF_251_251BDF0490_01174_RAW.jpg
1091701_DF_251_251BDF0490_00756,train,Crack,4047,0,354957,d:/current project/SIH PPts/roadsense_webapp/roadsense_webapp/Cracks-and-Potholes-in-Road-Images-Dataset-master/Cracks-and-Potholes-in-Road-Images-Dataset-master/Dataset/1091701_DF_251_251BDF0490_00756/1091701_DF_251_251BDF0490_00756_RAW.jpg
1092909_DF_251_251BDF0052_00784,train,Crack,4465,0,363036,d:/current project/SIH PPts/roadsense_webapp/roadsense_webapp/Cracks-and-Potholes-in-Road-Images-Dataset-master/Cracks-and-Potholes-in-Road-Images-Dataset-master/Dataset/1092909_DF_251_251BDF0052_00784/1092909_DF_251_251BDF0052_00784_RAW.jpg
1091955_DF_251_251BDF0490_01237,train,Crack,3655,0,360108,d:/current project/SIH PPts/roadsense_webapp/roadsense_webapp/Cracks-and-Potholes-in-Road-Images-Dataset-master/Cracks-and-Potholes-in-Road-Images-Dataset-master/Dataset/1091955_DF_251_251BDF0490_01237/1091955_DF_251_251BDF0490_01237_RAW.jpg
1061032_DF_251_251BDF0525_00532,train,Pothole,0,1336,356324,d:/current project/SIH PPts/roadsense_webapp/roadsense_webapp/Cracks-and-Potholes-in-Road-Images-Dataset-master/Cracks-and-Potholes-in-Road-Images-Dataset-master/Dataset/1061032_DF_251_251BDF0525_00532/1061032_DF_251_251BDF0525_00532_RAW.jpg
1007608_RS_386_386RS289112_28966,train,Crack,15039,0,367244,d:/current project/SIH PPts/roadsense_webapp/roadsense_webapp/Cracks-and-Potholes-in-Road-Images-Dataset-master/Cracks-and-Potholes-in-Road-Images-Dataset-master/Dataset/1007608_RS_386_386RS289112_28966/1007608_RS_386_386RS289112_28966_RAW.jpg
919208_RS_290_290RS294095_29490,val,Crack,14822,0,373978,d:/current project/SIH PPts/roadsense_webapp/roadsense_webapp/Cracks-and-Potholes-in-Road-Images-Dataset-master/Cracks-and-Potholes-in-Road-Images-Dataset-master/Dataset/919208_RS_290_290RS294095_29490/919208_RS_290_290RS294095_29490_RAW.jpg
1084296_DF_080_080BDF0090_01413,train,Crack,7420,0,342436,d:/current project/SIH PPts/roadsense_webapp/roadsense_webapp/Cracks-and-Potholes-in-Road-Images-Dataset-master/Cracks-and-Potholes-in-Road-Images-Dataset-master/Dataset/1084296_DF_080_080BDF0090_01413/1084296_DF_080_080BDF0090_01413_RAW.jpg
919349_RS_290_290RS294095_30195,train,Pothole,0,681,346918,d:/current project/SIH PPts/roadsense_webapp/roadsense_webapp/Cracks-and-Potholes-in-Road-Images-Dataset-master/Cracks-and-Potholes-in-Road-Images-Dataset-master/Dataset/919349_RS_290_290RS294095_30195/919349_RS_290_290RS294095_30195_RAW.jpg
919740_RS_290_290RS294095_32150,train,Crack,6315,0,361652,d:/current project/SIH PPts/roadsense_webapp/roadsense_webapp/Cracks-and-Potholes-in-Road-Images-Dataset-master/Cracks-and-Potholes-in-Road-Images-Dataset-master/Dataset/919740_RS_290_290RS294095_32150/919740_RS_290_290RS294095_32150_RAW.jpg
1081808_DF_080_080BDF0070_00882,train,Crack,12851,0,349516,d:/current project/SIH PPts/roadsense_webapp/roadsense_webapp/Cracks-and-Potholes-in-Road-Images-Dataset-master/Cracks-and-Potholes-in-Road-Images-Dataset-master/Dataset/1081808_DF_080_080BDF0070_00882/1081808_DF_080_080BDF0070_00882_RAW.jpg
1014763_RS_386_386RS124739_30740,train,Crack,15259,0,381746,d:/current project/SIH PPts/roadsense_webapp/roadsense_webapp/Cracks-and-Potholes-in-Road-Images-Dataset-master/Cracks-and-Potholes-in-Road-Images-Dataset-master/Dataset/1014763_RS_386_386RS124739_30740/1014763_RS_386_386RS124739_30740_RAW.jpg
1068448_DF_010_010BDF0018_05112,train,Pothole,0,1902,383041,d:/current project/SIH PPts/roadsense_webapp/roadsense_webapp/Cracks-and-Potholes-in-Road-Images-Dataset-master/Cracks-and-Potholes-in-Road-Images-Dataset-master/Dataset/1068448_DF_010_010BDF0018_05112/1068448_DF_010_010BDF0018_05112_RAW.jpg
1092307_DF_251_251BDF0490_01882,train,Pothole,17230,423,363945,d:/current project/SIH PPts/roadsense_webapp/roadsense_webapp/Cracks-and-Potholes-in-Road-Images-Dataset-master/Cracks-and-Potholes-in-Road-Images-Dataset-master/Dataset/1092307_DF_251_251BDF0490_01882/1092307_DF_251_251BDF0490_01882_RAW.jpg
1091915_DF_251_251BDF0490_01162,train,Crack,3144,0,358401,d:/current project/SIH PPts/roadsense_webapp/roadsense_webapp/Cracks-and-Potholes-in-Road-Images-Dataset-master/Cracks-and-Potholes-in-Road-Images-Dataset-master/Dataset/1091915_DF_251_251BDF0490_01162/1091915_DF_251_251BDF0490_01162_RAW.jpg
1077170_DF_251_251BDF0530_04883,train,Crack,3239,0,342766,d:/current project/SIH PPts/roadsense_webapp/roadsense_webapp/Cracks-and-Potholes-in-Road-Images-Dataset-master/Cracks-and-Potholes-in-Road-Images-Dataset-master/Dataset/1077170_DF_251_251BDF0530_04883/1077170_DF_251_251BDF0530_04883_RAW.jpg
883241_RS_290_290RS150131_16935,train,Pothole,0,52341,345866,d:/current project/SIH PPts/roadsense_webapp/roadsense_webapp/Cracks-and-Potholes-in-Road-Images-Dataset-master/Cracks-and-Potholes-in-Road-Images-Dataset-master/Dataset/883241_RS_290_290RS150131_16935/883241_RS_290_290RS150131_16935_RAW.jpg
919106_RS_290_290RS294095_28980,train,Crack,2412,0,354650,d:/current project/SIH PPts/roadsense_webapp/roadsense_webapp/Cracks-and-Potholes-in-Road-Images-Dataset-master/Cracks-and-Potholes-in-Road-Images-Dataset-master/Dataset/919106_RS_290_290RS294095_28980/919106_RS_290_290RS294095_28980_RAW.jpg
1081458_DF_080_080BDF0070_00239,val,Pothole,6945,1696,330761,d:/current project/SIH PPts/roadsense_webapp/roadsense_webapp/Cracks-and-Potholes-in-Road-Images-Dataset-master/Cracks-and-Potholes-in-Road-Images-Dataset-master/Dataset/1081458_DF_080_080BDF0070_00239/1081458_DF_080_080BDF0070_00239_RAW.jpg
917927_RS_290_290RS294095_23085,train,Normal,893,0,352053,d:/current project/SIH PPts/roadsense_webapp/roadsense_webapp/Cracks-and-Potholes-in-Road-Images-Dataset-master/Cracks-and-Potholes-in-Road-Images-Dataset-master/Dataset/917927_RS_290_290RS294095_23085/917927_RS_290_290RS294095_23085_RAW.jpg
1091958_DF_251_251BDF0490_01243,val,Crack,2152,0,364081,d:/current project/SIH PPts/roadsense_webapp/roadsense_webapp/Cracks-and-Potholes-in-Road-Images-Dataset-master/Cracks-and-Potholes-in-Road-Images-Dataset-master/Dataset/1091958_DF_251_251BDF0490_01243/1091958_DF_251_251BDF0490_01243_RAW.jpg
916922_RS_290_290RS294095_18061,train,Pothole,8068,4491,332826,d:/current project/SIH PPts/roadsense_webapp/roadsense_webapp/Cracks-and-Potholes-in-Road-Images-Dataset-master/Cracks-and-Potholes-in-Road-Images-Dataset-master/Dataset/916922_RS_290_290RS294095_18061/916922_RS_290_290RS294095_18061_RAW.jpg
1014726_RS_386_386RS124739_30555,train,Crack,28288,0,367155,d:/current project/SIH PPts/roadsense_webapp/roadsense_webapp/Cracks-and-Potholes-in-Road-Images-Dataset-master/Cracks-and-Potholes-in-Road-Images-Dataset-master/Dataset/1014726_RS_386_386RS124739_30555/1014726_RS_386_386RS124739_30555_RAW.jpg
1084381_DF_080_080BDF0090_01560,train,Crack,15013,0,325679,d:/current project/SIH PPts/roadsense_webapp/roadsense_webapp/Cracks-and-Potholes-in-Road-Images-Dataset-master/Cracks-and-Potholes-in-Road-Images-Dataset-master/Dataset/1084381_DF_080_080BDF0090_01560/1084381_DF_080_080BDF0090_01560_RAW.jpg
919524_RS_290_290RS294095_31070,train,Crack,10251,0,352242,d:/current project/SIH PPts/roadsense_webapp/roadsense_webapp/Cracks-and-Potholes-in-Road-Images-Dataset-master/Cracks-and-Potholes-in-Road-Images-Dataset-master/Dataset/919524_RS_290_290RS294095_31070/919524_RS_290_290RS294095_31070_RAW.jpg
1025792_RS_386_386RS169832_08700,val,Pothole,5475,921,392877,d:/current project/SIH PPts/roadsense_webapp/roadsense_webapp/Cracks-and-Potholes-in-Road-Images-Dataset-master/Cracks-and-Potholes-in-Road-Images-Dataset-master/Dataset/1025792_RS_386_386RS169832_08700/1025792_RS_386_386RS169832_08700_RAW.jpg
917579_RS_290_290RS294095_21345,train,Crack,5474,0,351026,d:/current project/SIH PPts/roadsense_webapp/roadsense_webapp/Cracks-and-Potholes-in-Road-Images-Dataset-master/Cracks-and-Potholes-in-Road-Images-Dataset-master/Dataset/917579_RS_290_290RS294095_21345/917579_RS_290_290RS294095_21345_RAW.jpg
994077_RS_386_386RS191729_07150,train,Crack,14465,0,365086,d:/current project/SIH PPts/roadsense_webapp/roadsense_webapp/Cracks-and-Potholes-in-Road-Images-Dataset-master/Cracks-and-Potholes-in-Road-Images-Dataset-master/Dataset/994077_RS_386_386RS191729_07150/994077_RS_386_386RS191729_07150_RAW.jpg
1094244_DF_251_251BDF0052_03207,train,Crack,2044,0,347445,d:/current project/SIH PPts/roadsense_webapp/roadsense_webapp/Cracks-and-Potholes-in-Road-Images-Dataset-master/Cracks-and-Potholes-in-Road-Images-Dataset-master/Dataset/1094244_DF_251_251BDF0052_03207/1094244_DF_251_251BDF0052_03207_RAW.jpg
1053964_DF_020_020BDF0070_06212,train,Pothole,12556,1322,363832,d:/current project/SIH PPts/roadsense_webapp/roadsense_webapp/Cracks-and-Potholes-in-Road-Images-Dataset-master/Cracks-and-Potholes-in-Road-Images-Dataset-master/Dataset/1053964_DF_020_020BDF0070_06212/1053964_DF_020_020BDF0070_06212_RAW.jpg
1092545_DF_251_251BDF0052_00151,train,Crack,7824,0,369684,d:/current project/SIH PPts/roadsense_webapp/roadsense_webapp/Cracks-and-Potholes-in-Road-Images-Dataset-master/Cracks-and-Potholes-in-Road-Images-Dataset-master/Dataset/1092545_DF_251_251BDF0052_00151/1092545_DF_251_251BDF0052_00151_RAW.jpg
765235_ES_259_259ES000000_00275,train,Crack,3325,0,399850,d:/current project/SIH PPts/roadsense_webapp/roadsense_webapp/Cracks-and-Potholes-in-Road-Images-Dataset-master/Cracks-and-Potholes-in-Road-Images-Dataset-master/Dataset/765235_ES_259_259ES000000_00275/765235_ES_259_259ES000000_00275_RAW.jpg
918240_RS_290_290RS294095_24650,train,Crack,4678,0,365573,d:/current project/SIH PPts/roadsense_webapp/roadsense_webapp/Cracks-and-Potholes-in-Road-Images-Dataset-master/Cracks-and-Potholes-in-Road-Images-Dataset-master/Dataset/918240_RS_290_290RS294095_24650/918240_RS_290_290RS294095_24650_RAW.jpg
918058_RS_290_290RS294095_23740,train,Crack,3295,0,342875,d:/current project/SIH PPts/roadsense_webapp/roadsense_webapp/Cracks-and-Potholes-in-Road-Images-Dataset-master/Cracks-and-Potholes-in-Road-Images-Dataset-master/Dataset/918058_RS_290_290RS294095_23740/918058_RS_290_290RS294095_23740_RAW.jpg
916336_RS_290_290RS294095_15130,train,Pothole,0,2548,363183,d:/current project/SIH PPts/roadsense_webapp/roadsense_webapp/Cracks-and-Potholes-in-Road-Images-Dataset-master/Cracks-and-Potholes-in-Road-Images-Dataset-master/Dataset/916336_RS_290_290RS294095_15130/916336_RS_290_290RS294095_15130_RAW.jpg
1092532_DF_251_251BDF0052_00127,train,Crack,7986,0,368694,d:/current project/SIH PPts/roadsense_webapp/roadsense_webapp/Cracks-and-Potholes-in-Road-Images-Dataset-master/Cracks-and-Potholes-in-Road-Images-Dataset-master/Dataset/1092532_DF_251_251BDF0052_00127/1092532_DF_251_251BDF0052_00127_RAW.jpg
1092995_DF_251_251BDF0052_00936,val,Crack,13072,0,357871,d:/current project/SIH PPts/roadsense_webapp/roadsense_webapp/Cracks-and-Potholes-in-Road-Images-Dataset-master/Cracks-and-Potholes-in-Road-Images-Dataset-master/Dataset/1092995_DF_251_251BDF0052_00936/1092995_DF_251_251BDF0052_00936_RAW.jpg
1093880_DF_251_251BDF0052_02535,val,Normal,426,0,343714,d:/current project/SIH PPts/roadsense_webapp/roadsense_webapp/Cracks-and-Potholes-in-Road-Images-Dataset-master/Cracks-and-Potholes-in-Road-Images-Dataset-master/Dataset/1093880_DF_251_251BDF0052_02535/1093880_DF_251_251BDF0052_02535_RAW.jpg
1092862_DF_251_251BDF0052_00701,train,Crack,8654,0,363267,d:/current project/SIH PPts/roadsense_webapp/roadsense_webapp/Cracks-and-Potholes-in-Road-Images-Dataset-master/Cracks-and-Potholes-in-Road-Images-Dataset-master/Dataset/1092862_DF_251_251BDF0052_00701/1092862_DF_251_251BDF0052_00701_RAW.jpg
919268_RS_290_290RS294095_29790,train,Crack,9489,0,350263,d:/current project/SIH PPts/roadsense_webapp/roadsense_webapp/Cracks-and-Potholes-in-Road-Images-Dataset-master/Cracks-and-Potholes-in-Road-Images-Dataset-master/Dataset/919268_RS_290_290RS294095_29790/919268_RS_290_290RS294095_29790_RAW.jpg
1091923_DF_251_251BDF0490_01177,val,Crack,3096,0,357780,d:/current project/SIH PPts/roadsense_webapp/roadsense_webapp/Cracks-and-Potholes-in-Road-Images-Dataset-master/Cracks-and-Potholes-in-Road-Images-Dataset-master/Dataset/1091923_DF_251_251BDF0490_01177/1091923_DF_251_251BDF0490_01177_RAW.jpg
1090617_DF_070_070BDF0050_06453,train,Crack,19118,0,375025,d:/current project/SIH PPts/roadsense_webapp/roadsense_webapp/Cracks-and-Potholes-in-Road-Images-Dataset-master/Cracks-and-Potholes-in-Road-Images-Dataset-master/Dataset/1090617_DF_070_070BDF0050_06453/1090617_DF_070_070BDF0050_06453_RAW.jpg
1091775_DF_251_251BDF0490_00895,train,Crack,4436,0,362394,d:/current project/SIH PPts/roadsense_webapp/roadsense_webapp/Cracks-and-Potholes-in-Road-Images-Dataset-master/Cracks-and-Potholes-in-Road-Images-Dataset-master/Dataset/1091775_DF_251_251BDF0490_00895/1091775_DF_251_251BDF0490_00895_RAW.jpg
1092744_DF_251_251BDF0052_00496,train,Crack,11269,0,327473,d:/current project/SIH PPts/roadsense_webapp/roadsense_webapp/Cracks-and-Potholes-in-Road-Images-Dataset-master/Cracks-and-Potholes-in-Road-Images-Dataset-master/Dataset/1092744_DF_251_251BDF0052_00496/1092744_DF_251_251BDF0052_00496_RAW.jpg
917892_RS_290_290RS294095_22910,train,Crack,3700,0,365001,d:/current project/SIH PPts/roadsense_webapp/roadsense_webapp/Cracks-and-Potholes-in-Road-Images-Dataset-master/Cracks-and-Potholes-in-Road-Images-Dataset-master/Dataset/917892_RS_290_290RS294095_22910/917892_RS_290_290RS294095_22910_RAW.jpg
1092945_DF_251_251BDF0052_00846,val,Crack,8749,0,348291,d:/current project/SIH PPts/roadsense_webapp/roadsense_webapp/Cracks-and-Potholes-in-Road-Images-Dataset-master/Cracks-and-Potholes-in-Road-Images-Dataset-master/Dataset/1092945_DF_251_251BDF0052_00846/1092945_DF_251_251BDF0052_00846_RAW.jpg
1081896_DF_080_080BDF0070_01041,train,Crack,8778,0,340239,d:/current project/SIH PPts/roadsense_webapp/roadsense_webapp/Cracks-and-Potholes-in-Road-Images-Dataset-master/Cracks-and-Potholes-in-Road-Images-Dataset-master/Dataset/1081896_DF_080_080BDF0070_01041/1081896_DF_080_080BDF0070_01041_RAW.jpg
1025773_RS_386_386RS169832_08605,train,Crack,3061,0,393707,d:/current project/SIH PPts/roadsense_webapp/roadsense_webapp/Cracks-and-Potholes-in-Road-Images-Dataset-master/Cracks-and-Potholes-in-Road-Images-Dataset-master/Dataset/1025773_RS_386_386RS169832_08605/1025773_RS_386_386RS169832_08605_RAW.jpg
1014750_RS_386_386RS124739_30675,train,Crack,5996,0,384415,d:/current project/SIH PPts/roadsense_webapp/roadsense_webapp/Cracks-and-Potholes-in-Road-Images-Dataset-master/Cracks-and-Potholes-in-Road-Images-Dataset-master/Dataset/1014750_RS_386_386RS124739_30675/1014750_RS_386_386RS124739_30675_RAW.jpg
1083774_DF_080_080BDF0090_00334,train,Crack,9453,0,352668,d:/current project/SIH PPts/roadsense_webapp/roadsense_webapp/Cracks-and-Potholes-in-Road-Images-Dataset-master/Cracks-and-Potholes-in-Road-Images-Dataset-master/Dataset/1083774_DF_080_080BDF0090_00334/1083774_DF_080_080BDF0090_00334_RAW.jpg
1092753_DF_251_251BDF0052_00511,train,Normal,1470,0,332399,d:/current project/SIH PPts/roadsense_webapp/roadsense_webapp/Cracks-and-Potholes-in-Road-Images-Dataset-master/Cracks-and-Potholes-in-Road-Images-Dataset-master/Dataset/1092753_DF_251_251BDF0052_00511/1092753_DF_251_251BDF0052_00511_RAW.jpg
1025910_RS_386_386RS169832_09290,val,Crack,2959,0,384205,d:/current project/SIH PPts/roadsense_webapp/roadsense_webapp/Cracks-and-Potholes-in-Road-Images-Dataset-master/Cracks-and-Potholes-in-Road-Images-Dataset-master/Dataset/1025910_RS_386_386RS169832_09290/1025910_RS_386_386RS169832_09290_RAW.jpg
916930_RS_290_290RS294095_18100,val,Normal,580,0,337339,d:/current project/SIH PPts/roadsense_webapp/roadsense_webapp/Cracks-and-Potholes-in-Road-Images-Dataset-master/Cracks-and-Potholes-in-Road-Images-Dataset-master/Dataset/916930_RS_290_290RS294095_18100/916930_RS_290_290RS294095_18100_RAW.jpg
1082216_DF_080_080BDF0070_01715,train,Crack,12280,0,363512,d:/current project/SIH PPts/roadsense_webapp/roadsense_webapp/Cracks-and-Potholes-in-Road-Images-Dataset-master/Cracks-and-Potholes-in-Road-Images-Dataset-master/Dataset/1082216_DF_080_080BDF0070_01715/1082216_DF_080_080BDF0070_01715_RAW.jpg
1092800_DF_251_251BDF0052_00591,val,Crack,8398,0,346359,d:/current project/SIH PPts/roadsense_webapp/roadsense_webapp/Cracks-and-Potholes-in-Road-Images-Dataset-master/Cracks-and-Potholes-in-Road-Images-Dataset-master/Dataset/1092800_DF_251_251BDF0052_00591/1092800_DF_251_251BDF0052_00591_RAW.jpg
1014641_RS_386_386RS124739_30130,train,Pothole,9406,495,378664,d:/current project/SIH PPts/roadsense_webapp/roadsense_webapp/Cracks-and-Potholes-in-Road-Images-Dataset-master/Cracks-and-Potholes-in-Road-Images-Dataset-master/Dataset/1014641_RS_386_386RS124739_30130/1014641_RS_386_386RS124739_30130_RAW.jpg
1083785_DF_080_080BDF0090_00355,val,Crack,18938,0,339010,d:/current project/SIH PPts/roadsense_webapp/roadsense_webapp/Cracks-and-Potholes-in-Road-Images-Dataset-master/Cracks-and-Potholes-in-Road-Images-Dataset-master/Dataset/1083785_DF_080_080BDF0090_00355/1083785_DF_080_080BDF0090_00355_RAW.jpg
883255_RS_290_290RS150131_17005,train,Pothole,0,29923,338571,d:/current project/SIH PPts/roadsense_webapp/roadsense_webapp/Cracks-and-Potholes-in-Road-Images-Dataset-master/Cracks-and-Potholes-in-Road-Images-Dataset-master/Dataset/883255_RS_290_290RS150131_17005/883255_RS_290_290RS150131_17005_RAW.jpg
1092963_DF_251_251BDF0052_00879,val,Crack,9958,0,356393,d:/current project/SIH PPts/roadsense_webapp/roadsense_webapp/Cracks-and-Potholes-in-Road-Images-Dataset-master/Cracks-and-Potholes-in-Road-Images-Dataset-master/Dataset/1092963_DF_251_251BDF0052_00879/1092963_DF_251_251BDF0052_00879_RAW.jpg
1076609_DF_251_251BDF0530_03839,train,Crack,5894,0,343986,d:/current project/SIH PPts/roadsense_webapp/roadsense_webapp/Cracks-and-Potholes-in-Road-Images-Dataset-master/Cracks-and-Potholes-in-Road-Images-Dataset-master/Dataset/1076609_DF_251_251BDF0530_03839/1076609_DF_251_251BDF0530_03839_RAW.jpg
917279_RS_290_290RS294095_19845,train,Crack,8996,0,376900,d:/current project/SIH PPts/roadsense_webapp/roadsense_webapp/Cracks-and-Potholes-in-Road-Images-Dataset-master/Cracks-and-Potholes-in-Road-Images-Dataset-master/Dataset/917279_RS_290_290RS294095_19845/917279_RS_290_290RS294095_19845_RAW.jpg
1014792_RS_386_386RS124739_30885,val,Pothole,3220,20483,391197,d:/current project/SIH PPts/roadsense_webapp/roadsense_webapp/Cracks-and-Potholes-in-Road-Images-Dataset-master/Cracks-and-Potholes-in-Road-Images-Dataset-master/Dataset/1014792_RS_386_386RS124739_30885/1014792_RS_386_386RS124739_30885_RAW.jpg
1092662_DF_251_251BDF0052_00352,train,Crack,12256,0,357726,d:/current project/SIH PPts/roadsense_webapp/roadsense_webapp/Cracks-and-Potholes-in-Road-Images-Dataset-master/Cracks-and-Potholes-in-Road-Images-Dataset-master/Dataset/1092662_DF_251_251BDF0052_00352/1092662_DF_251_251BDF0052_00352_RAW.jpg
1014793_RS_386_386RS124739_30890,val,Pothole,4865,28948,388099,d:/current project/SIH PPts/roadsense_webapp/roadsense_webapp/Cracks-and-Potholes-in-Road-Images-Dataset-master/Cracks-and-Potholes-in-Road-Images-Dataset-master/Dataset/1014793_RS_386_386RS124739_30890/1014793_RS_386_386RS124739_30890_RAW.jpg
919374_RS_290_290RS294095_30320,train,Normal,973,0,351886,d:/current project/SIH PPts/roadsense_webapp/roadsense_webapp/Cracks-and-Potholes-in-Road-Images-Dataset-master/Cracks-and-Potholes-in-Road-Images-Dataset-master/Dataset/919374_RS_290_290RS294095_30320/919374_RS_290_290RS294095_30320_RAW.jpg
1094002_DF_251_251BDF0052_02756,val,Crack,6782,0,352785,d:/current project/SIH PPts/roadsense_webapp/roadsense_webapp/Cracks-and-Potholes-in-Road-Images-Dataset-master/Cracks-and-Potholes-in-Road-Images-Dataset-master/Dataset/1094002_DF_251_251BDF0052_02756/1094002_DF_251_251BDF0052_02756_RAW.jpg
1047047_DF_060_060BDF0030_02806,val,Pothole,0,1285,354449,d:/current project/SIH PPts/roadsense_webapp/roadsense_webapp/Cracks-and-Potholes-in-Road-Images-Dataset-master/Cracks-and-Potholes-in-Road-Images-Dataset-master/Dataset/1047047_DF_060_060BDF0030_02806/1047047_DF_060_060BDF0030_02806_RAW.jpg
1094247_DF_251_251BDF0052_03214,train,Crack,9455,0,347568,d:/current project/SIH PPts/roadsense_webapp/roadsense_webapp/Cracks-and-Potholes-in-Road-Images-Dataset-master/Cracks-and-Potholes-in-Road-Images-Dataset-master/Dataset/1094247_DF_251_251BDF0052_03214/1094247_DF_251_251BDF0052_03214_RAW.jpg
1014846_RS_386_386RS124739_31155,val,Crack,30318,0,378407,d:/current project/SIH PPts/roadsense_webapp/roadsense_webapp/Cracks-and-Potholes-in-Road-Images-Dataset-master/Cracks-and-Potholes-in-Road-Images-Dataset-master/Dataset/1014846_RS_386_386RS124739_31155/1014846_RS_386_386RS124739_31155_RAW.jpg
1092992_DF_251_251BDF0052_00931,val,Crack,13718,0,369540,d:/current project/SIH PPts/roadsense_webapp/roadsense_webapp/Cracks-and-Potholes-in-Road-Images-Dataset-master/Cracks-and-Potholes-in-Road-Images-Dataset-master/Dataset/1092992_DF_251_251BDF0052_00931/1092992_DF_251_251BDF0052_00931_RAW.jpg
918405_RS_290_290RS294095_25475,train,Crack,2258,0,344550,d:/current project/SIH PPts/roadsense_webapp/roadsense_webapp/Cracks-and-Potholes-in-Road-Images-Dataset-master/Cracks-and-Potholes-in-Road-Images-Dataset-master/Dataset/918405_RS_290_290RS294095_25475/918405_RS_290_290RS294095_25475_RAW.jpg
1092085_DF_251_251BDF0490_01475,train,Crack,6489,0,365146,d:/current project/SIH PPts/roadsense_webapp/roadsense_webapp/Cracks-and-Potholes-in-Road-Images-Dataset-master/Cracks-and-Potholes-in-Road-Images-Dataset-master/Dataset/1092085_DF_251_251BDF0490_01475/1092085_DF_251_251BDF0490_01475_RAW.jpg
917909_RS_290_290RS294095_22995,val,Crack,1668,0,364398,d:/current project/SIH PPts/roadsense_webapp/roadsense_webapp/Cracks-and-Potholes-in-Road-Images-Dataset-master/Cracks-and-Potholes-in-Road-Images-Dataset-master/Dataset/917909_RS_290_290RS294095_22995/917909_RS_290_290RS294095_22995_RAW.jpg
917238_RS_290_290RS294095_19640,val,Crack,5495,0,372007,d:/current project/SIH PPts/roadsense_webapp/roadsense_webapp/Cracks-and-Potholes-in-Road-Images-Dataset-master/Cracks-and-Potholes-in-Road-Images-Dataset-master/Dataset/917238_RS_290_290RS294095_19640/917238_RS_290_290RS294095_19640_RAW.jpg
1091932_DF_251_251BDF0490_01195,train,Normal,533,0,353839,d:/current project/SIH PPts/roadsense_webapp/roadsense_webapp/Cracks-and-Potholes-in-Road-Images-Dataset-master/Cracks-and-Potholes-in-Road-Images-Dataset-master/Dataset/1091932_DF_251_251BDF0490_01195/1091932_DF_251_251BDF0490_01195_RAW.jpg
1092994_DF_251_251BDF0052_00934,val,Crack,13589,0,366725,d:/current project/SIH PPts/roadsense_webapp/roadsense_webapp/Cracks-and-Potholes-in-Road-Images-Dataset-master/Cracks-and-Potholes-in-Road-Images-Dataset-master/Dataset/1092994_DF_251_251BDF0052_00934/1092994_DF_251_251BDF0052_00934_RAW.jpg
1051789_DF_020_020BDF0070_01722,train,Pothole,0,1292,381338,d:/current project/SIH PPts/roadsense_webapp/roadsense_webapp/Cracks-and-Potholes-in-Road-Images-Dataset-master/Cracks-and-Potholes-in-Road-Images-Dataset-master/Dataset/1051789_DF_020_020BDF0070_01722/1051789_DF_020_020BDF0070_01722_RAW.jpg
1014768_RS_386_386RS124739_30765,train,Pothole,634,8697,389013,d:/current project/SIH PPts/roadsense_webapp/roadsense_webapp/Cracks-and-Potholes-in-Road-Images-Dataset-master/Cracks-and-Potholes-in-Road-Images-Dataset-master/Dataset/1014768_RS_386_386RS124739_30765/1014768_RS_386_386RS124739_30765_RAW.jpg
941611_RS_290_290RS070691_00960,train,Pothole,0,101147,365799,d:/current project/SIH PPts/roadsense_webapp/roadsense_webapp/Cracks-and-Potholes-in-Road-Images-Dataset-master/Cracks-and-Potholes-in-Road-Images-Dataset-master/Dataset/941611_RS_290_290RS070691_00960/941611_RS_290_290RS070691_00960_RAW.jpg
1014878_RS_386_386RS124739_31315,val,Pothole,9977,33677,383635,d:/current project/SIH PPts/roadsense_webapp/roadsense_webapp/Cracks-and-Potholes-in-Road-Images-Dataset-master/Cracks-and-Potholes-in-Road-Images-Dataset-master/Dataset/1014878_RS_386_386RS124739_31315/1014878_RS_386_386RS124739_31315_RAW.jpg
919739_RS_290_290RS294095_32145,train,Crack,5855,0,362751,d:/current project/SIH PPts/roadsense_webapp/roadsense_webapp/Cracks-and-Potholes-in-Road-Images-Dataset-master/Cracks-and-Potholes-in-Road-Images-Dataset-master/Dataset/919739_RS_290_290RS294095_32145/919739_RS_290_290RS294095_32145_RAW.jpg
1014650_RS_386_386RS124739_30175,train,Crack,6278,0,364907,d:/current project/SIH PPts/roadsense_webapp/roadsense_webapp/Cracks-and-Potholes-in-Road-Images-Dataset-master/Cracks-and-Potholes-in-Road-Images-Dataset-master/Dataset/1014650_RS_386_386RS124739_30175/1014650_RS_386_386RS124739_30175_RAW.jpg
1081539_DF_080_080BDF0070_00390,train,Crack,11219,0,339127,d:/current project/SIH PPts/roadsense_webapp/roadsense_webapp/Cracks-and-Potholes-in-Road-Images-Dataset-master/Cracks-and-Potholes-in-Road-Images-Dataset-master/Dataset/1081539_DF_080_080BDF0070_00390/1081539_DF_080_080BDF0070_00390_RAW.jpg
1014759_RS_386_386RS124739_30720,train,Normal,1374,0,402068,d:/current project/SIH PPts/roadsense_webapp/roadsense_webapp/Cracks-and-Potholes-in-Road-Images-Dataset-master/Cracks-and-Potholes-in-Road-Images-Dataset-master/Dataset/1014759_RS_386_386RS124739_30720/1014759_RS_386_386RS124739_30720_RAW.jpg
1081770_DF_080_080BDF0070_00810,train,Pothole,19041,1084,342282,d:/current project/SIH PPts/roadsense_webapp/roadsense_webapp/Cracks-and-Potholes-in-Road-Images-Dataset-master/Cracks-and-Potholes-in-Road-Images-Dataset-master/Dataset/1081770_DF_080_080BDF0070_00810/1081770_DF_080_080BDF0070_00810_RAW.jpg
1091993_DF_251_251BDF0490_01306,val,Crack,5547,0,363840,d:/current project/SIH PPts/roadsense_webapp/roadsense_webapp/Cracks-and-Potholes-in-Road-Images-Dataset-master/Cracks-and-Potholes-in-Road-Images-Dataset-master/Dataset/1091993_DF_251_251BDF0490_01306/1091993_DF_251_251BDF0490_01306_RAW.jpg
766171_ES_259_259ES000000_04955,train,Normal,551,0,423581,d:/current project/SIH PPts/roadsense_webapp/roadsense_webapp/Cracks-and-Potholes-in-Road-Images-Dataset-master/Cracks-and-Potholes-in-Road-Images-Dataset-master/Dataset/766171_ES_259_259ES000000_04955/766171_ES_259_259ES000000_04955_RAW.jpg
1090864_DF_070_070BDF0050_06899,train,Crack,4012,0,406707,d:/current project/SIH PPts/roadsense_webapp/roadsense_webapp/Cracks-and-Potholes-in-Road-Images-Dataset-master/Cracks-and-Potholes-in-Road-Images-Dataset-master/Dataset/1090864_DF_070_070BDF0050_06899/1090864_DF_070_070BDF0050_06899_RAW.jpg
919144_RS_290_290RS294095_29170,train,Crack,3132,0,367127,d:/current project/SIH PPts/roadsense_webapp/roadsense_webapp/Cracks-and-Potholes-in-Road-Images-Dataset-master/Cracks-and-Potholes-in-Road-Images-Dataset-master/Dataset/919144_RS_290_290RS294095_29170/919144_RS_290_290RS294095_29170_RAW.jpg
1092858_DF_251_251BDF0052_00694,train,Crack,11256,0,370791,d:/current project/SIH PPts/roadsense_webapp/roadsense_webapp/Cracks-and-Potholes-in-Road-Images-Dataset-master/Cracks-and-Potholes-in-Road-Images-Dataset-master/Dataset/1092858_DF_251_251BDF0052_00694/1092858_DF_251_251BDF0052_00694_RAW.jpg
1025783_RS_386_386RS169832_08655,val,Pothole,1476,799,387894,d:/current project/SIH PPts/roadsense_webapp/roadsense_webapp/Cracks-and-Potholes-in-Road-Images-Dataset-master/Cracks-and-Potholes-in-Road-Images-Dataset-master/Dataset/1025783_RS_386_386RS169832_08655/1025783_RS_386_386RS169832_08655_RAW.jpg
1077340_DF_251_251BDF0530_05199,val,Crack,4803,0,334236,d:/current project/SIH PPts/roadsense_webapp/roadsense_webapp/Cracks-and-Potholes-in-Road-Images-Dataset-master/Cracks-and-Potholes-in-Road-Images-Dataset-master/Dataset/1077340_DF_251_251BDF0530_05199/1077340_DF_251_251BDF0530_05199_RAW.jpg
917186_RS_290_290RS294095_19380,train,Pothole,5269,1509,364149,d:/current project/SIH PPts/roadsense_webapp/roadsense_webapp/Cracks-and-Potholes-in-Road-Images-Dataset-master/Cracks-and-Potholes-in-Road-Images-Dataset-master/Dataset/917186_RS_290_290RS294095_19380/917186_RS_290_290RS294095_19380_RAW.jpg
1091756_DF_251_251BDF0490_00861,train,Crack,3677,0,349147,d:/current project/SIH PPts/roadsense_webapp/roadsense_webapp/Cracks-and-Potholes-in-Road-Images-Dataset-master/Cracks-and-Potholes-in-Road-Images-Dataset-master/Dataset/1091756_DF_251_251BDF0490_00861/1091756_DF_251_251BDF0490_00861_RAW.jpg
917229_RS_290_290RS294095_19595,train,Crack,8875,0,363626,d:/current project/SIH PPts/roadsense_webapp/roadsense_webapp/Cracks-and-Potholes-in-Road-Images-Dataset-master/Cracks-and-Potholes-in-Road-Images-Dataset-master/Dataset/917229_RS_290_290RS294095_19595/917229_RS_290_290RS294095_19595_RAW.jpg
1014692_RS_386_386RS124739_30385,train,Crack,4299,0,389314,d:/current project/SIH PPts/roadsense_webapp/roadsense_webapp/Cracks-and-Potholes-in-Road-Images-Dataset-master/Cracks-and-Potholes-in-Road-Images-Dataset-master/Dataset/1014692_RS_386_386RS124739_30385/1014692_RS_386_386RS124739_30385_RAW.jpg
919777_RS_290_290RS294095_32335,train,Crack,7808,0,360819,d:/current project/SIH PPts/roadsense_webapp/roadsense_webapp/Cracks-and-Potholes-in-Road-Images-Dataset-master/Cracks-and-Potholes-in-Road-Images-Dataset-master/Dataset/919777_RS_290_290RS294095_32335/919777_RS_290_290RS294095_32335_RAW.jpg
1007600_RS_386_386RS289112_28925,val,Normal,1257,0,362462,d:/current project/SIH PPts/roadsense_webapp/roadsense_webapp/Cracks-and-Potholes-in-Road-Images-Dataset-master/Cracks-and-Potholes-in-Road-Images-Dataset-master/Dataset/1007600_RS_386_386RS289112_28925/1007600_RS_386_386RS289112_28925_RAW.jpg
1091773_DF_251_251BDF0490_00892,val,Normal,628,0,358018,d:/current project/SIH PPts/roadsense_webapp/roadsense_webapp/Cracks-and-Potholes-in-Road-Images-Dataset-master/Cracks-and-Potholes-in-Road-Images-Dataset-master/Dataset/1091773_DF_251_251BDF0490_00892/1091773_DF_251_251BDF0490_00892_RAW.jpg
1052120_DF_020_020BDF0070_02437,val,Crack,2482,0,352482,d:/current project/SIH PPts/roadsense_webapp/roadsense_webapp/Cracks-and-Potholes-in-Road-Images-Dataset-master/Cracks-and-Potholes-in-Road-Images-Dataset-master/Dataset/1052120_DF_020_020BDF0070_02437/1052120_DF_020_020BDF0070_02437_RAW.jpg
1025821_RS_386_386RS169832_08845,train,Pothole,1832,7832,414539,d:/current project/SIH PPts/roadsense_webapp/roadsense_webapp/Cracks-and-Potholes-in-Road-Images-Dataset-master/Cracks-and-Potholes-in-Road-Images-Dataset-master/Dataset/1025821_RS_386_386RS169832_08845/1025821_RS_386_386RS169832_08845_RAW.jpg
1014858_RS_386_386RS124739_31215,train,Crack,26532,0,382444,d:/current project/SIH PPts/roadsense_webapp/roadsense_webapp/Cracks-and-Potholes-in-Road-Images-Dataset-master/Cracks-and-Potholes-in-Road-Images-Dataset-master/Dataset/1014858_RS_386_386RS124739_31215/1014858_RS_386_386RS124739_31215_RAW.jpg
765236_ES_259_259ES000000_00280,val,Crack,2676,0,404210,d:/current project/SIH PPts/roadsense_webapp/roadsense_webapp/Cracks-and-Potholes-in-Road-Images-Dataset-master/Cracks-and-Potholes-in-Road-Images-Dataset-master/Dataset/765236_ES_259_259ES000000_00280/765236_ES_259_259ES000000_00280_RAW.jpg
883207_RS_290_290RS150131_16765,val,Pothole,0,2592,362600,d:/current project/SIH PPts/roadsense_webapp/roadsense_webapp/Cracks-and-Potholes-in-Road-Images-Dataset-master/Cracks-and-Potholes-in-Road-Images-Dataset-master/Dataset/883207_RS_290_290RS150131_16765/883207_RS_290_290RS150131_16765_RAW.jpg
1025884_RS_386_386RS169832_09160,val,Crack,10901,0,399423,d:/current project/SIH PPts/roadsense_webapp/roadsense_webapp/Cracks-and-Potholes-in-Road-Images-Dataset-master/Cracks-and-Potholes-in-Road-Images-Dataset-master/Dataset/1025884_RS_386_386RS169832_09160/1025884_RS_386_386RS169832_09160_RAW.jpg
1092073_DF_251_251BDF0490_01454,train,Crack,6634,0,368848,d:/current project/SIH PPts/roadsense_webapp/roadsense_webapp/Cracks-and-Potholes-in-Road-Images-Dataset-master/Cracks-and-Potholes-in-Road-Images-Dataset-master/Dataset/1092073_DF_251_251BDF0490_01454/1092073_DF_251_251BDF0490_01454_RAW.jpg
917442_RS_290_290RS294095_20660,val,Crack,4190,0,362873,d:/current project/SIH PPts/roadsense_webapp/roadsense_webapp/Cracks-and-Potholes-in-Road-Images-Dataset-master/Cracks-and-Potholes-in-Road-Images-Dataset-master/Dataset/917442_RS_290_290RS294095_20660/917442_RS_290_290RS294095_20660_RAW.jpg
916134_RS_290_290RS294095_14120,train,Normal,284,0,348016,d:/current project/SIH PPts/roadsense_webapp/roadsense_webapp/Cracks-and-Potholes-in-Road-Images-Dataset-master/Cracks-and-Potholes-in-Road-Images-Dataset-master/Dataset/916134_RS_290_290RS294095_14120/916134_RS_290_290RS294095_14120_RAW.jpg
1081729_DF_080_080BDF0070_00733,train,Crack,8913,0,337837,d:/current project/SIH PPts/roadsense_webapp/roadsense_webapp/Cracks-and-Potholes-in-Road-Images-Dataset-master/Cracks-and-Potholes-in-Road-Images-Dataset-master/Dataset/1081729_DF_080_080BDF0070_00733/1081729_DF_080_080BDF0070_00733_RAW.jpg
1055614_DF_020_020BDF0070_09283,train,Pothole,0,601,370284,d:/current project/SIH PPts/roadsense_webapp/roadsense_webapp/Cracks-and-Potholes-in-Road-Images-Dataset-master/Cracks-and-Potholes-in-Road-Images-Dataset-master/Dataset/1055614_DF_020_020BDF0070_09283/1055614_DF_020_020BDF0070_09283_RAW.jpg
1094047_DF_251_251BDF0052_02839,train,Pothole,0,20572,346978,d:/current project/SIH PPts/roadsense_webapp/roadsense_webapp/Cracks-and-Potholes-in-Road-Images-Dataset-master/Cracks-and-Potholes-in-Road-Images-Dataset-master/Dataset/1094047_DF_251_251BDF0052_02839/1094047_DF_251_251BDF0052_02839_RAW.jpg
916646_RS_290_290RS294095_16680,val,Crack,3388,0,350833,d:/current project/SIH PPts/roadsense_webapp/roadsense_webapp/Cracks-and-Potholes-in-Road-Images-Dataset-master/Cracks-and-Potholes-in-Road-Images-Dataset-master/Dataset/916646_RS_290_290RS294095_16680/916646_RS_290_290RS294095_16680_RAW.jpg
919287_RS_290_290RS294095_29885,train,Crack,1785,0,349415,d:/current project/SIH PPts/roadsense_webapp/roadsense_webapp/Cracks-and-Potholes-in-Road-Images-Dataset-master/Cracks-and-Potholes-in-Road-Images-Dataset-master/Dataset/919287_RS_290_290RS294095_29885/919287_RS_290_290RS294095_29885_RAW.jpg
1090172_DF_070_070BDF0050_05625,train,Pothole,0,5396,347500,d:/current project/SIH PPts/roadsense_webapp/roadsense_webapp/Cracks-and-Potholes-in-Road-Images-Dataset-master/Cracks-and-Potholes-in-Road-Images-Dataset-master/Dataset/1090172_DF_070_070BDF0050_05625/1090172_DF_070_070BDF0050_05625_RAW.jpg
1091617_DF_251_251BDF0490_00597,train,Crack,2989,0,356136,d:/current project/SIH PPts/roadsense_webapp/roadsense_webapp/Cracks-and-Potholes-in-Road-Images-Dataset-master/Cracks-and-Potholes-in-Road-Images-Dataset-master/Dataset/1091617_DF_251_251BDF0490_00597/1091617_DF_251_251BDF0490_00597_RAW.jpg
994081_RS_386_386RS191729_07170,train,Crack,6259,0,362909,d:/current project/SIH PPts/roadsense_webapp/roadsense_webapp/Cracks-and-Potholes-in-Road-Images-Dataset-master/Cracks-and-Potholes-in-Road-Images-Dataset-master/Dataset/994081_RS_386_386RS191729_07170/994081_RS_386_386RS191729_07170_RAW.jpg
915985_RS_290_290RS294095_13376,train,Crack,1747,0,359540,d:/current project/SIH PPts/roadsense_webapp/roadsense_webapp/Cracks-and-Potholes-in-Road-Images-Dataset-master/Cracks-and-Potholes-in-Road-Images-Dataset-master/Dataset/915985_RS_290_290RS294095_13376/915985_RS_290_290RS294095_13376_RAW.jpg
915944_RS_290_290RS294095_13170,train,Normal,1481,0,360431,d:/current project/SIH PPts/roadsense_webapp/roadsense_webapp/Cracks-and-Potholes-in-Road-Images-Dataset-master/Cracks-and-Potholes-in-Road-Images-Dataset-master/Dataset/915944_RS_290_290RS294095_13170/915944_RS_290_290RS294095_13170_RAW.jpg
1014744_RS_386_386RS124739_30645,train,Crack,2144,0,389109,d:/current project/SIH PPts/roadsense_webapp/roadsense_webapp/Cracks-and-Potholes-in-Road-Images-Dataset-master/Cracks-and-Potholes-in-Road-Images-Dataset-master/Dataset/1014744_RS_386_386RS124739_30645/1014744_RS_386_386RS124739_30645_RAW.jpg
917234_RS_290_290RS294095_19620,train,Crack,15803,0,363288,d:/current project/SIH PPts/roadsense_webapp/roadsense_webapp/Cracks-and-Potholes-in-Road-Images-Dataset-master/Cracks-and-Potholes-in-Road-Images-Dataset-master/Dataset/917234_RS_290_290RS294095_19620/917234_RS_290_290RS294095_19620_RAW.jpg
1092756_DF_251_251BDF0052_00516,train,Crack,10771,0,343868,d:/current project/SIH PPts/roadsense_webapp/roadsense_webapp/Cracks-and-Potholes-in-Road-Images-Dataset-master/Cracks-and-Potholes-in-Road-Images-Dataset-master/Dataset/1092756_DF_251_251BDF0052_00516/1092756_DF_251_251BDF0052_00516_RAW.jpg
916994_RS_290_290RS294095_18420,val,Pothole,0,1558,341661,d:/current project/SIH PPts/roadsense_webapp/roadsense_webapp/Cracks-and-Potholes-in-Road-Images-Dataset-master/Cracks-and-Potholes-in-Road-Images-Dataset-master/Dataset/916994_RS_290_290RS294095_18420/916994_RS_290_290RS294095_18420_RAW.jpg
1093016_DF_251_251BDF0052_00973,train,Crack,10812,0,360752,d:/current project/SIH PPts/roadsense_webapp/roadsense_webapp/Cracks-and-Potholes-in-Road-Images-Dataset-master/Cracks-and-Potholes-in-Road-Images-Dataset-master/Dataset/1093016_DF_251_251BDF0052_00973/1093016_DF_251_251BDF0052_00973_RAW.jpg
917239_RS_290_290RS294095_19646,train,Crack,5122,0,365711,d:/current project/SIH PPts/roadsense_webapp/roadsense_webapp/Cracks-and-Potholes-in-Road-Images-Dataset-master/Cracks-and-Potholes-in-Road-Images-Dataset-master/Dataset/917239_RS_290_290RS294095_19646/917239_RS_290_290RS294095_19646_RAW.jpg
1014642_RS_386_386RS124739_30135,train,Crack,16179,0,389524,d:/current project/SIH PPts/roadsense_webapp/roadsense_webapp/Cracks-and-Potholes-in-Road-Images-Dataset-master/Cracks-and-Potholes-in-Road-Images-Dataset-master/Dataset/1014642_RS_386_386RS124739_30135/1014642_RS_386_386RS124739_30135_RAW.jpg
1092851_DF_251_251BDF0052_00681,train,Crack,23941,0,366778,d:/current project/SIH PPts/roadsense_webapp/roadsense_webapp/Cracks-and-Potholes-in-Road-Images-Dataset-master/Cracks-and-Potholes-in-Road-Images-Dataset-master/Dataset/1092851_DF_251_251BDF0052_00681/1092851_DF_251_251BDF0052_00681_RAW.jpg
1092886_DF_251_251BDF0052_00743,train,Crack,5620,0,366400,d:/current project/SIH PPts/roadsense_webapp/roadsense_webapp/Cracks-and-Potholes-in-Road-Images-Dataset-master/Cracks-and-Potholes-in-Road-Images-Dataset-master/Dataset/1092886_DF_251_251BDF0052_00743/1092886_DF_251_251BDF0052_00743_RAW.jpg
917130_RS_290_290RS294095_19100,train,Crack,7802,0,354607,d:/current project/SIH PPts/roadsense_webapp/roadsense_webapp/Cracks-and-Potholes-in-Road-Images-Dataset-master/Cracks-and-Potholes-in-Road-Images-Dataset-master/Dataset/917130_RS_290_290RS294095_19100/917130_RS_290_290RS294095_19100_RAW.jpg
917250_RS_290_290RS294095_19700,train,Crack,29437,0,368689,d:/current project/SIH PPts/roadsense_webapp/roadsense_webapp/Cracks-and-Potholes-in-Road-Images-Dataset-master/Cracks-and-Potholes-in-Road-Images-Dataset-master/Dataset/917250_RS_290_290RS294095_19700/917250_RS_290_290RS294095_19700_RAW.jpg
1094912_DF_251_251BDF0052_04497,train,Crack,5505,0,360746,d:/current project/SIH PPts/roadsense_webapp/roadsense_webapp/Cracks-and-Potholes-in-Road-Images-Dataset-master/Cracks-and-Potholes-in-Road-Images-Dataset-master/Dataset/1094912_DF_251_251BDF0052_04497/1094912_DF_251_251BDF0052_04497_RAW.jpg
1025880_RS_386_386RS169832_09140,val,Crack,12676,0,407330,d:/current project/SIH PPts/roadsense_webapp/roadsense_webapp/Cracks-and-Potholes-in-Road-Images-Dataset-master/Cracks-and-Potholes-in-Road-Images-Dataset-master/Dataset/1025880_RS_386_386RS169832_09140/1025880_RS_386_386RS169832_09140_RAW.jpg
1082916_DF_080_080BDF0070_03088,train,Crack,4485,0,364653,d:/current project/SIH PPts/roadsense_webapp/roadsense_webapp/Cracks-and-Potholes-in-Road-Images-Dataset-master/Cracks-and-Potholes-in-Road-Images-Dataset-master/Dataset/1082916_DF_080_080BDF0070_03088/1082916_DF_080_080BDF0070_03088_RAW.jpg
765439_ES_259_259ES000000_01295,val,Normal,1263,0,406217,d:/current project/SIH PPts/roadsense_webapp/roadsense_webapp/Cracks-and-Potholes-in-Road-Images-Dataset-master/Cracks-and-Potholes-in-Road-Images-Dataset-master/Dataset/765439_ES_259_259ES000000_01295/765439_ES_259_259ES000000_01295_RAW.jpg
773854_ES_259_259ES000000_43370,train,Pothole,0,27827,426327,d:/current project/SIH PPts/roadsense_webapp/roadsense_webapp/Cracks-and-Potholes-in-Road-Images-Dataset-master/Cracks-and-Potholes-in-Road-Images-Dataset-master/Dataset/773854_ES_259_259ES000000_43370/773854_ES_259_259ES000000_43370_RAW.jpg
919722_RS_290_290RS294095_32060,train,Crack,12887,0,364740,d:/current project/SIH PPts/roadsense_webapp/roadsense_webapp/Cracks-and-Potholes-in-Road-Images-Dataset-master/Cracks-and-Potholes-in-Road-Images-Dataset-master/Dataset/919722_RS_290_290RS294095_32060/919722_RS_290_290RS294095_32060_RAW.jpg
919488_RS_290_290RS294095_30891,val,Pothole,443,3644,348190,d:/current project/SIH PPts/roadsense_webapp/roadsense_webapp/Cracks-and-Potholes-in-Road-Images-Dataset-master/Cracks-and-Potholes-in-Road-Images-Dataset-master/Dataset/919488_RS_290_290RS294095_30891/919488_RS_290_290RS294095_30891_RAW.jpg
1093982_DF_251_251BDF0052_02720,train,Normal,228,0,349330,d:/current project/SIH PPts/roadsense_webapp/roadsense_webapp/Cracks-and-Potholes-in-Road-Images-Dataset-master/Cracks-and-Potholes-in-Road-Images-Dataset-master/Dataset/1093982_DF_251_251BDF0052_02720/1093982_DF_251_251BDF0052_02720_RAW.jpg
917223_RS_290_290RS294095_19565,train,Crack,4188,0,365071,d:/current project/SIH PPts/roadsense_webapp/roadsense_webapp/Cracks-and-Potholes-in-Road-Images-Dataset-master/Cracks-and-Potholes-in-Road-Images-Dataset-master/Dataset/917223_RS_290_290RS294095_19565/917223_RS_290_290RS294095_19565_RAW.jpg
1092902_DF_251_251BDF0052_00771,train,Crack,4415,0,356339,d:/current project/SIH PPts/roadsense_webapp/roadsense_webapp/Cracks-and-Potholes-in-Road-Images-Dataset-master/Cracks-and-Potholes-in-Road-Images-Dataset-master/Dataset/1092902_DF_251_251BDF0052_00771/1092902_DF_251_251BDF0052_00771_RAW.jpg
1025799_RS_386_386RS169832_08735,train,Pothole,10966,532,401228,d:/current project/SIH PPts/roadsense_webapp/roadsense_webapp/Cracks-and-Potholes-in-Road-Images-Dataset-master/Cracks-and-Potholes-in-Road-Images-Dataset-master/Dataset/1025799_RS_386_386RS169832_08735/1025799_RS_386_386RS169832_08735_RAW.jpg
917116_RS_290_290RS294095_19030,train,Pothole,9757,6012,360338,d:/current project/SIH PPts/roadsense_webapp/roadsense_webapp/Cracks-and-Potholes-in-Road-Images-Dataset-master/Cracks-and-Potholes-in-Road-Images-Dataset-master/Dataset/917116_RS_290_290RS294095_19030/917116_RS_290_290RS294095_19030_RAW.jpg
1093729_DF_251_251BDF0052_02261,train,Pothole,1277,1460,352999,d:/current project/SIH PPts/roadsense_webapp/roadsense_webapp/Cracks-and-Potholes-in-Road-Images-Dataset-master/Cracks-and-Potholes-in-Road-Images-Dataset-master/Dataset/1093729_DF_251_251BDF0052_02261/1093729_DF_251_251BDF0052_02261_RAW.jpg
1014892_RS_386_386RS124739_31385,train,Crack,13372,0,369840,d:/current project/SIH PPts/roadsense_webapp/roadsense_webapp/Cracks-and-Potholes-in-Road-Images-Dataset-master/Cracks-and-Potholes-in-Road-Images-Dataset-master/Dataset/1014892_RS_386_386RS124739_31385/1014892_RS_386_386RS124739_31385_RAW.jpg
919356_RS_290_290RS294095_30230,train,Crack,3086,0,344236,d:/current project/SIH PPts/roadsense_webapp/roadsense_webapp/Cracks-and-Potholes-in-Road-Images-Dataset-master/Cracks-and-Potholes-in-Road-Images-Dataset-master/Dataset/919356_RS_290_290RS294095_30230/919356_RS_290_290RS294095_30230_RAW.jpg
1025787_RS_386_386RS169832_08675,train,Crack,10767,0,392384,d:/current project/SIH PPts/roadsense_webapp/roadsense_webapp/Cracks-and-Potholes-in-Road-Images-Dataset-master/Cracks-and-Potholes-in-Road-Images-Dataset-master/Dataset/1025787_RS_386_386RS169832_08675/1025787_RS_386_386RS169832_08675_RAW.jpg
1045857_DF_060_060BDF0030_00613,train,Pothole,0,601,370705,d:/current project/SIH PPts/roadsense_webapp/roadsense_webapp/Cracks-and-Potholes-in-Road-Images-Dataset-master/Cracks-and-Potholes-in-Road-Images-Dataset-master/Dataset/1045857_DF_060_060BDF0030_00613/1045857_DF_060_060BDF0030_00613_RAW.jpg
917105_RS_290_290RS294095_18975,val,Crack,6185,0,359983,d:/current project/SIH PPts/roadsense_webapp/roadsense_webapp/Cracks-and-Potholes-in-Road-Images-Dataset-master/Cracks-and-Potholes-in-Road-Images-Dataset-master/Dataset/917105_RS_290_290RS294095_18975/917105_RS_290_290RS294095_18975_RAW.jpg
919779_RS_290_290RS294095_32345,train,Crack,12287,0,355464,d:/current project/SIH PPts/roadsense_webapp/roadsense_webapp/Cracks-and-Potholes-in-Road-Images-Dataset-master/Cracks-and-Potholes-in-Road-Images-Dataset-master/Dataset/919779_RS_290_290RS294095_32345/919779_RS_290_290RS294095_32345_RAW.jpg
917568_RS_290_290RS294095_21290,val,Crack,10801,0,349539,d:/current project/SIH PPts/roadsense_webapp/roadsense_webapp/Cracks-and-Potholes-in-Road-Images-Dataset-master/Cracks-and-Potholes-in-Road-Images-Dataset-master/Dataset/917568_RS_290_290RS294095_21290/917568_RS_290_290RS294095_21290_RAW.jpg
1091613_DF_251_251BDF0490_00590,val,Crack,4440,0,361290,d:/current project/SIH PPts/roadsense_webapp/roadsense_webapp/Cracks-and-Potholes-in-Road-Images-Dataset-master/Cracks-and-Potholes-in-Road-Images-Dataset-master/Dataset/1091613_DF_251_251BDF0490_00590/1091613_DF_251_251BDF0490_00590_RAW.jpg
917156_RS_290_290RS294095_19230,train,Crack,4756,0,369311,d:/current project/SIH PPts/roadsense_webapp/roadsense_webapp/Cracks-and-Potholes-in-Road-Images-Dataset-master/Cracks-and-Potholes-in-Road-Images-Dataset-master/Dataset/917156_RS_290_290RS294095_19230/917156_RS_290_290RS294095_19230_RAW.jpg
1093022_DF_251_251BDF0052_00984,train,Crack,55689,0,366035,d:/current project/SIH PPts/roadsense_webapp/roadsense_webapp/Cracks-and-Potholes-in-Road-Images-Dataset-master/Cracks-and-Potholes-in-Road-Images-Dataset-master/Dataset/1093022_DF_251_251BDF0052_00984/1093022_DF_251_251BDF0052_00984_RAW.jpg
1077204_DF_251_251BDF0530_04946,train,Crack,1650,0,341897,d:/current project/SIH PPts/roadsense_webapp/roadsense_webapp/Cracks-and-Potholes-in-Road-Images-Dataset-master/Cracks-and-Potholes-in-Road-Images-Dataset-master/Dataset/1077204_DF_251_251BDF0530_04946/1077204_DF_251_251BDF0530_04946_RAW.jpg
1092555_DF_251_251BDF0052_00169,train,Crack,7188,0,360536,d:/current project/SIH PPts/roadsense_webapp/roadsense_webapp/Cracks-and-Potholes-in-Road-Images-Dataset-master/Cracks-and-Potholes-in-Road-Images-Dataset-master/Dataset/1092555_DF_251_251BDF0052_00169/1092555_DF_251_251BDF0052_00169_RAW.jpg
917259_RS_290_290RS294095_19745,train,Crack,13359,0,378866,d:/current project/SIH PPts/roadsense_webapp/roadsense_webapp/Cracks-and-Potholes-in-Road-Images-Dataset-master/Cracks-and-Potholes-in-Road-Images-Dataset-master/Dataset/917259_RS_290_290RS294095_19745/917259_RS_290_290RS294095_19745_RAW.jpg
917242_RS_290_290RS294095_19660,train,Crack,8307,0,364627,d:/current project/SIH PPts/roadsense_webapp/roadsense_webapp/Cracks-and-Potholes-in-Road-Images-Dataset-master/Cracks-and-Potholes-in-Road-Images-Dataset-master/Dataset/917242_RS_290_290RS294095_19660/917242_RS_290_290RS294095_19660_RAW.jpg
1084455_DF_080_080BDF0090_01696,train,Crack,6200,0,334896,d:/current project/SIH PPts/roadsense_webapp/roadsense_webapp/Cracks-and-Potholes-in-Road-Images-Dataset-master/Cracks-and-Potholes-in-Road-Images-Dataset-master/Dataset/1084455_DF_080_080BDF0090_01696/1084455_DF_080_080BDF0090_01696_RAW.jpg
883238_RS_290_290RS150131_16920,val,Pothole,0,13830,345309,d:/current project/SIH PPts/roadsense_webapp/roadsense_webapp/Cracks-and-Potholes-in-Road-Images-Dataset-master/Cracks-and-Potholes-in-Road-Images-Dataset-master/Dataset/883238_RS_290_290RS150131_16920/883238_RS_290_290RS150131_16920_RAW.jpg
1046852_DF_060_060BDF0030_02444,train,Crack,3464,0,367011,d:/current project/SIH PPts/roadsense_webapp/roadsense_webapp/Cracks-and-Potholes-in-Road-Images-Dataset-master/Cracks-and-Potholes-in-Road-Images-Dataset-master/Dataset/1046852_DF_060_060BDF0030_02444/1046852_DF_060_060BDF0030_02444_RAW.jpg
941908_RS_290_290RS070691_02446,train,Pothole,0,767,354744,d:/current project/SIH PPts/roadsense_webapp/roadsense_webapp/Cracks-and-Potholes-in-Road-Images-Dataset-master/Cracks-and-Potholes-in-Road-Images-Dataset-master/Dataset/941908_RS_290_290RS070691_02446/941908_RS_290_290RS070691_02446_RAW.jpg
1014723_RS_386_386RS124739_30540,train,Pothole,0,20105,375750,d:/current project/SIH PPts/roadsense_webapp/roadsense_webapp/Cracks-and-Potholes-in-Road-Images-Dataset-master/Cracks-and-Potholes-in-Road-Images-Dataset-master/Dataset/1014723_RS_386_386RS124739_30540/1014723_RS_386_386RS124739_30540_RAW.jpg
1092758_DF_251_251BDF0052_00520,val,Crack,8125,0,343838,d:/current project/SIH PPts/roadsense_webapp/roadsense_webapp/Cracks-and-Potholes-in-Road-Images-Dataset-master/Cracks-and-Potholes-in-Road-Images-Dataset-master/Dataset/1092758_DF_251_251BDF0052_00520/1092758_DF_251_251BDF0052_00520_RAW.jpg
1014697_RS_386_386RS124739_30410,train,Crack,7149,0,381550,d:/current project/SIH PPts/roadsense_webapp/roadsense_webapp/Cracks-and-Potholes-in-Road-Images-Dataset-master/Cracks-and-Potholes-in-Road-Images-Dataset-master/Dataset/1014697_RS_386_386RS124739_30410/1014697_RS_386_386RS124739_30410_RAW.jpg
917091_RS_290_290RS294095_18905,train,Crack,2472,0,362337,d:/current project/SIH PPts/roadsense_webapp/roadsense_webapp/Cracks-and-Potholes-in-Road-Images-Dataset-master/Cracks-and-Potholes-in-Road-Images-Dataset-master/Dataset/917091_RS_290_290RS294095_18905/917091_RS_290_290RS294095_18905_RAW.jpg
942026_RS_290_290RS070691_03035,train,Pothole,0,2144,354377,d:/current project/SIH PPts/roadsense_webapp/roadsense_webapp/Cracks-and-Potholes-in-Road-Images-Dataset-master/Cracks-and-Potholes-in-Road-Images-Dataset-master/Dataset/942026_RS_290_290RS070691_03035/942026_RS_290_290RS070691_03035_RAW.jpg
1014783_RS_386_386RS124739_30840,val,Crack,13214,0,392139,d:/current project/SIH PPts/roadsense_webapp/roadsense_webapp/Cracks-and-Potholes-in-Road-Images-Dataset-master/Cracks-and-Potholes-in-Road-Images-Dataset-master/Dataset/1014783_RS_386_386RS124739_30840/1014783_RS_386_386RS124739_30840_RAW.jpg
1092550_DF_251_251BDF0052_00160,train,Crack,8797,0,360224,d:/current project/SIH PPts/roadsense_webapp/roadsense_webapp/Cracks-and-Potholes-in-Road-Images-Dataset-master/Cracks-and-Potholes-in-Road-Images-Dataset-master/Dataset/1092550_DF_251_251BDF0052_00160/1092550_DF_251_251BDF0052_00160_RAW.jpg
1081516_DF_080_080BDF0070_00346,train,Crack,9139,0,343241,d:/current project/SIH PPts/roadsense_webapp/roadsense_webapp/Cracks-and-Potholes-in-Road-Images-Dataset-master/Cracks-and-Potholes-in-Road-Images-Dataset-master/Dataset/1081516_DF_080_080BDF0070_00346/1081516_DF_080_080BDF0070_00346_RAW.jpg
1014881_RS_386_386RS124739_31330,train,Crack,10441,0,385716,d:/current project/SIH PPts/roadsense_webapp/roadsense_webapp/Cracks-and-Potholes-in-Road-Images-Dataset-master/Cracks-and-Potholes-in-Road-Images-Dataset-master/Dataset/1014881_RS_386_386RS124739_31330/1014881_RS_386_386RS124739_31330_RAW.jpg
918236_RS_290_290RS294095_24630,train,Crack,4182,0,353089,d:/current project/SIH PPts/roadsense_webapp/roadsense_webapp/Cracks-and-Potholes-in-Road-Images-Dataset-master/Cracks-and-Potholes-in-Road-Images-Dataset-master/Dataset/918236_RS_290_290RS294095_24630/918236_RS_290_290RS294095_24630_RAW.jpg
994161_RS_386_386RS191729_07570,val,Crack,1543,0,378271,d:/current project/SIH PPts/roadsense_webapp/roadsense_webapp/Cracks-and-Potholes-in-Road-Images-Dataset-master/Cracks-and-Potholes-in-Road-Images-Dataset-master/Dataset/994161_RS_386_386RS191729_07570/994161_RS_386_386RS191729_07570_RAW.jpg
1077339_DF_251_251BDF0530_05197,val,Crack,4212,0,336338,d:/current project/SIH PPts/roadsense_webapp/roadsense_webapp/Cracks-and-Potholes-in-Road-Images-Dataset-master/Cracks-and-Potholes-in-Road-Images-Dataset-master/Dataset/1077339_DF_251_251BDF0530_05197/1077339_DF_251_251BDF0530_05197_RAW.jpg
1055542_DF_020_020BDF0070_09147,train,Pothole,0,9626,390948,d:/current project/SIH PPts/roadsense_webapp/roadsense_webapp/Cracks-and-Potholes-in-Road-Images-Dataset-master/Cracks-and-Potholes-in-Road-Images-Dataset-master/Dataset/1055542_DF_020_020BDF0070_09147/1055542_DF_020_020BDF0070_09147_RAW.jpg
1054936_DF_020_020BDF0070_08017,val,Pothole,6412,1375,386563,d:/current project/SIH PPts/roadsense_webapp/roadsense_webapp/Cracks-and-Potholes-in-Road-Images-Dataset-master/Cracks-and-Potholes-in-Road-Images-Dataset-master/Dataset/1054936_DF_020_020BDF0070_08017/1054936_DF_020_020BDF0070_08017_RAW.jpg
1077523_DF_251_251BDF0530_05543,train,Pothole,0,2547,359181,d:/current project/SIH PPts/roadsense_webapp/roadsense_webapp/Cracks-and-Potholes-in-Road-Images-Dataset-master/Cracks-and-Potholes-in-Road-Images-Dataset-master/Dataset/1077523_DF_251_251BDF0530_05543/1077523_DF_251_251BDF0530_05543_RAW.jpg
917416_RS_290_290RS294095_20530,train,Crack,8470,0,350670,d:/current project/SIH PPts/roadsense_webapp/roadsense_webapp/Cracks-and-Potholes-in-Road-Images-Dataset-master/Cracks-and-Potholes-in-Road-Images-Dataset-master/Dataset/917416_RS_290_290RS294095_20530/917416_RS_290_290RS294095_20530_RAW.jpg
918042_RS_290_290RS294095_23660,train,Pothole,0,2580,354252,d:/current project/SIH PPts/roadsense_webapp/roadsense_webapp/Cracks-and-Potholes-in-Road-Images-Dataset-master/Cracks-and-Potholes-in-Road-Images-Dataset-master/Dataset/918042_RS_290_290RS294095_23660/918042_RS_290_290RS294095_23660_RAW.jpg
1085429_DF_080_080BDF0090_03601,train,Crack,7313,0,357776,d:/current project/SIH PPts/roadsense_webapp/roadsense_webapp/Cracks-and-Potholes-in-Road-Images-Dataset-master/Cracks-and-Potholes-in-Road-Images-Dataset-master/Dataset/1085429_DF_080_080BDF0090_03601/1085429_DF_080_080BDF0090_03601_RAW.jpg
915968_RS_290_290RS294095_13290,val,Normal,1047,0,360633,d:/current project/SIH PPts/roadsense_webapp/roadsense_webapp/Cracks-and-Potholes-in-Road-Images-Dataset-master/Cracks-and-Potholes-in-Road-Images-Dataset-master/Dataset/915968_RS_290_290RS294095_13290/915968_RS_290_290RS294095_13290_RAW.jpg
1007599_RS_386_386RS289112_28920,train,Normal,464,0,363108,d:/current project/SIH PPts/roadsense_webapp/roadsense_webapp/Cracks-and-Potholes-in-Road-Images-Dataset-master/Cracks-and-Potholes-in-Road-Images-Dataset-master/Dataset/1007599_RS_386_386RS289112_28920/1007599_RS_386_386RS289112_28920_RAW.jpg
919770_RS_290_290RS294095_32300,train,Crack,10428,0,371099,d:/current project/SIH PPts/roadsense_webapp/roadsense_webapp/Cracks-and-Potholes-in-Road-Images-Dataset-master/Cracks-and-Potholes-in-Road-Images-Dataset-master/Dataset/919770_RS_290_290RS294095_32300/919770_RS_290_290RS294095_32300_RAW.jpg
1094290_DF_251_251BDF0052_03295,train,Crack,2579,0,364404,d:/current project/SIH PPts/roadsense_webapp/roadsense_webapp/Cracks-and-Potholes-in-Road-Images-Dataset-master/Cracks-and-Potholes-in-Road-Images-Dataset-master/Dataset/1094290_DF_251_251BDF0052_03295/1094290_DF_251_251BDF0052_03295_RAW.jpg
1092774_DF_251_251BDF0052_00546,train,Normal,632,0,342815,d:/current project/SIH PPts/roadsense_webapp/roadsense_webapp/Cracks-and-Potholes-in-Road-Images-Dataset-master/Cracks-and-Potholes-in-Road-Images-Dataset-master/Dataset/1092774_DF_251_251BDF0052_00546/1092774_DF_251_251BDF0052_00546_RAW.jpg
1077207_DF_251_251BDF0530_04952,train,Crack,1923,0,337177,d:/current project/SIH PPts/roadsense_webapp/roadsense_webapp/Cracks-and-Potholes-in-Road-Images-Dataset-master/Cracks-and-Potholes-in-Road-Images-Dataset-master/Dataset/1077207_DF_251_251BDF0530_04952/1077207_DF_251_251BDF0530_04952_RAW.jpg
915947_RS_290_290RS294095_13185,train,Crack,2020,0,360572,d:/current project/SIH PPts/roadsense_webapp/roadsense_webapp/Cracks-and-Potholes-in-Road-Images-Dataset-master/Cracks-and-Potholes-in-Road-Images-Dataset-master/Dataset/915947_RS_290_290RS294095_13185/915947_RS_290_290RS294095_13185_RAW.jpg
1053803_DF_020_020BDF0070_05929,train,Pothole,9404,4236,381110,d:/current project/SIH PPts/roadsense_webapp/roadsense_webapp/Cracks-and-Potholes-in-Road-Images-Dataset-master/Cracks-and-Potholes-in-Road-Images-Dataset-master/Dataset/1053803_DF_020_020BDF0070_05929/1053803_DF_020_020BDF0070_05929_RAW.jpg
1014753_RS_386_386RS124739_30690,train,Crack,16135,0,388182,d:/current project/SIH PPts/roadsense_webapp/roadsense_webapp/Cracks-and-Potholes-in-Road-Images-Dataset-master/Cracks-and-Potholes-in-Road-Images-Dataset-master/Dataset/1014753_RS_386_386RS124739_30690/1014753_RS_386_386RS124739_30690_RAW.jpg
1091725_DF_251_251BDF0490_00801,val,Crack,6269,0,352039,d:/current project/SIH PPts/roadsense_webapp/roadsense_webapp/Cracks-and-Potholes-in-Road-Images-Dataset-master/Cracks-and-Potholes-in-Road-Images-Dataset-master/Dataset/1091725_DF_251_251BDF0490_00801/1091725_DF_251_251BDF0490_00801_RAW.jpg
1091945_DF_251_251BDF0490_01219,train,Crack,3514,0,361278,d:/current project/SIH PPts/roadsense_webapp/roadsense_webapp/Cracks-and-Potholes-in-Road-Images-Dataset-master/Cracks-and-Potholes-in-Road-Images-Dataset-master/Dataset/1091945_DF_251_251BDF0490_01219/1091945_DF_251_251BDF0490_01219_RAW.jpg
919764_RS_290_290RS294095_32270,train,Crack,2526,0,371930,d:/current project/SIH PPts/roadsense_webapp/roadsense_webapp/Cracks-and-Potholes-in-Road-Images-Dataset-master/Cracks-and-Potholes-in-Road-Images-Dataset-master/Dataset/919764_RS_290_290RS294095_32270/919764_RS_290_290RS294095_32270_RAW.jpg
917192_RS_290_290RS294095_19410,train,Crack,2815,0,365542,d:/current project/SIH PPts/roadsense_webapp/roadsense_webapp/Cracks-and-Potholes-in-Road-Images-Dataset-master/Cracks-and-Potholes-in-Road-Images-Dataset-master/Dataset/917192_RS_290_290RS294095_19410/917192_RS_290_290RS294095_19410_RAW.jpg
919541_RS_290_290RS294095_31155,val,Crack,4087,0,343567,d:/current project/SIH PPts/roadsense_webapp/roadsense_webapp/Cracks-and-Potholes-in-Road-Images-Dataset-master/Cracks-and-Potholes-in-Road-Images-Dataset-master/Dataset/919541_RS_290_290RS294095_31155/919541_RS_290_290RS294095_31155_RAW.jpg
1076695_DF_251_251BDF0530_03997,train,Normal,473,0,349023,d:/current project/SIH PPts/roadsense_webapp/roadsense_webapp/Cracks-and-Potholes-in-Road-Images-Dataset-master/Cracks-and-Potholes-in-Road-Images-Dataset-master/Dataset/1076695_DF_251_251BDF0530_03997/1076695_DF_251_251BDF0530_03997_RAW.jpg
1093019_DF_251_251BDF0052_00978,train,Crack,21080,0,355499,d:/current project/SIH PPts/roadsense_webapp/roadsense_webapp/Cracks-and-Potholes-in-Road-Images-Dataset-master/Cracks-and-Potholes-in-Road-Images-Dataset-master/Dataset/1093019_DF_251_251BDF0052_00978/1093019_DF_251_251BDF0052_00978_RAW.jpg
1093728_DF_251_251BDF0052_02259,train,Pothole,1171,2095,355179,d:/current project/SIH PPts/roadsense_webapp/roadsense_webapp/Cracks-and-Potholes-in-Road-Images-Dataset-master/Cracks-and-Potholes-in-Road-Images-Dataset-master/Dataset/1093728_DF_251_251BDF0052_02259/1093728_DF_251_251BDF0052_02259_RAW.jpg
1081597_DF_080_080BDF0070_00493,train,Crack,4553,0,349564,d:/current project/SIH PPts/roadsense_webapp/roadsense_webapp/Cracks-and-Potholes-in-Road-Images-Dataset-master/Cracks-and-Potholes-in-Road-Images-Dataset-master/Dataset/1081597_DF_080_080BDF0070_00493/1081597_DF_080_080BDF0070_00493_RAW.jpg
1053953_DF_020_020BDF0070_06192,train,Pothole,0,817,353789,d:/current project/SIH PPts/roadsense_webapp/roadsense_webapp/Cracks-and-Potholes-in-Road-Images-Dataset-master/Cracks-and-Potholes-in-Road-Images-Dataset-master/Dataset/1053953_DF_020_020BDF0070_06192/1053953_DF_020_020BDF0070_06192_RAW.jpg
1014639_RS_386_386RS124739_30121,train,Pothole,14738,2175,373851,d:/current project/SIH PPts/roadsense_webapp/roadsense_webapp/Cracks-and-Potholes-in-Road-Images-Dataset-master/Cracks-and-Potholes-in-Road-Images-Dataset-master/Dataset/1014639_RS_386_386RS124739_30121/1014639_RS_386_386RS124739_30121_RAW.jpg
1091729_DF_251_251BDF0490_00809,train,Normal,717,0,354180,d:/current project/SIH PPts/roadsense_webapp/roadsense_webapp/Cracks-and-Potholes-in-Road-Images-Dataset-master/Cracks-and-Potholes-in-Road-Images-Dataset-master/Dataset/1091729_DF_251_251BDF0490_00809/1091729_DF_251_251BDF0490_00809_RAW.jpg
917380_RS_290_290RS294095_20350,val,Crack,5074,0,353091,d:/current project/SIH PPts/roadsense_webapp/roadsense_webapp/Cracks-and-Potholes-in-Road-Images-Dataset-master/Cracks-and-Potholes-in-Road-Images-Dataset-master/Dataset/917380_RS_290_290RS294095_20350/917380_RS_290_290RS294095_20350_RAW.jpg
917820_RS_290_290RS294095_22550,train,Crack,7248,0,378097,d:/current project/SIH PPts/roadsense_webapp/roadsense_webapp/Cracks-and-Potholes-in-Road-Images-Dataset-master/Cracks-and-Potholes-in-Road-Images-Dataset-master/Dataset/917820_RS_290_290RS294095_22550/917820_RS_290_290RS294095_22550_RAW.jpg
1014899_RS_386_386RS124739_31420,val,Crack,14102,0,366608,d:/current project/SIH PPts/roadsense_webapp/roadsense_webapp/Cracks-and-Potholes-in-Road-Images-Dataset-master/Cracks-and-Potholes-in-Road-Images-Dataset-master/Dataset/1014899_RS_386_386RS124739_31420/1014899_RS_386_386RS124739_31420_RAW.jpg
1081740_DF_080_080BDF0070_00753,val,Crack,11199,0,355364,d:/current project/SIH PPts/roadsense_webapp/roadsense_webapp/Cracks-and-Potholes-in-Road-Images-Dataset-master/Cracks-and-Potholes-in-Road-Images-Dataset-master/Dataset/1081740_DF_080_080BDF0070_00753/1081740_DF_080_080BDF0070_00753_RAW.jpg
917320_RS_290_290RS294095_20050,val,Crack,4415,0,348195,d:/current project/SIH PPts/roadsense_webapp/roadsense_webapp/Cracks-and-Potholes-in-Road-Images-Dataset-master/Cracks-and-Potholes-in-Road-Images-Dataset-master/Dataset/917320_RS_290_290RS294095_20050/917320_RS_290_290RS294095_20050_RAW.jpg
917312_RS_290_290RS294095_20010,train,Pothole,1460,4312,354613,d:/current project/SIH PPts/roadsense_webapp/roadsense_webapp/Cracks-and-Potholes-in-Road-Images-Dataset-master/Cracks-and-Potholes-in-Road-Images-Dataset-master/Dataset/917312_RS_290_290RS294095_20010/917312_RS_290_290RS294095_20010_RAW.jpg
1083787_DF_080_080BDF0090_00359,train,Crack,4599,0,334908,d:/current project/SIH PPts/roadsense_webapp/roadsense_webapp/Cracks-and-Potholes-in-Road-Images-Dataset-master/Cracks-and-Potholes-in-Road-Images-Dataset-master/Dataset/1083787_DF_080_080BDF0090_00359/1083787_DF_080_080BDF0090_00359_RAW.jpg
1014844_RS_386_386RS124739_31145,train,Pothole,16304,1338,377229,d:/current project/SIH PPts/roadsense_webapp/roadsense_webapp/Cracks-and-Potholes-in-Road-Images-Dataset-master/Cracks-and-Potholes-in-Road-Images-Dataset-master/Dataset/1014844_RS_386_386RS124739_31145/1014844_RS_386_386RS124739_31145_RAW.jpg
1054891_DF_020_020BDF0070_07935,train,Crack,3663,0,363839,d:/current project/SIH PPts/roadsense_webapp/roadsense_webapp/Cracks-and-Potholes-in-Road-Images-Dataset-master/Cracks-and-Potholes-in-Road-Images-Dataset-master/Dataset/1054891_DF_020_020BDF0070_07935/1054891_DF_020_020BDF0070_07935_RAW.jpg
919791_RS_290_290RS294095_32405,train,Crack,11949,0,352970,d:/current project/SIH PPts/roadsense_webapp/roadsense_webapp/Cracks-and-Potholes-in-Road-Images-Dataset-master/Cracks-and-Potholes-in-Road-Images-Dataset-master/Dataset/919791_RS_290_290RS294095_32405/919791_RS_290_290RS294095_32405_RAW.jpg
1067848_DF_010_010BDF0018_03834,train,Pothole,0,654,381580,d:/current project/SIH PPts/roadsense_webapp/roadsense_webapp/Cracks-and-Potholes-in-Road-Images-Dataset-master/Cracks-and-Potholes-in-Road-Images-Dataset-master/Dataset/1067848_DF_010_010BDF0018_03834/1067848_DF_010_010BDF0018_03834_RAW.jpg
1081524_DF_080_080BDF0070_00362,train,Crack,3956,0,325611,d:/current project/SIH PPts/roadsense_webapp/roadsense_webapp/Cracks-and-Potholes-in-Road-Images-Dataset-master/Cracks-and-Potholes-in-Road-Images-Dataset-master/Dataset/1081524_DF_080_080BDF0070_00362/1081524_DF_080_080BDF0070_00362_RAW.jpg
1025891_RS_386_386RS169832_09195,val,Crack,7797,0,390373,d:/current project/SIH PPts/roadsense_webapp/roadsense_webapp/Cracks-and-Potholes-in-Road-Images-Dataset-master/Cracks-and-Potholes-in-Road-Images-Dataset-master/Dataset/1025891_RS_386_386RS169832_09195/1025891_RS_386_386RS169832_09195_RAW.jpg
917209_RS_290_290RS294095_19495,train,Crack,9190,0,368664,d:/current project/SIH PPts/roadsense_webapp/roadsense_webapp/Cracks-and-Potholes-in-Road-Images-Dataset-master/Cracks-and-Potholes-in-Road-Images-Dataset-master/Dataset/917209_RS_290_290RS294095_19495/917209_RS_290_290RS294095_19495_RAW.jpg
1014583_RS_386_386RS124739_29840,val,Crack,3802,0,392859,d:/current project/SIH PPts/roadsense_webapp/roadsense_webapp/Cracks-and-Potholes-in-Road-Images-Dataset-master/Cracks-and-Potholes-in-Road-Images-Dataset-master/Dataset/1014583_RS_386_386RS124739_29840/1014583_RS_386_386RS124739_29840_RAW.jpg
1014801_RS_386_386RS124739_30930,val,Pothole,5439,3155,386041,d:/current project/SIH PPts/roadsense_webapp/roadsense_webapp/Cracks-and-Potholes-in-Road-Images-Dataset-master/Cracks-and-Potholes-in-Road-Images-Dataset-master/Dataset/1014801_RS_386_386RS124739_30930/1014801_RS_386_386RS124739_30930_RAW.jpg
1077242_DF_251_251BDF0530_05018,val,Crack,1793,0,351367,d:/current project/SIH PPts/roadsense_webapp/roadsense_webapp/Cracks-and-Potholes-in-Road-Images-Dataset-master/Cracks-and-Potholes-in-Road-Images-Dataset-master/Dataset/1077242_DF_251_251BDF0530_05018/1077242_DF_251_251BDF0530_05018_RAW.jpg
1014585_RS_386_386RS124739_29850,train,Pothole,3437,763,403786,d:/current project/SIH PPts/roadsense_webapp/roadsense_webapp/Cracks-and-Potholes-in-Road-Images-Dataset-master/Cracks-and-Potholes-in-Road-Images-Dataset-master/Dataset/1014585_RS_386_386RS124739_29850/1014585_RS_386_386RS124739_29850_RAW.jpg
1096867_DF_070_070BDF0010_03482,train,Crack,3742,0,364404,d:/current project/SIH PPts/roadsense_webapp/roadsense_webapp/Cracks-and-Potholes-in-Road-Images-Dataset-master/Cracks-and-Potholes-in-Road-Images-Dataset-master/Dataset/1096867_DF_070_070BDF0010_03482/1096867_DF_070_070BDF0010_03482_RAW.jpg
1014760_RS_386_386RS124739_30725,train,Normal,480,0,383930,d:/current project/SIH PPts/roadsense_webapp/roadsense_webapp/Cracks-and-Potholes-in-Road-Images-Dataset-master/Cracks-and-Potholes-in-Road-Images-Dataset-master/Dataset/1014760_RS_386_386RS124739_30725/1014760_RS_386_386RS124739_30725_RAW.jpg
1014802_RS_386_386RS124739_30935,val,Pothole,11022,1487,390639,d:/current project/SIH PPts/roadsense_webapp/roadsense_webapp/Cracks-and-Potholes-in-Road-Images-Dataset-master/Cracks-and-Potholes-in-Road-Images-Dataset-master/Dataset/1014802_RS_386_386RS124739_30935/1014802_RS_386_386RS124739_30935_RAW.jpg
917469_RS_290_290RS294095_20795,train,Normal,1447,0,349903,d:/current project/SIH PPts/roadsense_webapp/roadsense_webapp/Cracks-and-Potholes-in-Road-Images-Dataset-master/Cracks-and-Potholes-in-Road-Images-Dataset-master/Dataset/917469_RS_290_290RS294095_20795/917469_RS_290_290RS294095_20795_RAW.jpg
994579_RS_386_386RS191729_09660,val,Crack,7597,0,359650,d:/current project/SIH PPts/roadsense_webapp/roadsense_webapp/Cracks-and-Potholes-in-Road-Images-Dataset-master/Cracks-and-Potholes-in-Road-Images-Dataset-master/Dataset/994579_RS_386_386RS191729_09660/994579_RS_386_386RS191729_09660_RAW.jpg
1096017_DF_070_070BDF0010_01952,train,Pothole,2075,7716,388198,d:/current project/SIH PPts/roadsense_webapp/roadsense_webapp/Cracks-and-Potholes-in-Road-Images-Dataset-master/Cracks-and-Potholes-in-Road-Images-Dataset-master/Dataset/1096017_DF_070_070BDF0010_01952/1096017_DF_070_070BDF0010_01952_RAW.jpg
915945_RS_290_290RS294095_13175,val,Crack,3978,0,369277,d:/current project/SIH PPts/roadsense_webapp/roadsense_webapp/Cracks-and-Potholes-in-Road-Images-Dataset-master/Cracks-and-Potholes-in-Road-Images-Dataset-master/Dataset/915945_RS_290_290RS294095_13175/915945_RS_290_290RS294095_13175_RAW.jpg
1014880_RS_386_386RS124739_31325,train,Crack,15416,0,388517,d:/current project/SIH PPts/roadsense_webapp/roadsense_webapp/Cracks-and-Potholes-in-Road-Images-Dataset-master/Cracks-and-Potholes-in-Road-Images-Dataset-master/Dataset/1014880_RS_386_386RS124739_31325/1014880_RS_386_386RS124739_31325_RAW.jpg
1025873_RS_386_386RS169832_09105,train,Crack,13642,0,400546,d:/current project/SIH PPts/roadsense_webapp/roadsense_webapp/Cracks-and-Potholes-in-Road-Images-Dataset-master/Cracks-and-Potholes-in-Road-Images-Dataset-master/Dataset/1025873_RS_386_386RS169832_09105/1025873_RS_386_386RS169832_09105_RAW.jpg
916335_RS_290_290RS294095_15126,train,Pothole,0,773,361786,d:/current project/SIH PPts/roadsense_webapp/roadsense_webapp/Cracks-and-Potholes-in-Road-Images-Dataset-master/Cracks-and-Potholes-in-Road-Images-Dataset-master/Dataset/916335_RS_290_290RS294095_15126/916335_RS_290_290RS294095_15126_RAW.jpg
1047314_DF_060_060BDF0030_03296,train,Pothole,0,11987,382236,d:/current project/SIH PPts/roadsense_webapp/roadsense_webapp/Cracks-and-Potholes-in-Road-Images-Dataset-master/Cracks-and-Potholes-in-Road-Images-Dataset-master/Dataset/1047314_DF_060_060BDF0030_03296/1047314_DF_060_060BDF0030_03296_RAW.jpg
883074_RS_290_290RS150131_16100,train,Pothole,0,25572,349317,d:/current project/SIH PPts/roadsense_webapp/roadsense_webapp/Cracks-and-Potholes-in-Road-Images-Dataset-master/Cracks-and-Potholes-in-Road-Images-Dataset-master/Dataset/883074_RS_290_290RS150131_16100/883074_RS_290_290RS150131_16100_RAW.jpg
1061102_DF_251_251BDF0525_00657,train,Pothole,0,5871,391466,d:/current project/SIH PPts/roadsense_webapp/roadsense_webapp/Cracks-and-Potholes-in-Road-Images-Dataset-master/Cracks-and-Potholes-in-Road-Images-Dataset-master/Dataset/1061102_DF_251_251BDF0525_00657/1061102_DF_251_251BDF0525_00657_RAW.jpg
1026108_RS_386_386RS169832_10280,val,Pothole,80,363,386898,d:/current project/SIH PPts/roadsense_webapp/roadsense_webapp/Cracks-and-Potholes-in-Road-Images-Dataset-master/Cracks-and-Potholes-in-Road-Images-Dataset-master/Dataset/1026108_RS_386_386RS169832_10280/1026108_RS_386_386RS169832_10280_RAW.jpg
1092546_DF_251_251BDF0052_00153,train,Crack,6795,0,356571,d:/current project/SIH PPts/roadsense_webapp/roadsense_webapp/Cracks-and-Potholes-in-Road-Images-Dataset-master/Cracks-and-Potholes-in-Road-Images-Dataset-master/Dataset/1092546_DF_251_251BDF0052_00153/1092546_DF_251_251BDF0052_00153_RAW.jpg
916024_RS_290_290RS294095_13570,train,Crack,4780,0,363838,d:/current project/SIH PPts/roadsense_webapp/roadsense_webapp/Cracks-and-Potholes-in-Road-Images-Dataset-master/Cracks-and-Potholes-in-Road-Images-Dataset-master/Dataset/916024_RS_290_290RS294095_13570/916024_RS_290_290RS294095_13570_RAW.jpg
1014678_RS_386_386RS124739_30315,train,Crack,16755,0,382459,d:/current project/SIH PPts/roadsense_webapp/roadsense_webapp/Cracks-and-Potholes-in-Road-Images-Dataset-master/Cracks-and-Potholes-in-Road-Images-Dataset-master/Dataset/1014678_RS_386_386RS124739_30315/1014678_RS_386_386RS124739_30315_RAW.jpg
1007607_RS_386_386RS289112_28960,val,Crack,1668,0,367471,d:/current project/SIH PPts/roadsense_webapp/roadsense_webapp/Cracks-and-Potholes-in-Road-Images-Dataset-master/Cracks-and-Potholes-in-Road-Images-Dataset-master/Dataset/1007607_RS_386_386RS289112_28960/1007607_RS_386_386RS289112_28960_RAW.jpg
1092860_DF_251_251BDF0052_00697,val,Crack,6697,0,358917,d:/current project/SIH PPts/roadsense_webapp/roadsense_webapp/Cracks-and-Potholes-in-Road-Images-Dataset-master/Cracks-and-Potholes-in-Road-Images-Dataset-master/Dataset/1092860_DF_251_251BDF0052_00697/1092860_DF_251_251BDF0052_00697_RAW.jpg
883131_RS_290_290RS150131_16385,train,Pothole,0,17343,356111,d:/current project/SIH PPts/roadsense_webapp/roadsense_webapp/Cracks-and-Potholes-in-Road-Images-Dataset-master/Cracks-and-Potholes-in-Road-Images-Dataset-master/Dataset/883131_RS_290_290RS150131_16385/883131_RS_290_290RS150131_16385_RAW.jpg
1082211_DF_080_080BDF0070_01699,train,Crack,19776,0,383717,d:/current project/SIH PPts/roadsense_webapp/roadsense_webapp/Cracks-and-Potholes-in-Road-Images-Dataset-master/Cracks-and-Potholes-in-Road-Images-Dataset-master/Dataset/1082211_DF_080_080BDF0070_01699/1082211_DF_080_080BDF0070_01699_RAW.jpg
917232_RS_290_290RS294095_19613,train,Crack,11812,0,359156,d:/current project/SIH PPts/roadsense_webapp/roadsense_webapp/Cracks-and-Potholes-in-Road-Images-Dataset-master/Cracks-and-Potholes-in-Road-Images-Dataset-master/Dataset/917232_RS_290_290RS294095_19613/917232_RS_290_290RS294095_19613_RAW.jpg
919253_RS_290_290RS294095_29715,train,Pothole,5602,1989,351846,d:/current project/SIH PPts/roadsense_webapp/roadsense_webapp/Cracks-and-Potholes-in-Road-Images-Dataset-master/Cracks-and-Potholes-in-Road-Images-Dataset-master/Dataset/919253_RS_290_290RS294095_29715/919253_RS_290_290RS294095_29715_RAW.jpg
994091_RS_386_386RS191729_07220,train,Crack,14923,0,365657,d:/current project/SIH PPts/roadsense_webapp/roadsense_webapp/Cracks-and-Potholes-in-Road-Images-Dataset-master/Cracks-and-Potholes-in-Road-Images-Dataset-master/Dataset/994091_RS_386_386RS191729_07220/994091_RS_386_386RS191729_07220_RAW.jpg
1014703_RS_386_386RS124739_30440,train,Crack,8540,0,384180,d:/current project/SIH PPts/roadsense_webapp/roadsense_webapp/Cracks-and-Potholes-in-Road-Images-Dataset-master/Cracks-and-Potholes-in-Road-Images-Dataset-master/Dataset/1014703_RS_386_386RS124739_30440/1014703_RS_386_386RS124739_30440_RAW.jpg
1051791_DF_020_020BDF0070_01726,train,Pothole,0,1328,386065,d:/current project/SIH PPts/roadsense_webapp/roadsense_webapp/Cracks-and-Potholes-in-Road-Images-Dataset-master/Cracks-and-Potholes-in-Road-Images-Dataset-master/Dataset/1051791_DF_020_020BDF0070_01726/1051791_DF_020_020BDF0070_01726_RAW.jpg
994102_RS_386_386RS191729_07275,train,Crack,18993,0,358208,d:/current project/SIH PPts/roadsense_webapp/roadsense_webapp/Cracks-and-Potholes-in-Road-Images-Dataset-master/Cracks-and-Potholes-in-Road-Images-Dataset-master/Dataset/994102_RS_386_386RS191729_07275/994102_RS_386_386RS191729_07275_RAW.jpg
1056900_DF_010_010BDF0010_01826,val,Pothole,0,1142,368011,d:/current project/SIH PPts/roadsense_webapp/roadsense_webapp/Cracks-and-Potholes-in-Road-Images-Dataset-master/Cracks-and-Potholes-in-Road-Images-Dataset-master/Dataset/1056900_DF_010_010BDF0010_01826/1056900_DF_010_010BDF0010_01826_RAW.jpg
916950_RS_290_290RS294095_18200,train,Pothole,1277,3689,337353,d:/current project/SIH PPts/roadsense_webapp/roadsense_webapp/Cracks-and-Potholes-in-Road-Images-Dataset-master/Cracks-and-Potholes-in-Road-Images-Dataset-master/Dataset/916950_RS_290_290RS294095_18200/916950_RS_290_290RS294095_18200_RAW.jpg
994145_RS_386_386RS191729_07491,train,Pothole,437,2172,364506,d:/current project/SIH PPts/roadsense_webapp/roadsense_webapp/Cracks-and-Potholes-in-Road-Images-Dataset-master/Cracks-and-Potholes-in-Road-Images-Dataset-master/Dataset/994145_RS_386_386RS191729_07491/994145_RS_386_386RS191729_07491_RAW.jpg
917403_RS_290_290RS294095_20465,train,Crack,15089,0,343294,d:/current project/SIH PPts/roadsense_webapp/roadsense_webapp/Cracks-and-Potholes-in-Road-Images-Dataset-master/Cracks-and-Potholes-in-Road-Images-Dataset-master/Dataset/917403_RS_290_290RS294095_20465/917403_RS_290_290RS294095_20465_RAW.jpg
917228_RS_290_290RS294095_19590,train,Crack,8255,0,364790,d:/current project/SIH PPts/roadsense_webapp/roadsense_webapp/Cracks-and-Potholes-in-Road-Images-Dataset-master/Cracks-and-Potholes-in-Road-Images-Dataset-master/Dataset/917228_RS_290_290RS294095_19590/917228_RS_290_290RS294095_19590_RAW.jpg
941506_RS_290_290RS070691_00435,train,Pothole,0,1518,354865,d:/current project/SIH PPts/roadsense_webapp/roadsense_webapp/Cracks-and-Potholes-in-Road-Images-Dataset-master/Cracks-and-Potholes-in-Road-Images-Dataset-master/Dataset/941506_RS_290_290RS070691_00435/941506_RS_290_290RS070691_00435_RAW.jpg
917400_RS_290_290RS294095_20451,train,Crack,21507,0,348357,d:/current project/SIH PPts/roadsense_webapp/roadsense_webapp/Cracks-and-Potholes-in-Road-Images-Dataset-master/Cracks-and-Potholes-in-Road-Images-Dataset-master/Dataset/917400_RS_290_290RS294095_20451/917400_RS_290_290RS294095_20451_RAW.jpg
1014672_RS_386_386RS124739_30285,train,Normal,390,0,383421,d:/current project/SIH PPts/roadsense_webapp/roadsense_webapp/Cracks-and-Potholes-in-Road-Images-Dataset-master/Cracks-and-Potholes-in-Road-Images-Dataset-master/Dataset/1014672_RS_386_386RS124739_30285/1014672_RS_386_386RS124739_30285_RAW.jpg
765229_ES_259_259ES000000_00245,train,Crack,7040,0,403394,d:/current project/SIH PPts/roadsense_webapp/roadsense_webapp/Cracks-and-Potholes-in-Road-Images-Dataset-master/Cracks-and-Potholes-in-Road-Images-Dataset-master/Dataset/765229_ES_259_259ES000000_00245/765229_ES_259_259ES000000_00245_RAW.jpg
994096_RS_386_386RS191729_07245,val,Crack,8711,0,364790,d:/current project/SIH PPts/roadsense_webapp/roadsense_webapp/Cracks-and-Potholes-in-Road-Images-Dataset-master/Cracks-and-Potholes-in-Road-Images-Dataset-master/Dataset/994096_RS_386_386RS191729_07245/994096_RS_386_386RS191729_07245_RAW.jpg
917905_RS_290_290RS294095_22975,val,Crack,4118,0,368140,d:/current project/SIH PPts/roadsense_webapp/roadsense_webapp/Cracks-and-Potholes-in-Road-Images-Dataset-master/Cracks-and-Potholes-in-Road-Images-Dataset-master/Dataset/917905_RS_290_290RS294095_22975/917905_RS_290_290RS294095_22975_RAW.jpg
1092743_DF_251_251BDF0052_00494,train,Crack,11304,0,323339,d:/current project/SIH PPts/roadsense_webapp/roadsense_webapp/Cracks-and-Potholes-in-Road-Images-Dataset-master/Cracks-and-Potholes-in-Road-Images-Dataset-master/Dataset/1092743_DF_251_251BDF0052_00494/1092743_DF_251_251BDF0052_00494_RAW.jpg
994144_RS_386_386RS191729_07485,val,Pothole,301,1360,366345,d:/current project/SIH PPts/roadsense_webapp/roadsense_webapp/Cracks-and-Potholes-in-Road-Images-Dataset-master/Cracks-and-Potholes-in-Road-Images-Dataset-master/Dataset/994144_RS_386_386RS191729_07485/994144_RS_386_386RS191729_07485_RAW.jpg
1014895_RS_386_386RS124739_31400,train,Crack,16872,0,374576,d:/current project/SIH PPts/roadsense_webapp/roadsense_webapp/Cracks-and-Potholes-in-Road-Images-Dataset-master/Cracks-and-Potholes-in-Road-Images-Dataset-master/Dataset/1014895_RS_386_386RS124739_31400/1014895_RS_386_386RS124739_31400_RAW.jpg
1051768_DF_020_020BDF0070_01679,train,Pothole,0,3786,375965,d:/current project/SIH PPts/roadsense_webapp/roadsense_webapp/Cracks-and-Potholes-in-Road-Images-Dataset-master/Cracks-and-Potholes-in-Road-Images-Dataset-master/Dataset/1051768_DF_020_020BDF0070_01679/1051768_DF_020_020BDF0070_01679_RAW.jpg
917398_RS_290_290RS294095_20441,train,Crack,13010,0,349635,d:/current project/SIH PPts/roadsense_webapp/roadsense_webapp/Cracks-and-Potholes-in-Road-Images-Dataset-master/Cracks-and-Potholes-in-Road-Images-Dataset-master/Dataset/917398_RS_290_290RS294095_20441/917398_RS_290_290RS294095_20441_RAW.jpg
1014830_RS_386_386RS124739_31075,train,Crack,2498,0,381934,d:/current project/SIH PPts/roadsense_webapp/roadsense_webapp/Cracks-and-Potholes-in-Road-Images-Dataset-master/Cracks-and-Potholes-in-Road-Images-Dataset-master/Dataset/1014830_RS_386_386RS124739_31075/1014830_RS_386_386RS124739_31075_RAW.jpg
918127_RS_290_290RS294095_24085,val,Crack,2625,0,361371,d:/current project/SIH PPts/roadsense_webapp/roadsense_webapp/Cracks-and-Potholes-in-Road-Images-Dataset-master/Cracks-and-Potholes-in-Road-Images-Dataset-master/Dataset/918127_RS_290_290RS294095_24085/918127_RS_290_290RS294095_24085_RAW.jpg
916870_RS_290_290RS294095_17800,val,Crack,8572,0,365056,d:/current project/SIH PPts/roadsense_webapp/roadsense_webapp/Cracks-and-Potholes-in-Road-Images-Dataset-master/Cracks-and-Potholes-in-Road-Images-Dataset-master/Dataset/916870_RS_290_290RS294095_17800/916870_RS_290_290RS294095_17800_RAW.jpg
820315_ES_259_259ES000000_03060,train,Pothole,0,1761,436941,d:/current project/SIH PPts/roadsense_webapp/roadsense_webapp/Cracks-and-Potholes-in-Road-Images-Dataset-master/Cracks-and-Potholes-in-Road-Images-Dataset-master/Dataset/820315_ES_259_259ES000000_03060/820315_ES_259_259ES000000_03060_RAW.jpg
917129_RS_290_290RS294095_19096,train,Crack,4537,0,354663,d:/current project/SIH PPts/roadsense_webapp/roadsense_webapp/Cracks-and-Potholes-in-Road-Images-Dataset-master/Cracks-and-Potholes-in-Road-Images-Dataset-master/Dataset/917129_RS_290_290RS294095_19096/917129_RS_290_290RS294095_19096_RAW.jpg
1091633_DF_251_251BDF0490_00627,train,Normal,705,0,361500,d:/current project/SIH PPts/roadsense_webapp/roadsense_webapp/Cracks-and-Potholes-in-Road-Images-Dataset-master/Cracks-and-Potholes-in-Road-Images-Dataset-master/Dataset/1091633_DF_251_251BDF0490_00627/1091633_DF_251_251BDF0490_00627_RAW.jpg
1025765_RS_386_386RS169832_08565,val,Crack,8674,0,390448,d:/current project/SIH PPts/roadsense_webapp/roadsense_webapp/Cracks-and-Potholes-in-Road-Images-Dataset-master/Cracks-and-Potholes-in-Road-Images-Dataset-master/Dataset/1025765_RS_386_386RS169832_08565/1025765_RS_386_386RS169832_08565_RAW.jpg
1093004_DF_251_251BDF0052_00952,train,Crack,9556,0,364960,d:/current project/SIH PPts/roadsense_webapp/roadsense_webapp/Cracks-and-Potholes-in-Road-Images-Dataset-master/Cracks-and-Potholes-in-Road-Images-Dataset-master/Dataset/1093004_DF_251_251BDF0052_00952/1093004_DF_251_251BDF0052_00952_RAW.jpg
917200_RS_290_290RS294095_19450,val,Crack,6551,0,364823,d:/current project/SIH PPts/roadsense_webapp/roadsense_webapp/Cracks-and-Potholes-in-Road-Images-Dataset-master/Cracks-and-Potholes-in-Road-Images-Dataset-master/Dataset/917200_RS_290_290RS294095_19450/917200_RS_290_290RS294095_19450_RAW.jpg
1014752_RS_386_386RS124739_30685,val,Crack,11491,0,387534,d:/current project/SIH PPts/roadsense_webapp/roadsense_webapp/Cracks-and-Potholes-in-Road-Images-Dataset-master/Cracks-and-Potholes-in-Road-Images-Dataset-master/Dataset/1014752_RS_386_386RS124739_30685/1014752_RS_386_386RS124739_30685_RAW.jpg
1093490_DF_251_251BDF0052_01857,val,Crack,3370,0,338420,d:/current project/SIH PPts/roadsense_webapp/roadsense_webapp/Cracks-and-Potholes-in-Road-Images-Dataset-master/Cracks-and-Potholes-in-Road-Images-Dataset-master/Dataset/1093490_DF_251_251BDF0052_01857/1093490_DF_251_251BDF0052_01857_RAW.jpg
1081472_DF_080_080BDF0070_00264,val,Crack,3215,0,350628,d:/current project/SIH PPts/roadsense_webapp/roadsense_webapp/Cracks-and-Potholes-in-Road-Images-Dataset-master/Cracks-and-Potholes-in-Road-Images-Dataset-master/Dataset/1081472_DF_080_080BDF0070_00264/1081472_DF_080_080BDF0070_00264_RAW.jpg
1014902_RS_386_386RS124739_31436,train,Crack,5439,0,372860,d:/current project/SIH PPts/roadsense_webapp/roadsense_webapp/Cracks-and-Potholes-in-Road-Images-Dataset-master/Cracks-and-Potholes-in-Road-Images-Dataset-master/Dataset/1014902_RS_386_386RS124739_31436/1014902_RS_386_386RS124739_31436_RAW.jpg
1092888_DF_251_251BDF0052_00746,train,Crack,6007,0,360169,d:/current project/SIH PPts/roadsense_webapp/roadsense_webapp/Cracks-and-Potholes-in-Road-Images-Dataset-master/Cracks-and-Potholes-in-Road-Images-Dataset-master/Dataset/1092888_DF_251_251BDF0052_00746/1092888_DF_251_251BDF0052_00746_RAW.jpg
941602_RS_290_290RS070691_00915,val,Pothole,0,22780,370594,d:/current project/SIH PPts/roadsense_webapp/roadsense_webapp/Cracks-and-Potholes-in-Road-Images-Dataset-master/Cracks-and-Potholes-in-Road-Images-Dataset-master/Dataset/941602_RS_290_290RS070691_00915/941602_RS_290_290RS070691_00915_RAW.jpg
992851_RS_386_386RS191729_01020,train,Pothole,4305,13264,365622,d:/current project/SIH PPts/roadsense_webapp/roadsense_webapp/Cracks-and-Potholes-in-Road-Images-Dataset-master/Cracks-and-Potholes-in-Road-Images-Dataset-master/Dataset/992851_RS_386_386RS191729_01020/992851_RS_386_386RS191729_01020_RAW.jpg
1092947_DF_251_251BDF0052_00849,train,Crack,4682,0,346976,d:/current project/SIH PPts/roadsense_webapp/roadsense_webapp/Cracks-and-Potholes-in-Road-Images-Dataset-master/Cracks-and-Potholes-in-Road-Images-Dataset-master/Dataset/1092947_DF_251_251BDF0052_00849/1092947_DF_251_251BDF0052_00849_RAW.jpg
919182_RS_290_290RS294095_29360,train,Crack,2933,0,358629,d:/current project/SIH PPts/roadsense_webapp/roadsense_webapp/Cracks-and-Potholes-in-Road-Images-Dataset-master/Cracks-and-Potholes-in-Road-Images-Dataset-master/Dataset/919182_RS_290_290RS294095_29360/919182_RS_290_290RS294095_29360_RAW.jpg
883233_RS_290_290RS150131_16895,train,Pothole,0,32173,354021,d:/current project/SIH PPts/roadsense_webapp/roadsense_webapp/Cracks-and-Potholes-in-Road-Images-Dataset-master/Cracks-and-Potholes-in-Road-Images-Dataset-master/Dataset/883233_RS_290_290RS150131_16895/883233_RS_290_290RS150131_16895_RAW.jpg
941641_RS_290_290RS070691_01111,train,Pothole,0,6893,349325,d:/current project/SIH PPts/roadsense_webapp/roadsense_webapp/Cracks-and-Potholes-in-Road-Images-Dataset-master/Cracks-and-Potholes-in-Road-Images-Dataset-master/Dataset/941641_RS_290_290RS070691_01111/941641_RS_290_290RS070691_01111_RAW.jpg
1091959_DF_251_251BDF0490_01244,train,Crack,5961,0,369432,d:/current project/SIH PPts/roadsense_webapp/roadsense_webapp/Cracks-and-Potholes-in-Road-Images-Dataset-master/Cracks-and-Potholes-in-Road-Images-Dataset-master/Dataset/1091959_DF_251_251BDF0490_01244/1091959_DF_251_251BDF0490_01244_RAW.jpg
1091695_DF_251_251BDF0490_00744,train,Crack,5720,0,367670,d:/current project/SIH PPts/roadsense_webapp/roadsense_webapp/Cracks-and-Potholes-in-Road-Images-Dataset-master/Cracks-and-Potholes-in-Road-Images-Dataset-master/Dataset/1091695_DF_251_251BDF0490_00744/1091695_DF_251_251BDF0490_00744_RAW.jpg
919243_RS_290_290RS294095_29665,train,Crack,10277,0,357722,d:/current project/SIH PPts/roadsense_webapp/roadsense_webapp/Cracks-and-Potholes-in-Road-Images-Dataset-master/Cracks-and-Potholes-in-Road-Images-Dataset-master/Dataset/919243_RS_290_290RS294095_29665/919243_RS_290_290RS294095_29665_RAW.jpg
917325_RS_290_290RS294095_20075,train,Crack,7633,0,358733,d:/current project/SIH PPts/roadsense_webapp/roadsense_webapp/Cracks-and-Potholes-in-Road-Images-Dataset-master/Cracks-and-Potholes-in-Road-Images-Dataset-master/Dataset/917325_RS_290_290RS294095_20075/917325_RS_290_290RS294095_20075_RAW.jpg
1096059_DF_070_070BDF0010_02026,train,Crack,1979,0,407920,d:/current project/SIH PPts/roadsense_webapp/roadsense_webapp/Cracks-and-Potholes-in-Road-Images-Dataset-master/Cracks-and-Potholes-in-Road-Images-Dataset-master/Dataset/1096059_DF_070_070BDF0010_02026/1096059_DF_070_070BDF0010_02026_RAW.jpg
919149_RS_290_290RS294095_29196,val,Crack,6921,0,361708,d:/current project/SIH PPts/roadsense_webapp/roadsense_webapp/Cracks-and-Potholes-in-Road-Images-Dataset-master/Cracks-and-Potholes-in-Road-Images-Dataset-master/Dataset/919149_RS_290_290RS294095_29196/919149_RS_290_290RS294095_29196_RAW.jpg
1092852_DF_251_251BDF0052_00683,train,Crack,8032,0,365181,d:/current project/SIH PPts/roadsense_webapp/roadsense_webapp/Cracks-and-Potholes-in-Road-Images-Dataset-master/Cracks-and-Potholes-in-Road-Images-Dataset-master/Dataset/1092852_DF_251_251BDF0052_00683/1092852_DF_251_251BDF0052_00683_RAW.jpg
1014660_RS_386_386RS124739_30225,train,Crack,2091,0,388375,d:/current project/SIH PPts/roadsense_webapp/roadsense_webapp/Cracks-and-Potholes-in-Road-Images-Dataset-master/Cracks-and-Potholes-in-Road-Images-Dataset-master/Dataset/1014660_RS_386_386RS124739_30225/1014660_RS_386_386RS124739_30225_RAW.jpg
1084354_DF_080_080BDF0090_01515,val,Crack,12673,0,318265,d:/current project/SIH PPts/roadsense_webapp/roadsense_webapp/Cracks-and-Potholes-in-Road-Images-Dataset-master/Cracks-and-Potholes-in-Road-Images-Dataset-master/Dataset/1084354_DF_080_080BDF0090_01515/1084354_DF_080_080BDF0090_01515_RAW.jpg
1092936_DF_251_251BDF0052_00831,train,Crack,2570,0,358678,d:/current project/SIH PPts/roadsense_webapp/roadsense_webapp/Cracks-and-Potholes-in-Road-Images-Dataset-master/Cracks-and-Potholes-in-Road-Images-Dataset-master/Dataset/1092936_DF_251_251BDF0052_00831/1092936_DF_251_251BDF0052_00831_RAW.jpg
919807_RS_290_290RS294095_32486,val,Pothole,4918,2749,355862,d:/current project/SIH PPts/roadsense_webapp/roadsense_webapp/Cracks-and-Potholes-in-Road-Images-Dataset-master/Cracks-and-Potholes-in-Road-Images-Dataset-master/Dataset/919807_RS_290_290RS294095_32486/919807_RS_290_290RS294095_32486_RAW.jpg
1075897_DF_251_251BDF0530_02503,train,Crack,8877,0,363562,d:/current project/SIH PPts/roadsense_webapp/roadsense_webapp/Cracks-and-Potholes-in-Road-Images-Dataset-master/Cracks-and-Potholes-in-Road-Images-Dataset-master/Dataset/1075897_DF_251_251BDF0530_02503/1075897_DF_251_251BDF0530_02503_RAW.jpg
919768_RS_290_290RS294095_32290,val,Crack,5051,0,369618,d:/current project/SIH PPts/roadsense_webapp/roadsense_webapp/Cracks-and-Potholes-in-Road-Images-Dataset-master/Cracks-and-Potholes-in-Road-Images-Dataset-master/Dataset/919768_RS_290_290RS294095_32290/919768_RS_290_290RS294095_32290_RAW.jpg
883254_RS_290_290RS150131_17000,train,Pothole,0,62650,342995,d:/current project/SIH PPts/roadsense_webapp/roadsense_webapp/Cracks-and-Potholes-in-Road-Images-Dataset-master/Cracks-and-Potholes-in-Road-Images-Dataset-master/Dataset/883254_RS_290_290RS150131_17000/883254_RS_290_290RS150131_17000_RAW.jpg
917249_RS_290_290RS294095_19695,train,Crack,24945,0,360787,d:/current project/SIH PPts/roadsense_webapp/roadsense_webapp/Cracks-and-Potholes-in-Road-Images-Dataset-master/Cracks-and-Potholes-in-Road-Images-Dataset-master/Dataset/917249_RS_290_290RS294095_19695/917249_RS_290_290RS294095_19695_RAW.jpg
916892_RS_290_290RS294095_17910,train,Pothole,2415,3389,361007,d:/current project/SIH PPts/roadsense_webapp/roadsense_webapp/Cracks-and-Potholes-in-Road-Images-Dataset-master/Cracks-and-Potholes-in-Road-Images-Dataset-master/Dataset/916892_RS_290_290RS294095_17910/916892_RS_290_290RS294095_17910_RAW.jpg
916653_RS_290_290RS294095_16715,train,Pothole,5132,3139,347176,d:/current project/SIH PPts/roadsense_webapp/roadsense_webapp/Cracks-and-Potholes-in-Road-Images-Dataset-master/Cracks-and-Potholes-in-Road-Images-Dataset-master/Dataset/916653_RS_290_290RS294095_16715/916653_RS_290_290RS294095_16715_RAW.jpg
1081598_DF_080_080BDF0070_00496,train,Crack,3154,0,345452,d:/current project/SIH PPts/roadsense_webapp/roadsense_webapp/Cracks-and-Potholes-in-Road-Images-Dataset-master/Cracks-and-Potholes-in-Road-Images-Dataset-master/Dataset/1081598_DF_080_080BDF0070_00496/1081598_DF_080_080BDF0070_00496_RAW.jpg
1091829_DF_251_251BDF0490_00997,train,Crack,5132,0,367617,d:/current project/SIH PPts/roadsense_webapp/roadsense_webapp/Cracks-and-Potholes-in-Road-Images-Dataset-master/Cracks-and-Potholes-in-Road-Images-Dataset-master/Dataset/1091829_DF_251_251BDF0490_00997/1091829_DF_251_251BDF0490_00997_RAW.jpg
1092553_DF_251_251BDF0052_00166,train,Crack,3194,0,352131,d:/current project/SIH PPts/roadsense_webapp/roadsense_webapp/Cracks-and-Potholes-in-Road-Images-Dataset-master/Cracks-and-Potholes-in-Road-Images-Dataset-master/Dataset/1092553_DF_251_251BDF0052_00166/1092553_DF_251_251BDF0052_00166_RAW.jpg
941715_RS_290_290RS070691_01480,train,Pothole,0,1857,345557,d:/current project/SIH PPts/roadsense_webapp/roadsense_webapp/Cracks-and-Potholes-in-Road-Images-Dataset-master/Cracks-and-Potholes-in-Road-Images-Dataset-master/Dataset/941715_RS_290_290RS070691_01480/941715_RS_290_290RS070691_01480_RAW.jpg
917154_RS_290_290RS294095_19220,train,Crack,2831,0,372223,d:/current project/SIH PPts/roadsense_webapp/roadsense_webapp/Cracks-and-Potholes-in-Road-Images-Dataset-master/Cracks-and-Potholes-in-Road-Images-Dataset-master/Dataset/917154_RS_290_290RS294095_19220/917154_RS_290_290RS294095_19220_RAW.jpg
1081895_DF_080_080BDF0070_01039,val,Crack,24124,0,340477,d:/current project/SIH PPts/roadsense_webapp/roadsense_webapp/Cracks-and-Potholes-in-Road-Images-Dataset-master/Cracks-and-Potholes-in-Road-Images-Dataset-master/Dataset/1081895_DF_080_080BDF0070_01039/1081895_DF_080_080BDF0070_01039_RAW.jpg
1014627_RS_386_386RS124739_30061,val,Crack,6839,0,379551,d:/current project/SIH PPts/roadsense_webapp/roadsense_webapp/Cracks-and-Potholes-in-Road-Images-Dataset-master/Cracks-and-Potholes-in-Road-Images-Dataset-master/Dataset/1014627_RS_386_386RS124739_30061/1014627_RS_386_386RS124739_30061_RAW.jpg
941971_RS_290_290RS070691_02760,train,Pothole,0,2394,362859,d:/current project/SIH PPts/roadsense_webapp/roadsense_webapp/Cracks-and-Potholes-in-Road-Images-Dataset-master/Cracks-and-Potholes-in-Road-Images-Dataset-master/Dataset/941971_RS_290_290RS070691_02760/941971_RS_290_290RS070691_02760_RAW.jpg
765228_ES_259_259ES000000_00240,val,Normal,1221,0,402756,d:/current project/SIH PPts/roadsense_webapp/roadsense_webapp/Cracks-and-Potholes-in-Road-Images-Dataset-master/Cracks-and-Potholes-in-Road-Images-Dataset-master/Dataset/765228_ES_259_259ES000000_00240/765228_ES_259_259ES000000_00240_RAW.jpg
1092106_DF_251_251BDF0490_01513,train,Crack,6238,0,367179,d:/current project/SIH PPts/roadsense_webapp/roadsense_webapp/Cracks-and-Potholes-in-Road-Images-Dataset-master/Cracks-and-Potholes-in-Road-Images-Dataset-master/Dataset/1092106_DF_251_251BDF0490_01513/1092106_DF_251_251BDF0490_01513_RAW.jpg
1092064_DF_251_251BDF0490_01438,train,Crack,5473,0,368715,d:/current project/SIH PPts/roadsense_webapp/roadsense_webapp/Cracks-and-Potholes-in-Road-Images-Dataset-master/Cracks-and-Potholes-in-Road-Images-Dataset-master/Dataset/1092064_DF_251_251BDF0490_01438/1092064_DF_251_251BDF0490_01438_RAW.jpg
